2019-08-05T07:00:00Z,16.620000000,16.140000000,16.620000000,16.140000000,3413448
2019-08-06T07:00:00Z,16.520000000,16.230000000,16.520000000,16.190000000,4057449
2019-08-07T07:00:00Z,16.300000000,15.910000000,16.310000000,15.520000000,5314931
2019-08-08T07:00:00Z,16.010000000,16.920000000,17.140000000,15.900000000,4257001
2019-08-09T07:00:00Z,16.820000000,16.960000000,17.180000000,16.630000000,2465526
2019-08-12T07:00:00Z,16.800000000,16.830000000,16.850000000,16.700000000,2041358
2019-08-13T07:00:00Z,16.800000000,17.070000000,17.100000000,16.650000000,2604306
2019-08-14T07:00:00Z,16.880000000,16.270000000,16.880000000,16.270000000,2056514
2019-08-15T07:00:00Z,16.010000000,16.050000000,16.500000000,15.860000000,1935531
2019-08-16T07:00:00Z,16.240000000,15.960000000,16.240000000,15.960000000,2898681
2019-08-19T07:00:00Z,16.200000000,16.100000000,16.200000000,15.950000000,1783912
2019-08-20T07:00:00Z,16.050000000,16.050000000,16.230000000,16.000000000,2104473
2019-08-21T07:00:00Z,16.240000000,16.220000000,16.270000000,16.030000000,1721734
2019-08-22T07:00:00Z,16.210000000,16.070000000,16.610000000,16.060000000,2530860
2019-08-23T07:00:00Z,16.130000000,15.500000000,16.130000000,15.500000000,2638036
2019-08-26T07:00:00Z,15.760000000,16.110000000,16.110000000,15.650000000,2708004
2019-08-27T07:00:00Z,15.190000000,15.510000000,15.510000000,15.190000000,3890477
2019-08-28T07:00:00Z,15.550000000,15.550000000,15.550000000,15.550000000,1702824
2019-08-29T07:00:00Z,15.950000000,15.780000000,15.950000000,15.780000000,1674449
2019-08-30T07:00:00Z,15.830000000,15.830000000,15.830000000,15.830000000,1246532
2019-09-03T07:00:00Z,15.930000000,15.930000000,15.930000000,15.930000000,3684247
2019-09-04T07:00:00Z,15.800000000,15.800000000,15.800000000,15.800000000,1832258
2019-09-05T07:00:00Z,15.870000000,15.870000000,15.870000000,15.870000000,2387653
2019-09-06T07:00:00Z,15.990000000,16.620000000,16.620000000,15.990000000,3194841
2019-09-09T07:00:00Z,16.080000000,15.310000000,16.200000000,15.310000000,6482388
2019-09-10T07:00:00Z,15.230000000,15.310000000,15.310000000,15.230000000,3506377
2019-09-11T07:00:00Z,15.020000000,15.310000000,15.310000000,15.020000000,2192605
2019-09-12T07:00:00Z,15.360000000,15.770000000,15.770000000,15.360000000,2250761
2019-09-13T07:00:00Z,15.830000000,16.000000000,16.000000000,15.830000000,1916068
2019-09-16T07:00:00Z,15.680000000,15.760000000,15.760000000,15.680000000,1853766
2019-09-17T07:00:00Z,16.390000000,16.840000000,16.840000000,16.390000000,4518868
2019-09-18T07:00:00Z,16.700000000,16.900000000,16.900000000,16.700000000,3478234
2019-09-19T07:00:00Z,16.570000000,16.880000000,16.880000000,16.310000000,3729046
2019-09-20T07:00:00Z,16.880000000,17.040000000,17.110000000,16.880000000,3664975
2019-09-23T07:00:00Z,17.120000000,17.120000000,17.120000000,17.120000000,2564547
2019-09-24T07:00:00Z,17.590000000,17.050000000,18.000000000,16.970000000,5872707
2019-09-25T07:00:00Z,17.000000000,17.110000000,17.450000000,16.780000000,3321650
2019-09-26T07:00:00Z,17.140000000,17.000000000,17.280000000,16.750000000,1987983
2019-09-27T07:00:00Z,16.920000000,16.020000000,16.920000000,15.740000000,4679977
2019-09-30T07:00:00Z,16.080000000,15.800000000,16.080000000,15.620000000,2182065
2019-10-01T07:00:00Z,15.780000000,15.520000000,16.330000000,15.520000000,3224258
2019-10-02T07:00:00Z,15.370000000,14.800000000,15.400000000,14.760000000,3553487
2019-10-03T07:00:00Z,14.410000000,14.300000000,14.440000000,13.750000000,7494077
2019-10-04T07:00:00Z,14.370000000,14.520000000,15.110000000,14.370000000,4093114
2019-10-07T07:00:00Z,14.470000000,14.470000000,14.650000000,14.440000000,2295752
2019-10-08T07:00:00Z,14.240000000,14.150000000,14.240000000,14.100000000,2855541
2019-10-09T07:00:00Z,14.360000000,14.210000000,14.490000000,14.080000000,1746068
2019-10-10T07:00:00Z,14.210000000,14.080000000,14.300000000,14.080000000,1708214
2019-10-11T07:00:00Z,14.190000000,14.160000000,14.560000000,14.160000000,4550007
2019-10-14T07:00:00Z,14.190000000,13.760000000,14.190000000,13.690000000,2114034
2019-10-15T07:00:00Z,13.810000000,14.090000000,14.090000000,13.810000000,2239400
2019-10-16T07:00:00Z,14.110000000,13.720000000,14.110000000,13.670000000,2368225
2019-10-17T07:00:00Z,13.700000000,13.780000000,13.830000000,13.660000000,2608762
2019-10-18T07:00:00Z,14.450000000,13.520000000,14.470000000,13.520000000,4447739
2019-10-21T07:00:00Z,13.690000000,14.580000000,14.580000000,13.630000000,5154106
2019-10-22T07:00:00Z,14.680000000,14.000000000,15.000000000,13.950000000,12723321
2019-10-23T07:00:00Z,13.770000000,13.180000000,14.610000000,13.000000000,14700403
2019-10-24T07:00:00Z,13.200000000,13.520000000,13.580000000,12.760000000,6322794
2019-10-25T07:00:00Z,13.360000000,13.960000000,13.960000000,13.360000000,3071186
2019-10-28T07:00:00Z,13.860000000,14.680000000,14.680000000,13.850000000,3704938
2019-10-29T07:00:00Z,14.540000000,14.640000000,14.870000000,14.540000000,2194307
2019-10-30T07:00:00Z,14.660000000,14.860000000,14.860000000,14.660000000,1765190
2019-10-31T07:00:00Z,14.780000000,15.060000000,15.060000000,14.620000000,2157498
2019-11-01T07:00:00Z,15.310000000,15.180000000,15.310000000,15.010000000,1904834
2019-11-04T07:00:00Z,15.380000000,15.350000000,15.380000000,15.190000000,1938297
2019-11-05T07:00:00Z,15.470000000,14.830000000,15.470000000,14.830000000,1433283
2019-11-06T07:00:00Z,15.100000000,14.410000000,15.100000000,14.400000000,1835767
2019-11-07T07:00:00Z,14.220000000,14.160000000,14.500000000,14.160000000,1634680
2019-11-08T07:00:00Z,14.340000000,14.190000000,14.340000000,14.190000000,1890910
2019-11-11T07:00:00Z,14.310000000,14.390000000,14.390000000,13.970000000,1359374
2019-11-12T07:00:00Z,14.280000000,14.380000000,14.570000000,14.280000000,1311178
2019-11-13T07:00:00Z,14.570000000,14.470000000,14.570000000,14.470000000,801429
2019-11-14T07:00:00Z,14.370000000,14.370000000,14.370000000,14.370000000,1109483
2019-11-15T07:00:00Z,14.370000000,13.940000000,14.440000000,13.940000000,4831874
2019-11-18T07:00:00Z,14.410000000,14.690000000,14.690000000,14.280000000,3707002
2019-11-19T07:00:00Z,14.770000000,15.160000000,15.240000000,14.660000000,2700432
2019-11-20T07:00:00Z,15.060000000,15.310000000,15.490000000,15.060000000,2298579
2019-11-21T07:00:00Z,15.370000000,15.080000000,15.590000000,15.080000000,2488425
2019-11-22T07:00:00Z,15.220000000,15.260000000,15.260000000,15.100000000,1827061
2019-11-25T07:00:00Z,15.300000000,15.500000000,15.620000000,15.300000000,3525359
2019-11-26T07:00:00Z,15.460000000,15.460000000,15.460000000,15.460000000,1953110
2019-11-27T07:00:00Z,15.390000000,15.350000000,15.390000000,15.210000000,1428941
2019-11-29T07:00:00Z,15.250000000,15.250000000,15.250000000,15.250000000,640901
2019-12-02T07:00:00Z,15.310000000,14.600000000,15.310000000,14.600000000,2603278
2019-12-03T07:00:00Z,14.630000000,14.920000000,14.920000000,14.560000000,1767237
2019-12-04T07:00:00Z,15.060000000,15.000000000,15.060000000,15.000000000,1063025
2019-12-05T07:00:00Z,15.060000000,14.680000000,15.060000000,14.680000000,1220760
2019-12-06T07:00:00Z,14.790000000,14.740000000,14.810000000,14.740000000,1035141
2019-12-09T07:00:00Z,14.730000000,14.230000000,14.740000000,14.230000000,1990415
2019-12-10T07:00:00Z,14.250000000,14.090000000,14.270000000,14.050000000,2113679
2019-12-11T07:00:00Z,14.160000000,14.230000000,14.230000000,14.000000000,935133
2019-12-12T07:00:00Z,14.220000000,14.450000000,14.450000000,14.190000000,1853177
2019-12-13T07:00:00Z,14.890000000,15.090000000,15.150000000,14.640000000,2458932
2019-12-16T07:00:00Z,15.140000000,15.110000000,15.230000000,14.910000000,2719617
2019-12-17T07:00:00Z,15.000000000,15.100000000,15.330000000,15.000000000,3189850
2019-12-18T07:00:00Z,14.840000000,15.110000000,15.320000000,14.840000000,1838058
2019-12-19T07:00:00Z,15.160000000,15.460000000,15.460000000,15.160000000,2391316
2019-12-20T07:00:00Z,15.420000000,15.550000000,15.700000000,15.420000000,3391722
2019-12-23T07:00:00Z,15.810000000,15.480000000,15.810000000,15.300000000,1392945
2019-12-24T07:00:00Z,15.500000000,15.610000000,15.610000000,15.500000000,1107196
2019-12-26T07:00:00Z,15.810000000,15.970000000,16.000000000,15.750000000,2705714
2019-12-27T07:00:00Z,15.910000000,16.030000000,16.090000000,15.910000000,1625570
2019-12-30T07:00:00Z,16.080000000,15.890000000,16.080000000,15.890000000,1838087
2019-12-31T07:00:00Z,16.040000000,16.330000000,16.330000000,16.040000000,1775989
2020-01-02T07:00:00Z,16.450000000,16.780000000,16.780000000,16.450000000,2769809
2020-01-03T07:00:00Z,16.630000000,16.750000000,17.010000000,16.630000000,2175555
2020-01-06T07:00:00Z,16.660000000,16.780000000,16.780000000,16.650000000,1635806
2020-01-07T07:00:00Z,17.030000000,17.030000000,17.030000000,17.030000000,1743778
2020-01-08T07:00:00Z,16.820000000,16.670000000,16.920000000,16.670000000,1470364
2020-01-09T07:00:00Z,17.000000000,17.360000000,17.680000000,17.000000000,6131606
2020-01-10T07:00:00Z,17.600000000,17.410000000,17.600000000,17.320000000,2428245
2020-01-13T07:00:00Z,17.490000000,18.000000000,18.000000000,17.490000000,2224815
2020-01-14T07:00:00Z,18.100000000,17.990000000,18.100000000,17.690000000,2536329
2020-01-15T07:00:00Z,17.990000000,18.190000000,18.470000000,17.950000000,2595639
2020-01-16T07:00:00Z,18.270000000,18.250000000,18.390000000,17.880000000,2824572
2020-01-17T07:00:00Z,18.560000000,19.110000000,19.170000000,18.530000000,3895597
2020-01-21T07:00:00Z,19.080000000,19.000000000,19.240000000,18.800000000,2200704
2020-01-22T07:00:00Z,19.240000000,19.100000000,19.400000000,18.970000000,2413668
2020-01-23T07:00:00Z,19.080000000,19.250000000,19.350000000,18.880000000,2175295
2020-01-24T07:00:00Z,19.660000000,19.050000000,19.700000000,18.970000000,3178447
2020-01-27T07:00:00Z,18.660000000,18.620000000,18.740000000,18.280000000,1809239
2020-01-28T07:00:00Z,18.730000000,18.990000000,19.090000000,18.720000000,1827898
2020-01-29T07:00:00Z,19.040000000,19.140000000,19.220000000,19.040000000,1823568
2020-01-30T07:00:00Z,18.880000000,18.880000000,18.900000000,18.600000000,1735482
2020-01-31T07:00:00Z,18.640000000,18.380000000,18.920000000,18.270000000,2797414
2020-02-03T07:00:00Z,18.650000000,18.230000000,18.650000000,18.230000000,3472107
2020-02-04T07:00:00Z,18.490000000,18.980000000,18.980000000,16.940000000,8067154
2020-02-05T07:00:00Z,17.950000000,16.200000000,17.980000000,16.160000000,12150667
2020-02-06T07:00:00Z,16.540000000,17.000000000,17.130000000,16.250000000,4051350
2020-02-07T07:00:00Z,17.050000000,17.130000000,17.160000000,16.710000000,3240338
2020-02-10T07:00:00Z,17.150000000,17.600000000,17.600000000,17.020000000,1905223
2020-02-11T07:00:00Z,17.670000000,17.610000000,17.780000000,17.480000000,1896920
2020-02-12T07:00:00Z,17.650000000,17.400000000,17.700000000,17.340000000,1755829
2020-02-13T07:00:00Z,17.220000000,17.590000000,17.650000000,17.190000000,1257787
2020-02-14T07:00:00Z,17.550000000,17.560000000,17.780000000,17.450000000,1644676
2020-02-18T07:00:00Z,17.480000000,17.170000000,17.480000000,16.770000000,3073396
2020-02-19T07:00:00Z,17.210000000,17.200000000,17.250000000,17.130000000,1214856
2020-02-20T07:00:00Z,17.250000000,16.920000000,17.260000000,16.680000000,2268179
2020-02-21T07:00:00Z,16.840000000,16.700000000,16.840000000,16.510000000,1637517
2020-02-24T07:00:00Z,16.170000000,16.150000000,16.440000000,15.570000000,2691489
2020-02-25T07:00:00Z,16.400000000,15.900000000,16.570000000,15.810000000,2232167
2020-02-26T07:00:00Z,15.760000000,15.670000000,16.180000000,15.490000000,2568686
2020-02-27T07:00:00Z,15.080000000,14.660000000,15.080000000,14.660000000,3298930
2020-02-28T07:00:00Z,13.750000000,14.170000000,14.320000000,13.750000000,4848132
2020-03-02T07:00:00Z,14.620000000,14.390000000,14.630000000,13.850000000,3298596
2020-03-03T07:00:00Z,14.330000000,13.550000000,14.650000000,13.390000000,3870545
2020-03-04T07:00:00Z,14.050000000,13.630000000,14.050000000,13.230000000,3382453
2020-03-05T07:00:00Z,13.500000000,13.850000000,14.160000000,13.460000000,4071041
2020-03-06T07:00:00Z,13.910000000,13.000000000,13.980000000,12.880000000,5388723
2020-03-09T07:00:00Z,12.490000000,11.450000000,12.500000000,11.110000000,3973021
2020-03-10T07:00:00Z,11.910000000,11.990000000,12.270000000,11.000000000,3407075
2020-03-11T07:00:00Z,11.490000000,10.810000000,11.630000000,10.810000000,3391458
2020-03-12T07:00:00Z,10.220000000,10.420000000,10.430000000,9.850000000,3536291
2020-03-13T07:00:00Z,10.270000000,11.350000000,11.350000000,10.270000000,2955823
2020-03-16T07:00:00Z,10.280000000,9.060000000,10.740000000,9.040000000,4689792
2020-03-17T07:00:00Z,9.700000000,8.910000000,9.700000000,8.500000000,4885498
2020-03-18T07:00:00Z,8.390000000,8.390000000,8.390000000,8.390000000,5680197
2020-03-19T07:00:00Z,8.440000000,9.470000000,9.520000000,8.210000000,3686362
2020-03-20T07:00:00Z,10.310000000,10.090000000,10.360000000,9.830000000,8564440
2020-03-23T07:00:00Z,9.580000000,10.650000000,10.800000000,9.580000000,3971954
2020-03-24T07:00:00Z,11.340000000,11.000000000,11.470000000,10.780000000,3274727
2020-03-25T07:00:00Z,10.930000000,11.230000000,11.500000000,10.930000000,3578340
2020-03-26T07:00:00Z,11.150000000,11.950000000,11.950000000,11.100000000,2494408
2020-03-27T07:00:00Z,11.510000000,12.180000000,12.180000000,11.320000000,3375557
2020-03-30T07:00:00Z,12.100000000,11.850000000,12.320000000,11.660000000,4119290
2020-03-31T07:00:00Z,11.930000000,11.890000000,12.500000000,11.690000000,3127522
2020-04-01T07:00:00Z,11.320000000,11.210000000,11.570000000,11.060000000,3309567
2020-04-02T07:00:00Z,11.490000000,11.270000000,11.650000000,11.000000000,2069006
2020-04-03T07:00:00Z,11.090000000,11.060000000,11.290000000,10.950000000,2109457
2020-04-06T07:00:00Z,11.370000000,12.160000000,12.160000000,11.360000000,3032449
2020-04-07T07:00:00Z,12.290000000,12.100000000,12.770000000,12.070000000,3297663
2020-04-08T07:00:00Z,12.080000000,13.220000000,13.380000000,12.080000000,2883502
2020-04-09T07:00:00Z,13.360000000,13.670000000,13.860000000,13.020000000,2110265
2020-04-13T07:00:00Z,13.780000000,13.540000000,13.780000000,13.220000000,2143580
2020-04-14T07:00:00Z,14.010000000,13.780000000,14.150000000,13.610000000,2175455
2020-04-15T07:00:00Z,13.490000000,13.580000000,13.680000000,13.470000000,2062650
2020-04-16T07:00:00Z,13.700000000,13.020000000,13.700000000,12.680000000,4408169
2020-04-17T07:00:00Z,13.570000000,12.980000000,13.710000000,12.980000000,2515810
2020-04-20T07:00:00Z,12.940000000,12.920000000,13.300000000,12.620000000,4105097
2020-04-21T07:00:00Z,13.160000000,12.440000000,13.160000000,12.440000000,7651815
2020-04-22T07:00:00Z,15.000000000,17.010000000,17.170000000,14.420000000,17989886
2020-04-23T07:00:00Z,17.460000000,16.060000000,17.460000000,16.050000000,9886556
2020-04-24T07:00:00Z,16.100000000,16.000000000,16.410000000,15.640000000,6858793
2020-04-27T07:00:00Z,16.360000000,16.910000000,16.950000000,16.030000000,4165941
2020-04-28T07:00:00Z,17.050000000,16.410000000,17.360000000,16.200000000,3647888
2020-04-29T07:00:00Z,16.850000000,17.830000000,17.830000000,16.540000000,4796564
2020-04-30T07:00:00Z,17.840000000,17.610000000,17.880000000,17.290000000,4210525
2020-05-01T07:00:00Z,16.860000000,16.790000000,17.240000000,16.600000000,2888481
2020-05-04T07:00:00Z,16.740000000,17.100000000,17.100000000,16.400000000,2403196
2020-05-05T07:00:00Z,17.250000000,17.510000000,17.720000000,17.210000000,3000553
2020-05-06T07:00:00Z,17.250000000,17.330000000,17.750000000,16.980000000,2655785
2020-05-07T07:00:00Z,17.500000000,18.150000000,18.150000000,17.500000000,3564696
2020-05-08T07:00:00Z,18.430000000,18.230000000,18.430000000,17.890000000,2317060
2020-05-11T07:00:00Z,18.420000000,18.090000000,18.420000000,18.040000000,2039971
2020-05-12T07:00:00Z,18.200000000,17.380000000,18.290000000,17.380000000,2181694
2020-05-13T07:00:00Z,17.290000000,16.770000000,17.600000000,16.490000000,2650538
2020-05-14T07:00:00Z,16.810000000,16.930000000,16.930000000,16.480000000,2355228
2020-05-15T07:00:00Z,17.150000000,17.100000000,17.270000000,16.830000000,1823043
2020-05-18T07:00:00Z,16.960000000,17.490000000,17.800000000,16.960000000,3255621
2020-05-19T07:00:00Z,17.400000000,17.480000000,17.750000000,17.350000000,1378761
2020-05-20T07:00:00Z,17.750000000,18.230000000,18.240000000,17.660000000,1928491
2020-05-21T07:00:00Z,18.000000000,17.550000000,18.370000000,17.550000000,1670289
2020-05-22T07:00:00Z,17.500000000,17.670000000,17.670000000,17.300000000,1441751
2020-05-26T07:00:00Z,18.040000000,17.410000000,18.040000000,17.400000000,1559683
2020-05-27T07:00:00Z,17.540000000,17.000000000,17.770000000,16.520000000,3213688
2020-05-28T07:00:00Z,17.010000000,18.250000000,18.360000000,16.680000000,5901639
2020-05-29T07:00:00Z,17.980000000,18.940000000,18.940000000,17.950000000,7259402
2020-06-01T07:00:00Z,19.040000000,19.550000000,19.570000000,18.780000000,5028623
2020-06-02T07:00:00Z,19.720000000,19.750000000,19.810000000,19.280000000,3448609
2020-06-03T07:00:00Z,19.780000000,19.730000000,19.800000000,19.110000000,5964449
2020-06-04T07:00:00Z,19.300000000,19.260000000,20.010000000,19.140000000,4132767
2020-06-05T07:00:00Z,19.460000000,20.330000000,20.330000000,19.340000000,4064297
2020-06-08T07:00:00Z,20.300000000,20.650000000,20.650000000,20.100000000,3082640
2020-06-09T07:00:00Z,20.160000000,21.090000000,21.090000000,20.020000000,4029971
2020-06-10T07:00:00Z,21.170000000,21.200000000,21.490000000,20.500000000,4514718
2020-06-11T07:00:00Z,20.570000000,19.710000000,20.830000000,19.660000000,5475389
2020-06-12T07:00:00Z,20.400000000,20.180000000,20.400000000,19.750000000,4020373
2020-06-15T07:00:00Z,19.650000000,20.950000000,20.950000000,19.210000000,2572071
2020-06-16T07:00:00Z,21.250000000,20.900000000,21.300000000,20.800000000,3315499
2020-06-17T07:00:00Z,21.820000000,21.820000000,21.890000000,20.730000000,3819148
2020-06-18T07:00:00Z,21.490000000,21.990000000,22.000000000,21.490000000,3045678
2020-06-19T07:00:00Z,22.110000000,22.350000000,22.660000000,21.960000000,3898038
2020-06-22T07:00:00Z,22.370000000,23.200000000,23.590000000,22.160000000,3869706
2020-06-23T07:00:00Z,23.490000000,23.670000000,24.690000000,23.160000000,3483189
2020-06-24T07:00:00Z,23.780000000,23.630000000,23.810000000,22.980000000,4248211
2020-06-25T07:00:00Z,23.250000000,24.660000000,24.660000000,23.250000000,3809493
2020-06-26T07:00:00Z,24.650000000,22.910000000,24.920000000,22.910000000,5642325
2020-06-29T07:00:00Z,22.600000000,23.200000000,23.200000000,22.100000000,4589622
2020-06-30T07:00:00Z,23.230000000,23.480000000,23.590000000,22.770000000,3365350
2020-07-01T07:00:00Z,23.500000000,23.620000000,24.200000000,23.320000000,3153279
2020-07-02T07:00:00Z,24.280000000,23.220000000,24.280000000,23.150000000,2851864
2020-07-06T07:00:00Z,23.390000000,23.420000000,23.950000000,23.390000000,2715081
2020-07-07T07:00:00Z,23.230000000,24.810000000,25.500000000,23.200000000,6191161
2020-07-08T07:00:00Z,25.270000000,26.410000000,26.490000000,25.070000000,6529724
2020-07-09T07:00:00Z,26.700000000,25.940000000,26.800000000,25.300000000,3414987
2020-07-10T07:00:00Z,25.980000000,25.530000000,26.010000000,24.930000000,3561259
2020-07-13T07:00:00Z,25.730000000,24.270000000,26.270000000,24.240000000,3582160
2020-07-14T07:00:00Z,24.690000000,24.690000000,24.800000000,23.040000000,5429291
2020-07-15T07:00:00Z,24.450000000,24.270000000,24.700000000,23.750000000,4323052
2020-07-16T07:00:00Z,24.290000000,23.900000000,24.820000000,23.440000000,3384384
2020-07-17T07:00:00Z,24.150000000,24.540000000,24.680000000,23.810000000,2852529
2020-07-20T07:00:00Z,24.680000000,25.270000000,25.500000000,24.190000000,2787921
2020-07-21T07:00:00Z,25.820000000,24.740000000,26.150000000,21.500000000,9803483
2020-07-22T07:00:00Z,23.450000000,23.200000000,23.730000000,22.350000000,10265241
2020-07-23T07:00:00Z,23.300000000,21.970000000,23.500000000,21.810000000,7191570
2020-07-24T07:00:00Z,22.130000000,22.150000000,22.420000000,21.490000000,3442195
2020-07-27T07:00:00Z,21.880000000,22.840000000,22.880000000,21.880000000,3467358
2020-07-28T07:00:00Z,23.000000000,22.590000000,23.130000000,22.450000000,2155089
2020-07-29T07:00:00Z,22.800000000,22.900000000,22.990000000,22.610000000,1931172
2020-07-30T07:00:00Z,22.530000000,22.410000000,23.050000000,22.400000000,2080682
2020-07-31T07:00:00Z,22.550000000,22.420000000,23.900000000,22.080000000,9079407
2020-08-03T07:00:00Z,22.580000000,21.220000000,22.610000000,20.630000000,8494742
2020-08-04T07:00:00Z,21.070000000,21.760000000,22.240000000,21.000000000,4075513
2020-08-05T07:00:00Z,22.000000000,21.700000000,22.160000000,21.500000000,2293355
2020-08-06T07:00:00Z,21.780000000,21.350000000,21.880000000,21.150000000,5623961
2020-08-07T07:00:00Z,21.170000000,21.580000000,22.180000000,21.170000000,4250250
2020-08-10T07:00:00Z,21.860000000,22.020000000,22.280000000,21.220000000,3626945
2020-08-11T07:00:00Z,21.880000000,21.600000000,22.470000000,21.590000000,2970198
2020-08-12T07:00:00Z,21.580000000,21.860000000,22.290000000,21.440000000,2543772
2020-08-13T07:00:00Z,22.090000000,21.900000000,22.300000000,21.650000000,2076751
2020-08-14T07:00:00Z,22.000000000,21.690000000,22.160000000,21.480000000,1721719
2020-08-17T07:00:00Z,21.680000000,21.790000000,21.980000000,21.280000000,3089972
2020-08-18T07:00:00Z,21.460000000,21.770000000,22.120000000,21.460000000,2533261
2020-08-19T07:00:00Z,21.790000000,21.920000000,22.410000000,21.590000000,3074369
2020-08-20T07:00:00Z,21.710000000,21.830000000,22.000000000,21.620000000,1577581
2020-08-21T07:00:00Z,21.880000000,21.600000000,21.980000000,21.510000000,1513775
2020-08-24T07:00:00Z,21.520000000,20.870000000,21.890000000,20.780000000,3692983
2020-08-25T07:00:00Z,21.080000000,21.120000000,21.160000000,20.690000000,2824708
2020-08-26T07:00:00Z,20.940000000,21.360000000,21.500000000,20.860000000,2326361
2020-08-27T07:00:00Z,21.510000000,21.740000000,22.150000000,20.920000000,3992989
2020-08-28T07:00:00Z,22.190000000,22.310000000,22.340000000,21.410000000,3709318
2020-08-31T07:00:00Z,22.660000000,22.590000000,23.180000000,22.150000000,3756718
2020-09-01T07:00:00Z,22.520000000,22.410000000,23.100000000,21.860000000,3711138
2020-09-02T07:00:00Z,22.580000000,23.530000000,23.600000000,22.430000000,7109206
2020-09-03T07:00:00Z,23.600000000,23.200000000,23.600000000,22.490000000,6209304
2020-09-04T07:00:00Z,22.690000000,22.440000000,23.550000000,21.440000000,4528701
2020-09-08T07:00:00Z,22.400000000,22.690000000,23.060000000,21.540000000,3493907
2020-09-09T07:00:00Z,21.500000000,23.650000000,24.000000000,21.500000000,3885263
2020-09-10T07:00:00Z,23.720000000,23.310000000,24.330000000,23.100000000,3296941
2020-09-11T07:00:00Z,23.520000000,24.190000000,24.400000000,23.440000000,6307943
2020-09-14T07:00:00Z,24.190000000,24.130000000,24.730000000,23.220000000,3744116
2020-09-15T07:00:00Z,24.100000000,24.470000000,24.880000000,23.990000000,4051311
2020-09-16T07:00:00Z,24.200000000,24.860000000,25.200000000,24.200000000,4360905
2020-09-17T07:00:00Z,24.260000000,24.300000000,24.630000000,23.950000000,2354561
2020-09-18T07:00:00Z,24.070000000,23.820000000,25.000000000,23.260000000,2828927
2020-09-21T07:00:00Z,23.960000000,23.880000000,24.280000000,22.920000000,3098584
2020-09-22T07:00:00Z,23.810000000,25.470000000,25.470000000,23.680000000,4827744
2020-09-23T07:00:00Z,25.190000000,25.370000000,25.920000000,24.850000000,4704332
2020-09-24T07:00:00Z,25.000000000,24.320000000,25.430000000,24.010000000,3548873
2020-09-25T07:00:00Z,24.780000000,24.690000000,25.000000000,24.080000000,1260040
2020-09-28T07:00:00Z,24.690000000,25.740000000,26.520000000,24.690000000,2543326
2020-09-29T07:00:00Z,25.770000000,25.990000000,26.330000000,25.600000000,2357072
2020-09-30T07:00:00Z,25.780000000,26.110000000,26.440000000,25.560000000,1903983
2020-10-01T07:00:00Z,26.460000000,26.780000000,27.010000000,26.200000000,2141173
2020-10-02T07:00:00Z,25.790000000,26.640000000,26.960000000,25.790000000,1874052
2020-10-05T07:00:00Z,27.000000000,27.540000000,27.650000000,26.690000000,1897402
2020-10-06T07:00:00Z,27.670000000,26.730000000,27.780000000,26.530000000,2121132
2020-10-07T07:00:00Z,26.600000000,26.670000000,27.230000000,26.600000000,783662
2020-10-08T07:00:00Z,27.340000000,27.050000000,27.340000000,26.740000000,1410792
2020-10-09T07:00:00Z,27.250000000,27.000000000,27.460000000,26.910000000,1875815
2020-10-12T07:00:00Z,27.260000000,26.960000000,27.680000000,26.860000000,1990074
2020-10-13T07:00:00Z,27.140000000,27.000000000,27.440000000,26.920000000,1837112
2020-10-14T07:00:00Z,27.240000000,27.320000000,27.420000000,26.690000000,1663644
2020-10-15T07:00:00Z,26.810000000,28.060000000,28.320000000,26.490000000,2640824
2020-10-16T07:00:00Z,28.220000000,28.200000000,28.680000000,27.520000000,2317346
2020-10-19T07:00:00Z,28.400000000,28.660000000,29.060000000,27.960000000,4064100
2020-10-20T07:00:00Z,28.730000000,28.450000000,35.500000000,27.610000000,9471234
2020-10-21T07:00:00Z,35.000000000,36.500000000,38.870000000,34.200000000,22568528
2020-10-22T07:00:00Z,36.370000000,38.970000000,39.170000000,35.820000000,10683316
2020-10-23T07:00:00Z,39.080000000,43.170000000,43.900000000,38.770000000,14462151
2020-10-26T07:00:00Z,44.500000000,41.270000000,44.500000000,40.500000000,11217381
2020-10-27T07:00:00Z,41.230000000,41.540000000,42.290000000,40.830000000,6182506
2020-10-28T07:00:00Z,41.460000000,42.860000000,44.180000000,39.920000000,7322136
2020-10-29T07:00:00Z,42.570000000,42.220000000,44.390000000,41.530000000,3625699
2020-10-30T07:00:00Z,40.500000000,39.390000000,42.000000000,38.800000000,5125552
2020-11-02T07:00:00Z,38.800000000,40.790000000,41.320000000,38.700000000,3315827
2020-11-03T07:00:00Z,41.240000000,41.170000000,41.700000000,40.500000000,2256090
2020-11-04T07:00:00Z,41.020000000,41.990000000,42.720000000,41.020000000,2450966
2020-11-05T07:00:00Z,41.770000000,41.550000000,43.200000000,41.270000000,2671452
2020-11-06T07:00:00Z,41.290000000,45.380000000,45.620000000,40.610000000,5140634
2020-11-09T07:00:00Z,46.740000000,41.100000000,47.370000000,41.100000000,4076211
2020-11-10T07:00:00Z,41.790000000,38.540000000,41.840000000,37.360000000,4851295
2020-11-11T07:00:00Z,38.400000000,38.460000000,40.120000000,38.370000000,3303703
2020-11-12T07:00:00Z,38.500000000,40.300000000,41.800000000,38.020000000,3354096
2020-11-13T07:00:00Z,40.470000000,40.430000000,41.050000000,39.260000000,1984155
2020-11-16T07:00:00Z,39.530000000,39.080000000,41.290000000,38.740000000,2761555
2020-11-17T07:00:00Z,38.990000000,39.270000000,39.750000000,37.960000000,1838297
2020-11-18T07:00:00Z,39.200000000,40.630000000,40.940000000,38.670000000,1944666
2020-11-19T07:00:00Z,40.760000000,42.290000000,42.500000000,39.960000000,2556011
2020-11-20T07:00:00Z,42.270000000,44.290000000,44.350000000,42.230000000,2680422
2020-11-23T07:00:00Z,44.550000000,45.260000000,47.300000000,44.400000000,4454016
2020-11-24T07:00:00Z,45.900000000,44.290000000,46.500000000,43.370000000,2217215
2020-11-25T07:00:00Z,45.000000000,45.560000000,45.680000000,43.800000000,1709579
2020-11-27T07:00:00Z,45.950000000,46.030000000,46.390000000,45.200000000,869757
2020-11-30T07:00:00Z,45.880000000,44.600000000,46.350000000,43.280000000,1783422
2020-12-01T07:00:00Z,44.840000000,44.500000000,45.390000000,43.400000000,1738250
2020-12-02T07:00:00Z,44.200000000,47.490000000,47.660000000,43.590000000,2763844
2020-12-03T07:00:00Z,47.560000000,47.950000000,48.560000000,46.030000000,2354348
2020-12-04T07:00:00Z,47.960000000,48.100000000,48.580000000,47.400000000,1380967
2020-12-07T07:00:00Z,49.080000000,49.450000000,49.620000000,47.500000000,1678617
2020-12-08T07:00:00Z,49.400000000,50.000000000,50.300000000,48.660000000,1242422
2020-12-09T07:00:00Z,49.980000000,49.150000000,50.960000000,48.490000000,2012059
2020-12-10T07:00:00Z,49.090000000,53.150000000,53.290000000,48.160000000,3282791
2020-12-11T07:00:00Z,53.400000000,53.330000000,53.800000000,51.970000000,2726575
2020-12-14T07:00:00Z,53.460000000,51.600000000,54.000000000,51.290000000,2142496
2020-12-15T07:00:00Z,51.990000000,51.350000000,52.560000000,51.140000000,1364225
2020-12-16T07:00:00Z,51.020000000,51.650000000,52.500000000,50.290000000,2941317
2020-12-17T07:00:00Z,51.570000000,53.250000000,54.690000000,51.570000000,2418325
2020-12-18T07:00:00Z,51.890000000,52.990000000,54.270000000,51.890000000,1751359
2020-12-21T07:00:00Z,53.400000000,52.360000000,53.400000000,50.460000000,805765
2020-12-22T07:00:00Z,52.020000000,52.090000000,53.300000000,50.870000000,1274708
2020-12-23T07:00:00Z,52.160000000,51.740000000,53.660000000,51.500000000,1009876
2020-12-24T07:00:00Z,52.790000000,50.150000000,52.790000000,49.900000000,1123811
2020-12-28T07:00:00Z,50.440000000,48.260000000,51.590000000,47.900000000,1508752
2020-12-29T07:00:00Z,48.300000000,51.230000000,53.750000000,48.300000000,4815263
2020-12-30T07:00:00Z,51.400000000,49.350000000,52.500000000,49.340000000,1771963
2020-12-31T07:00:00Z,50.730000000,50.070000000,50.730000000,49.070000000,1312601
2021-01-04T07:00:00Z,50.080000000,49.590000000,51.000000000,48.100000000,2117856
2021-01-05T07:00:00Z,49.700000000,50.310000000,50.600000000,49.170000000,917463
2021-01-06T07:00:00Z,49.860000000,49.820000000,51.060000000,48.550000000,1369245
2021-01-07T07:00:00Z,50.420000000,52.440000000,53.680000000,50.060000000,2217222
2021-01-08T07:00:00Z,52.440000000,52.730000000,53.650000000,52.200000000,1251499
2021-01-11T07:00:00Z,52.110000000,54.380000000,55.760000000,51.140000000,1924006
2021-01-12T07:00:00Z,55.430000000,56.450000000,56.620000000,54.180000000,2360769
2021-01-13T07:00:00Z,56.750000000,53.430000000,57.670000000,53.430000000,1381343
2021-01-14T07:00:00Z,52.870000000,49.030000000,54.430000000,48.750000000,3399118
2021-01-15T07:00:00Z,49.230000000,50.310000000,51.050000000,48.880000000,2894922
2021-01-19T07:00:00Z,50.550000000,50.390000000,51.910000000,49.150000000,2070762
2021-01-20T07:00:00Z,50.700000000,52.200000000,52.990000000,49.990000000,1993492
2021-01-21T07:00:00Z,52.790000000,54.400000000,54.820000000,51.820000000,2044522
2021-01-22T07:00:00Z,53.500000000,53.570000000,54.410000000,53.160000000,2589218
2021-01-25T07:00:00Z,54.200000000,53.650000000,55.300000000,50.910000000,1882692
2021-01-26T07:00:00Z,53.010000000,53.290000000,54.370000000,52.430000000,1639604
2021-01-27T07:00:00Z,53.710000000,48.950000000,54.240000000,47.600000000,4093712
2021-01-28T07:00:00Z,48.000000000,53.130000000,54.750000000,46.290000000,3604482
2021-01-29T07:00:00Z,53.020000000,52.940000000,54.210000000,50.900000000,2436140
2021-02-01T07:00:00Z,52.900000000,56.850000000,56.900000000,52.600000000,2963818
2021-02-02T07:00:00Z,57.360000000,58.870000000,59.970000000,54.550000000,2529039
2021-02-03T07:00:00Z,59.720000000,59.260000000,61.170000000,57.950000000,2670018
2021-02-04T07:00:00Z,59.610000000,58.310000000,61.500000000,50.000000000,5202391
2021-02-05T07:00:00Z,54.350000000,63.640000000,64.450000000,53.030000000,8657114
2021-02-08T07:00:00Z,64.020000000,63.780000000,65.760000000,61.500000000,2917898
2021-02-09T07:00:00Z,62.330000000,62.800000000,65.260000000,61.810000000,2043836
2021-02-10T07:00:00Z,62.310000000,62.600000000,63.990000000,61.070000000,1454417
2021-02-11T07:00:00Z,62.780000000,62.230000000,65.370000000,61.760000000,1962409
2021-02-12T07:00:00Z,62.120000000,61.970000000,63.250000000,60.890000000,1342373
2021-02-16T07:00:00Z,63.000000000,62.810000000,64.280000000,61.220000000,2754602
2021-02-17T07:00:00Z,62.990000000,62.720000000,63.200000000,61.140000000,1620906
2021-02-18T07:00:00Z,62.270000000,62.870000000,63.990000000,61.440000000,1542941
2021-02-19T07:00:00Z,62.530000000,65.520000000,65.780000000,62.510000000,2518411
2021-02-22T07:00:00Z,66.310000000,63.410000000,67.500000000,63.150000000,3656276
2021-02-23T07:00:00Z,65.320000000,70.450000000,72.860000000,56.920000000,11579611
2021-02-24T07:00:00Z,71.160000000,69.470000000,73.510000000,68.530000000,5520004
2021-02-25T07:00:00Z,69.800000000,63.260000000,70.850000000,62.780000000,4627179
2021-02-26T07:00:00Z,62.420000000,65.660000000,66.590000000,60.930000000,4153234
2021-03-01T04:00:00Z,67.090000000,66.670000000,67.600000000,63.330000000,4123528
2021-03-02T04:00:00Z,66.100000000,64.510000000,68.860000000,64.290000000,3094815
2021-03-03T04:00:00Z,65.950000000,60.020000000,65.950000000,59.000000000,4515883
2021-03-04T04:00:00Z,59.420000000,57.710000000,61.060000000,55.920000000,4372095
2021-03-05T04:00:00Z,57.140000000,57.430000000,58.500000000,51.410000000,5160487
2021-03-08T04:00:00Z,57.520000000,52.890000000,58.500000000,52.010000000,4051483
2021-03-09T04:00:00Z,53.040000000,56.300000000,57.240000000,52.990000000,2824782
2021-03-10T04:00:00Z,56.710000000,55.070000000,58.400000000,55.040000000,3144156
2021-03-11T04:00:00Z,55.800000000,59.330000000,59.960000000,55.620000000,3231159
2021-03-12T04:00:00Z,59.840000000,62.690000000,64.330000000,57.130000000,3281284
2021-03-15T04:00:00Z,62.790000000,63.740000000,63.960000000,61.400000000,2387804
2021-03-16T04:00:00Z,63.950000000,62.230000000,65.060000000,60.980000000,2470986
2021-03-17T04:00:00Z,61.620000000,63.950000000,64.250000000,59.620000000,2392696
2021-03-18T04:00:00Z,64.230000000,58.490000000,64.650000000,58.250000000,2544100
2021-03-19T04:00:00Z,58.810000000,58.360000000,60.020000000,57.470000000,2341933
2021-03-22T04:00:00Z,58.950000000,58.160000000,59.420000000,54.630000000,3428278
2021-03-23T04:00:00Z,57.900000000,55.330000000,58.170000000,55.220000000,1884306
2021-03-24T04:00:00Z,55.490000000,50.510000000,57.000000000,49.510000000,3375080
2021-03-25T04:00:00Z,50.740000000,51.410000000,51.990000000,48.350000000,3432822
2021-03-26T04:00:00Z,51.760000000,51.600000000,52.500000000,49.890000000,2013829
2021-03-29T04:00:00Z,51.620000000,49.570000000,52.270000000,48.900000000,2563728
2021-03-30T04:00:00Z,49.380000000,49.610000000,50.550000000,47.940000000,2095492
2021-03-31T04:00:00Z,49.320000000,52.290000000,53.240000000,49.320000000,3044316
2021-04-01T04:00:00Z,52.930000000,54.490000000,54.700000000,52.800000000,2100742
2021-04-05T04:00:00Z,54.650000000,54.110000000,55.380000000,52.750000000,1491895
2021-04-06T04:00:00Z,53.900000000,56.880000000,58.270000000,53.700000000,2938123
2021-04-07T04:00:00Z,57.470000000,60.230000000,61.130000000,56.650000000,3479138
2021-04-08T04:00:00Z,60.970000000,63.200000000,63.560000000,60.410000000,2873063
2021-04-09T04:00:00Z,63.460000000,63.270000000,64.040000000,62.160000000,1777052
2021-04-12T04:00:00Z,63.850000000,62.440000000,63.850000000,60.940000000,1132172
2021-04-13T04:00:00Z,62.180000000,62.440000000,63.690000000,61.470000000,1048685
2021-04-14T04:00:00Z,63.000000000,62.010000000,65.780000000,61.730000000,2521888
2021-04-15T04:00:00Z,62.200000000,63.890000000,64.750000000,61.700000000,2137327
2021-04-16T04:00:00Z,63.800000000,61.250000000,64.390000000,60.100000000,2710603
2021-04-19T04:00:00Z,61.340000000,60.440000000,62.270000000,58.130000000,2388663
2021-04-20T04:00:00Z,60.580000000,58.490000000,60.720000000,57.130000000,2704107
2021-04-21T04:00:00Z,57.800000000,58.300000000,59.080000000,56.770000000,1707889
2021-04-22T04:00:00Z,58.530000000,57.050000000,60.890000000,54.000000000,4930186
2021-04-23T04:00:00Z,59.840000000,61.300000000,63.100000000,57.330000000,11403836
2021-04-26T04:00:00Z,61.500000000,60.020000000,61.900000000,58.580000000,3458165
2021-04-27T04:00:00Z,59.280000000,60.510000000,62.730000000,58.400000000,4596057
2021-04-28T04:00:00Z,60.350000000,62.040000000,63.000000000,57.860000000,4714599
2021-04-29T04:00:00Z,62.790000000,62.280000000,64.250000000,60.580000000,3739826
2021-04-30T04:00:00Z,61.550000000,61.820000000,63.380000000,60.630000000,2827344
2021-05-03T04:00:00Z,61.780000000,59.170000000,62.830000000,58.650000000,2465665
2021-05-04T04:00:00Z,59.100000000,55.780000000,59.380000000,53.080000000,4224320
2021-05-05T04:00:00Z,55.990000000,54.070000000,57.140000000,53.260000000,1986109
2021-05-06T04:00:00Z,53.700000000,52.590000000,54.310000000,51.490000000,2902019
2021-05-07T04:00:00Z,52.680000000,54.700000000,55.430000000,52.500000000,2469505
2021-05-10T04:00:00Z,54.700000000,52.140000000,55.010000000,50.450000000,2417495
2021-05-11T04:00:00Z,50.960000000,53.290000000,53.640000000,48.750000000,2925092
2021-05-12T04:00:00Z,53.200000000,51.560000000,53.380000000,50.700000000,2600665
2021-05-13T04:00:00Z,51.750000000,50.960000000,52.700000000,49.900000000,1970625
2021-05-14T04:00:00Z,51.830000000,52.990000000,53.440000000,51.200000000,1489048
2021-05-17T04:00:00Z,53.010000000,53.910000000,54.040000000,51.650000000,1501888
2021-05-18T04:00:00Z,54.200000000,53.360000000,55.580000000,53.300000000,1770308
2021-05-19T04:00:00Z,52.810000000,53.910000000,54.200000000,51.200000000,1554069
2021-05-20T04:00:00Z,53.690000000,57.070000000,57.360000000,53.520000000,2536638
2021-05-21T04:00:00Z,57.300000000,56.610000000,58.130000000,56.150000000,2083652
2021-05-24T04:00:00Z,56.500000000,60.120000000,60.810000000,56.290000000,1981363
2021-05-25T04:00:00Z,60.540000000,59.150000000,61.000000000,59.030000000,1172962
2021-05-26T04:00:00Z,59.730000000,60.590000000,61.350000000,58.770000000,1475863
2021-05-27T04:00:00Z,60.170000000,61.070000000,61.420000000,59.550000000,1091866
2021-05-28T04:00:00Z,61.310000000,62.120000000,62.650000000,60.960000000,1382735
2021-06-01T04:00:00Z,62.290000000,63.590000000,63.840000000,61.790000000,2244506
2021-06-02T04:00:00Z,63.410000000,62.720000000,63.750000000,61.150000000,1845424
2021-06-03T04:00:00Z,62.100000000,60.540000000,62.540000000,59.900000000,2120542
2021-06-04T04:00:00Z,60.810000000,60.920000000,61.530000000,60.180000000,1643736
2021-06-07T04:00:00Z,60.940000000,61.270000000,61.550000000,59.710000000,1207320
2021-06-08T04:00:00Z,61.500000000,59.850000000,62.080000000,59.290000000,1818185
2021-06-09T04:00:00Z,59.870000000,61.600000000,62.800000000,59.790000000,1955801
2021-06-10T04:00:00Z,61.660000000,62.720000000,62.740000000,60.800000000,17825
2021-06-11T04:00:00Z,62.560000000,64.050000000,65.050000000,62.360000000,2968709
2021-06-14T04:00:00Z,64.110000000,63.500000000,65.650000000,63.260000000,1787306
2021-06-15T04:00:00Z,63.510000000,62.200000000,64.130000000,62.070000000,1218071
2021-06-16T04:00:00Z,62.100000000,60.010000000,63.260000000,59.440000000,2537401
2021-06-17T04:00:00Z,59.300000000,62.290000000,63.020000000,58.840000000,1598079
2021-06-18T04:00:00Z,62.480000000,63.170000000,64.610000000,61.700000000,2335072
2021-06-21T04:00:00Z,63.000000000,63.600000000,64.100000000,61.150000000,1451391
2021-06-22T04:00:00Z,63.560000000,62.930000000,64.570000000,62.300000000,1814410
2021-06-23T04:00:00Z,63.060000000,66.350000000,67.830000000,62.810000000,3127007
2021-06-24T04:00:00Z,67.560000000,67.650000000,69.330000000,66.670000000,3162054
2021-06-25T04:00:00Z,68.010000000,67.670000000,68.480000000,66.700000000,1498674
2021-06-28T04:00:00Z,67.900000000,66.220000000,68.160000000,65.800000000,1374171
2021-06-29T04:00:00Z,66.010000000,67.570000000,68.160000000,65.630000000,1244332
2021-06-30T04:00:00Z,67.950000000,68.140000000,68.880000000,66.680000000,1538014
2021-07-01T04:00:00Z,68.320000000,67.660000000,69.250000000,66.700000000,2062107
2021-07-02T04:00:00Z,67.140000000,68.490000000,69.010000000,67.130000000,1566511
2021-07-06T04:00:00Z,68.900000000,69.060000000,70.230000000,68.140000000,2046705
2021-07-07T04:00:00Z,69.400000000,65.130000000,69.940000000,65.090000000,2166950
2021-07-08T04:00:00Z,64.870000000,61.960000000,65.200000000,61.680000000,2010009
2021-07-09T04:00:00Z,62.290000000,65.810000000,65.990000000,62.250000000,2256451
2021-07-12T04:00:00Z,65.750000000,64.790000000,66.270000000,64.250000000,1039513
2021-07-13T04:00:00Z,64.880000000,63.950000000,65.450000000,63.450000000,1259928
2021-07-14T04:00:00Z,63.860000000,62.470000000,64.800000000,62.080000000,1973466
2021-07-15T04:00:00Z,62.530000000,60.500000000,62.920000000,59.790000000,2498958
2021-07-16T04:00:00Z,60.530000000,59.310000000,62.220000000,58.300000000,4186126
2021-07-19T04:00:00Z,58.820000000,59.580000000,60.300000000,57.380000000,2226362
2021-07-20T04:00:00Z,60.430000000,62.330000000,63.030000000,59.270000000,2868736
2021-07-21T04:00:00Z,62.900000000,63.390000000,63.580000000,61.830000000,1816954
2021-07-22T04:00:00Z,63.910000000,62.970000000,73.560000000,61.830000000,5234198
2021-07-23T04:00:00Z,69.570000000,77.970000000,79.500000000,69.550000000,11288292
2021-07-26T04:00:00Z,78.530000000,76.320000000,79.080000000,74.300000000,4204500
2021-07-27T04:00:00Z,76.000000000,73.970000000,76.910000000,71.840000000,4024537
2021-07-28T04:00:00Z,72.970000000,76.160000000,76.900000000,72.660000000,2119448
2021-07-29T04:00:00Z,76.490000000,74.920000000,77.530000000,73.710000000,2045191
2021-07-30T04:00:00Z,73.330000000,74.420000000,76.400000000,72.000000000,1771008
2021-08-02T04:00:00Z,74.770000000,73.500000000,75.770000000,73.280000000,1311517
2021-08-03T04:00:00Z,73.390000000,73.380000000,75.700000000,71.870000000,2065652
2021-08-04T04:00:00Z,73.000000000,76.900000000,77.330000000,72.380000000,2313608
2021-08-05T04:00:00Z,76.820000000,77.320000000,78.050000000,74.690000000,2106254
2021-08-06T04:00:00Z,77.280000000,75.980000000,78.530000000,75.600000000,1165838
2021-08-09T04:00:00Z,75.780000000,78.150000000,78.250000000,74.800000000,1255806
2021-08-10T04:00:00Z,78.030000000,75.800000000,80.800000000,75.520000000,2563037
2021-08-11T04:00:00Z,75.180000000,76.530000000,77.740000000,74.740000000,965619
2021-08-12T04:00:00Z,76.530000000,75.260000000,76.850000000,75.040000000,911976
2021-08-13T04:00:00Z,75.110000000,74.620000000,75.820000000,74.080000000,827375
2021-08-16T04:00:00Z,74.530000000,72.440000000,74.760000000,69.900000000,2544417
2021-08-17T04:00:00Z,71.990000000,71.810000000,72.600000000,70.050000000,1657726
2021-08-18T04:00:00Z,71.890000000,71.960000000,73.360000000,71.050000000,1053818
2021-08-19T04:00:00Z,71.230000000,70.860000000,72.540000000,69.600000000,1157529
2021-08-20T04:00:00Z,70.920000000,72.720000000,72.980000000,70.060000000,1072065
2021-08-23T04:00:00Z,72.990000000,75.500000000,75.880000000,72.400000000,1192621
2021-08-24T04:00:00Z,76.120000000,74.630000000,76.640000000,73.730000000,1386859
2021-08-25T04:00:00Z,74.500000000,74.690000000,75.190000000,73.500000000,1003454
2021-08-26T04:00:00Z,74.650000000,71.610000000,75.000000000,71.500000000,2111878
2021-08-27T04:00:00Z,72.170000000,73.120000000,73.830000000,71.890000000,1101477
2021-08-30T04:00:00Z,73.710000000,74.510000000,75.000000000,71.800000000,1108481
2021-08-31T04:00:00Z,75.130000000,76.110000000,77.930000000,74.120000000,2553585
2021-09-01T04:00:00Z,76.740000000,74.170000000,77.200000000,73.820000000,1873204
2021-09-02T04:00:00Z,74.580000000,73.920000000,76.160000000,73.660000000,1800236
2021-09-03T04:00:00Z,74.160000000,75.080000000,75.770000000,72.960000000,1282998
2021-09-07T04:00:00Z,74.740000000,76.490000000,76.820000000,74.070000000,1841773
2021-09-08T04:00:00Z,76.420000000,74.130000000,76.650000000,73.280000000,1606007
2021-09-09T04:00:00Z,73.620000000,74.620000000,75.620000000,73.290000000,1508440
2021-09-10T04:00:00Z,74.590000000,74.500000000,75.970000000,74.250000000,1563362
2021-09-13T04:00:00Z,74.590000000,71.260000000,76.160000000,69.820000000,2815775
2021-09-14T04:00:00Z,72.000000000,71.310000000,72.770000000,70.800000000,1376116
2021-09-15T04:00:00Z,71.840000000,73.620000000,73.620000000,70.340000000,1247850
2021-09-16T04:00:00Z,73.330000000,72.480000000,73.420000000,71.560000000,1483691
2021-09-17T04:00:00Z,72.510000000,74.760000000,75.600000000,72.040000000,2363322
2021-09-20T04:00:00Z,74.350000000,71.730000000,74.350000000,70.140000000,1866209
2021-09-21T04:00:00Z,71.790000000,76.090000000,76.340000000,71.410000000,2243738
2021-09-22T04:00:00Z,76.040000000,78.600000000,79.630000000,73.860000000,3156380
2021-09-23T04:00:00Z,79.550000000,79.370000000,80.090000000,77.510000000,2487174
2021-09-24T04:00:00Z,79.390000000,83.110000000,83.450000000,78.120000000,3606242
2021-09-27T04:00:00Z,83.550000000,80.080000000,84.750000000,79.330000000,2351901
2021-09-28T04:00:00Z,79.420000000,74.420000000,79.440000000,73.900000000,2901922
2021-09-29T04:00:00Z,75.280000000,71.760000000,76.100000000,71.580000000,2028372
2021-09-30T04:00:00Z,72.980000000,73.870000000,75.230000000,72.280000000,1936837
2021-10-01T04:00:00Z,73.890000000,75.250000000,75.850000000,73.240000000,1350686
2021-10-04T04:00:00Z,74.850000000,71.230000000,74.910000000,70.000000000,1971968
2021-10-05T04:00:00Z,71.620000000,73.410000000,73.900000000,71.260000000,1459921
2021-10-06T04:00:00Z,73.130000000,73.130000000,74.490000000,71.350000000,1342388
2021-10-07T04:00:00Z,73.930000000,76.280000000,77.200000000,73.680000000,1972455
2021-10-08T04:00:00Z,76.580000000,75.000000000,77.290000000,74.920000000,1073089
2021-10-11T04:00:00Z,74.630000000,73.530000000,76.410000000,73.530000000,1359639
2021-10-12T04:00:00Z,73.060000000,75.260000000,75.260000000,72.640000000,1446674
2021-10-13T04:00:00Z,75.350000000,74.950000000,76.170000000,74.670000000,1205467
2021-10-14T04:00:00Z,75.200000000,76.640000000,77.340000000,75.200000000,1534434
2021-10-15T04:00:00Z,76.950000000,77.340000000,78.720000000,75.930000000,1833300
2021-10-18T04:00:00Z,77.600000000,75.800000000,79.250000000,72.690000000,3610197
2021-10-19T04:00:00Z,76.000000000,76.430000000,78.140000000,73.930000000,2116110
2021-10-20T04:00:00Z,76.530000000,75.650000000,77.500000000,74.700000000,2223149
2021-10-21T04:00:00Z,75.140000000,75.650000000,75.950000000,52.500000000,10328776
2021-10-22T04:00:00Z,59.470000000,55.140000000,61.150000000,55.000000000,15786164
2021-10-25T04:00:00Z,55.400000000,54.500000000,56.260000000,53.770000000,6477420
2021-10-26T04:00:00Z,54.550000000,55.390000000,57.150000000,54.550000000,4592011
2021-10-27T04:00:00Z,56.080000000,52.020000000,56.080000000,51.680000000,4668255
2021-10-28T04:00:00Z,52.240000000,54.390000000,54.940000000,51.750000000,3624117
2021-10-29T04:00:00Z,54.330000000,52.580000000,54.650000000,52.210000000,2700488
2021-11-01T04:00:00Z,52.510000000,53.980000000,54.100000000,52.260000000,2416240
2021-11-02T04:00:00Z,53.810000000,52.200000000,53.940000000,51.870000000,2288172
2021-11-03T04:00:00Z,52.170000000,52.940000000,52.970000000,51.470000000,1649001
2021-11-04T04:00:00Z,52.810000000,52.260000000,53.380000000,51.780000000,1942005
2021-11-05T04:00:00Z,52.140000000,53.170000000,53.550000000,51.000000000,2151893
2021-11-08T04:00:00Z,53.160000000,54.900000000,55.130000000,52.670000000,2201048
2021-11-09T04:00:00Z,54.930000000,54.820000000,55.620000000,53.370000000,1560555
2021-11-10T04:00:00Z,54.230000000,52.880000000,54.800000000,52.020000000,1840303
2021-11-11T04:00:00Z,53.370000000,53.290000000,54.570000000,52.510000000,1546494
2021-11-12T04:00:00Z,53.380000000,53.700000000,54.010000000,52.860000000,1312623
2021-11-15T04:00:00Z,54.010000000,55.530000000,57.000000000,53.130000000,3155677
2021-11-16T04:00:00Z,56.020000000,55.110000000,56.100000000,54.010000000,1983108
2021-11-17T04:00:00Z,55.040000000,54.560000000,55.580000000,53.950000000,1387488
2021-11-18T04:00:00Z,54.700000000,53.470000000,54.840000000,52.570000000,1390595
2021-11-19T04:00:00Z,53.880000000,51.320000000,53.880000000,50.760000000,2398409
2021-11-22T04:00:00Z,51.670000000,49.260000000,51.940000000,47.480000000,4604186
2021-11-23T04:00:00Z,49.070000000,50.670000000,51.010000000,47.900000000,2733278
2021-11-24T04:00:00Z,50.850000000,49.660000000,51.110000000,48.600000000,1682790
2021-11-26T04:00:00Z,49.420000000,49.760000000,50.240000000,48.200000000,1866034
2021-11-29T04:00:00Z,50.340000000,48.850000000,51.130000000,48.490000000,1805922
2021-11-30T04:00:00Z,48.840000000,47.610000000,49.340000000,46.300000000,3305103
2021-12-01T04:00:00Z,48.300000000,47.260000000,50.960000000,46.800000000,4587439
2021-12-02T04:00:00Z,47.720000000,47.910000000,48.280000000,46.550000000,2296187
2021-12-03T04:00:00Z,47.800000000,46.790000000,48.500000000,45.500000000,3011446
2021-12-06T04:00:00Z,46.800000000,47.920000000,48.330000000,44.920000000,1987384
2021-12-07T04:00:00Z,48.310000000,50.400000000,51.660000000,48.080000000,3345363
2021-12-08T04:00:00Z,50.730000000,53.420000000,54.830000000,50.210000000,4077951
2021-12-09T04:00:00Z,53.090000000,52.360000000,54.850000000,52.130000000,2828929
2021-12-10T04:00:00Z,52.250000000,50.820000000,53.310000000,50.070000000,2415572
2021-12-13T04:00:00Z,50.980000000,48.140000000,51.950000000,46.540000000,3367613
2021-12-14T04:00:00Z,48.350000000,46.850000000,48.350000000,46.400000000,2185199
2021-12-15T04:00:00Z,47.030000000,46.410000000,47.310000000,44.070000000,3675487
2021-12-16T04:00:00Z,46.720000000,44.700000000,48.000000000,44.090000000,3521591
2021-12-17T04:00:00Z,44.450000000,45.290000000,45.850000000,42.970000000,2837174
2021-12-20T04:00:00Z,45.220000000,44.420000000,45.220000000,43.400000000,1581017
2021-12-21T04:00:00Z,45.350000000,46.100000000,46.180000000,43.910000000,1979151
2021-12-22T04:00:00Z,46.000000000,46.770000000,47.210000000,45.500000000,1795444
2021-12-23T04:00:00Z,46.530000000,48.720000000,49.070000000,45.970000000,2315758
2021-12-25T04:00:00Z,48.600000000,48.590000000,48.760000000,48.590000000,36
2021-12-26T04:00:00Z,48.750000000,48.750000000,48.750000000,48.750000000,2
2021-12-27T04:00:00Z,48.780000000,48.550000000,49.460000000,48.020000000,906074
2021-12-28T04:00:00Z,48.450000000,47.500000000,49.230000000,47.450000000,1013577
2021-12-29T04:00:00Z,47.850000000,46.890000000,48.410000000,46.570000000,926401
2021-12-30T04:00:00Z,46.530000000,48.190000000,48.730000000,46.510000000,1117437
2021-12-31T04:00:00Z,48.500000000,47.070000000,48.500000000,47.010000000,996409
2022-01-01T04:00:00Z,47.110000000,47.110000000,47.110000000,47.110000000,24
2022-01-02T04:00:00Z,47.120000000,47.110000000,47.120000000,46.960000000,40
2022-01-03T04:00:00Z,47.130000000,46.650000000,47.810000000,46.000000000,965757
2022-01-04T04:00:00Z,46.860000000,44.040000000,47.160000000,42.470000000,3570283
2022-01-05T04:00:00Z,43.930000000,41.290000000,44.500000000,41.010000000,2694065
2022-01-06T04:00:00Z,41.370000000,41.720000000,42.430000000,39.820000000,2560004
2022-01-07T04:00:00Z,42.280000000,41.370000000,43.300000000,41.050000000,1969044
2022-01-08T04:00:00Z,41.290000000,41.290000000,41.420000000,41.280000000,132
2022-01-09T04:00:00Z,41.280000000,41.420000000,41.420000000,41.280000000,18
2022-01-10T04:00:00Z,41.390000000,42.030000000,42.120000000,38.510000000,2509330
2022-01-11T04:00:00Z,41.750000000,43.230000000,43.720000000,41.620000000,2298080
2022-01-12T04:00:00Z,43.300000000,42.830000000,44.330000000,42.060000000,1666922
2022-01-13T04:00:00Z,42.780000000,38.520000000,43.000000000,38.250000000,3155296
2022-01-14T04:00:00Z,38.620000000,37.810000000,38.750000000,36.570000000,3126892
2022-01-15T04:00:00Z,38.100000000,37.960000000,38.100000000,37.960000000,324
2022-01-16T04:00:00Z,37.960000000,38.080000000,38.080000000,37.940000000,141
2022-01-18T04:00:00Z,37.730000000,35.760000000,37.770000000,35.580000000,4673318
2022-01-19T04:00:00Z,35.670000000,35.090000000,39.510000000,34.760000000,3145100
2022-01-20T04:00:00Z,35.620000000,34.700000000,37.100000000,34.110000000,2718769
2022-01-21T04:00:00Z,34.580000000,31.900000000,34.950000000,31.740000000,5106149
2022-01-22T04:00:00Z,32.070000000,31.870000000,32.070000000,31.870000000,1359
2022-01-23T04:00:00Z,31.870000000,31.850000000,31.970000000,31.850000000,162
2022-01-24T04:00:00Z,32.260000000,31.720000000,32.590000000,28.020000000,7032453
2022-01-25T04:00:00Z,31.730000000,30.270000000,32.080000000,30.090000000,4140610
2022-01-26T04:00:00Z,30.860000000,28.840000000,31.940000000,28.160000000,5988241
2022-01-27T04:00:00Z,28.840000000,28.450000000,30.670000000,28.170000000,4091402
2022-01-28T04:00:00Z,28.980000000,30.460000000,30.570000000,27.890000000,3506191
2022-01-29T04:00:00Z,30.470000000,30.390000000,30.490000000,30.370000000,492
2022-01-30T04:00:00Z,30.390000000,30.480000000,30.490000000,30.380000000,146
2022-01-31T04:00:00Z,30.570000000,32.820000000,32.820000000,30.300000000,2987996
2022-02-01T04:00:00Z,32.900000000,34.770000000,35.000000000,32.210000000,3477233
2022-02-02T04:00:00Z,34.500000000,26.170000000,35.380000000,25.120000000,6014141
2022-02-03T04:00:00Z,26.620000000,37.350000000,39.950000000,24.180000000,25059094
2022-02-04T04:00:00Z,38.210000000,38.650000000,40.640000000,33.800000000,31181622
2022-02-05T04:00:00Z,38.970000000,39.080000000,39.390000000,38.770000000,8454
2022-02-06T04:00:00Z,39.090000000,38.980000000,39.120000000,38.850000000,1440
2022-02-07T04:00:00Z,38.920000000,38.010000000,40.250000000,37.520000000,6011980
2022-02-08T04:00:00Z,37.830000000,37.350000000,37.950000000,34.880000000,6125176
2022-02-09T04:00:00Z,38.040000000,40.600000000,40.800000000,37.120000000,5787525
2022-02-10T04:00:00Z,40.040000000,40.800000000,41.970000000,38.120000000,4627045
2022-02-11T04:00:00Z,40.420000000,39.510000000,41.960000000,39.070000000,3584625
2022-02-12T04:00:00Z,39.430000000,39.180000000,39.520000000,39.160000000,2928
2022-02-13T04:00:00Z,39.300000000,39.240000000,39.330000000,39.030000000,1860
2022-02-14T04:00:00Z,38.820000000,39.700000000,41.880000000,38.020000000,2925011
2022-02-15T04:00:00Z,40.380000000,41.190000000,41.500000000,39.940000000,1805351
2022-02-16T04:00:00Z,41.390000000,40.160000000,41.430000000,38.480000000,3418762
2022-02-17T04:00:00Z,39.950000000,39.410000000,40.820000000,39.160000000,2246669
2022-02-18T04:00:00Z,39.780000000,37.880000000,40.390000000,37.880000000,2761303
2022-02-19T04:00:00Z,38.070000000,37.930000000,38.090000000,37.930000000,205
2022-02-20T04:00:00Z,37.930000000,37.890000000,38.040000000,37.840000000,286
2022-02-22T04:00:00Z,37.220000000,37.190000000,38.460000000,35.230000000,2609660
2022-02-23T04:00:00Z,37.760000000,36.800000000,38.140000000,36.160000000,2484417
2022-02-24T04:00:00Z,35.100000000,38.640000000,39.050000000,34.560000000,2900978
2022-02-25T04:00:00Z,38.850000000,39.150000000,39.610000000,38.100000000,1971284
2022-02-28T04:00:00Z,38.490000000,39.850000000,40.950000000,38.480000000,2374833
2022-03-01T04:00:00Z,39.140000000,38.150000000,39.650000000,37.460000000,1798080
2022-03-03T04:00:00Z,37.590000000,35.690000000,38.000000000,35.010000000,2039009
2022-03-09T04:00:00Z,32.330000000,33.570000000,34.230000000,31.730000000,2976499
2022-03-10T04:00:00Z,33.090000000,31.800000000,33.190000000,31.060000000,2016576
2022-03-11T04:00:00Z,31.970000000,30.000000000,32.490000000,29.750000000,2626997
