2020-07-29T07:00:00Z,50.450000000,51.030000000,51.030000000,50.450000000,38417
2020-07-30T07:00:00Z,50.450000000,49.530000000,50.450000000,49.530000000,33274
2020-07-31T07:00:00Z,50.190000000,50.190000000,50.190000000,50.190000000,61052
2020-08-03T07:00:00Z,50.180000000,50.180000000,50.180000000,50.180000000,45134
2020-08-04T07:00:00Z,50.260000000,50.260000000,50.260000000,50.260000000,33547
2020-08-05T07:00:00Z,52.550000000,52.550000000,52.550000000,52.550000000,52609
2020-08-06T07:00:00Z,52.230000000,52.390000000,52.390000000,52.230000000,21802
2020-08-07T07:00:00Z,54.030000000,54.030000000,54.030000000,54.030000000,29686
2020-08-10T07:00:00Z,55.060000000,55.060000000,55.060000000,55.060000000,31218
2020-08-11T07:00:00Z,55.140000000,55.140000000,55.140000000,55.140000000,44072
2020-08-12T07:00:00Z,54.970000000,54.970000000,54.970000000,54.970000000,21459
2020-08-13T07:00:00Z,53.990000000,53.990000000,53.990000000,53.990000000,21599
2020-08-14T07:00:00Z,53.880000000,53.880000000,53.880000000,53.880000000,24890
2020-08-17T07:00:00Z,53.790000000,53.790000000,53.790000000,53.790000000,24751
2020-08-18T07:00:00Z,53.250000000,53.250000000,53.250000000,53.250000000,25979
2020-08-19T07:00:00Z,53.180000000,53.180000000,53.180000000,53.180000000,21195
2020-08-20T07:00:00Z,52.510000000,52.510000000,52.510000000,52.510000000,15855
2020-08-21T07:00:00Z,51.810000000,51.810000000,51.810000000,51.810000000,45574
2020-08-24T07:00:00Z,53.400000000,53.400000000,53.400000000,53.400000000,27557
2020-08-25T07:00:00Z,52.570000000,52.570000000,52.570000000,52.570000000,16155
2020-08-26T07:00:00Z,52.200000000,52.200000000,52.200000000,52.200000000,22181
2020-08-27T07:00:00Z,52.170000000,52.170000000,52.170000000,52.170000000,19300
2020-08-28T07:00:00Z,52.330000000,52.330000000,52.330000000,52.330000000,17691
2020-08-31T07:00:00Z,51.610000000,51.610000000,51.610000000,51.610000000,41505
2020-09-01T07:00:00Z,51.710000000,51.710000000,51.710000000,51.710000000,22698
2020-09-02T07:00:00Z,51.690000000,51.690000000,51.690000000,51.690000000,25577
2020-09-03T07:00:00Z,50.780000000,50.780000000,50.780000000,50.780000000,41501
2020-09-04T07:00:00Z,50.580000000,50.580000000,50.580000000,50.580000000,48391
2020-09-08T07:00:00Z,48.760000000,48.760000000,48.760000000,48.760000000,46822
2020-09-09T07:00:00Z,49.280000000,49.280000000,49.280000000,49.280000000,32504
2020-09-10T07:00:00Z,48.740000000,48.740000000,48.740000000,48.740000000,27654
2020-09-11T07:00:00Z,48.920000000,48.920000000,48.920000000,48.920000000,36585
2020-09-14T07:00:00Z,49.640000000,49.640000000,49.640000000,49.640000000,38899
2020-09-15T07:00:00Z,48.470000000,48.470000000,48.470000000,48.470000000,27201
2020-09-16T07:00:00Z,48.790000000,48.790000000,48.790000000,48.790000000,60930
2020-09-17T07:00:00Z,49.040000000,49.040000000,49.040000000,49.040000000,58983
2020-09-18T07:00:00Z,48.390000000,48.390000000,48.390000000,48.390000000,217990
2020-09-21T07:00:00Z,46.060000000,46.060000000,46.060000000,46.060000000,51719
2020-09-22T07:00:00Z,45.880000000,45.880000000,45.880000000,45.880000000,51792
2020-09-23T07:00:00Z,45.600000000,45.600000000,45.600000000,45.600000000,48871
2020-09-24T07:00:00Z,46.130000000,46.130000000,46.130000000,46.130000000,43743
2020-09-25T07:00:00Z,45.940000000,45.940000000,45.940000000,45.940000000,44549
2020-09-28T07:00:00Z,47.130000000,47.130000000,47.130000000,47.130000000,42075
2020-09-29T07:00:00Z,46.550000000,46.550000000,46.550000000,46.550000000,40998
2020-09-30T07:00:00Z,46.420000000,46.420000000,46.420000000,46.420000000,66951
2020-10-01T07:00:00Z,47.020000000,47.020000000,47.020000000,47.020000000,34144
2020-10-02T07:00:00Z,47.430000000,47.430000000,47.430000000,47.430000000,40979
2020-10-05T07:00:00Z,48.300000000,48.300000000,48.300000000,48.300000000,27308
2020-10-06T07:00:00Z,47.740000000,47.740000000,47.740000000,47.740000000,65469
2020-10-07T07:00:00Z,48.130000000,48.130000000,48.130000000,48.130000000,47929
2020-10-08T07:00:00Z,49.280000000,49.280000000,49.280000000,49.280000000,27772
2020-10-09T07:00:00Z,49.490000000,49.490000000,49.490000000,49.490000000,21492
2020-10-12T07:00:00Z,49.700000000,49.700000000,49.700000000,49.700000000,22385
2020-10-13T07:00:00Z,48.370000000,48.370000000,48.370000000,48.370000000,30003
2020-10-14T07:00:00Z,47.730000000,47.730000000,47.730000000,47.730000000,21070
2020-10-15T07:00:00Z,48.460000000,48.460000000,48.460000000,48.460000000,35323
2020-10-16T07:00:00Z,47.970000000,47.970000000,47.970000000,47.970000000,36778
2020-10-19T07:00:00Z,47.140000000,47.140000000,47.140000000,47.140000000,23979
2020-10-20T07:00:00Z,47.060000000,47.060000000,47.060000000,47.060000000,21794
2020-10-21T07:00:00Z,47.160000000,47.160000000,47.160000000,47.160000000,33289
2020-10-22T07:00:00Z,47.630000000,47.630000000,47.630000000,47.630000000,24435
2020-10-23T07:00:00Z,48.540000000,48.540000000,48.540000000,48.540000000,35081
2020-10-26T07:00:00Z,47.770000000,47.740000000,47.770000000,46.860000000,19387
2020-10-27T07:00:00Z,46.930000000,46.930000000,46.930000000,46.930000000,37659
2020-10-28T07:00:00Z,47.950000000,45.940000000,47.950000000,45.940000000,48865
2020-10-29T07:00:00Z,45.880000000,46.170000000,46.460000000,45.880000000,47495
2020-10-30T07:00:00Z,46.210000000,46.210000000,46.210000000,46.210000000,33911
2020-11-02T07:00:00Z,47.180000000,47.180000000,47.180000000,47.180000000,21109
2020-11-03T07:00:00Z,47.640000000,47.640000000,47.640000000,47.640000000,30402
2020-11-04T07:00:00Z,47.640000000,47.640000000,47.640000000,47.640000000,44183
2020-11-05T07:00:00Z,48.550000000,48.480000000,48.550000000,48.480000000,30046
2020-11-06T07:00:00Z,48.640000000,48.640000000,48.640000000,48.640000000,22135
2020-11-09T07:00:00Z,49.940000000,49.940000000,49.940000000,49.940000000,54813
2020-11-10T07:00:00Z,50.630000000,50.630000000,50.630000000,50.630000000,43929
2020-11-11T07:00:00Z,50.430000000,50.430000000,50.430000000,50.430000000,36653
2020-11-12T07:00:00Z,50.720000000,50.720000000,50.720000000,50.720000000,51852
2020-11-13T07:00:00Z,51.060000000,51.060000000,51.060000000,51.060000000,40963
2020-11-16T07:00:00Z,53.470000000,53.930000000,54.410000000,52.850000000,61710
2020-11-17T07:00:00Z,52.900000000,52.900000000,52.900000000,52.900000000,36675
2020-11-18T07:00:00Z,51.990000000,51.990000000,51.990000000,51.990000000,37808
2020-11-19T07:00:00Z,52.500000000,52.500000000,52.500000000,52.500000000,33323
2020-11-20T07:00:00Z,51.810000000,51.790000000,51.810000000,51.790000000,55904
2020-11-23T07:00:00Z,52.940000000,52.730000000,52.940000000,52.730000000,33940
2020-11-24T07:00:00Z,55.000000000,53.740000000,55.000000000,53.740000000,33700
2020-11-25T07:00:00Z,51.970000000,52.580000000,52.700000000,51.970000000,41007
2020-11-27T07:00:00Z,52.820000000,52.530000000,52.820000000,52.530000000,22326
2020-11-30T07:00:00Z,51.670000000,51.670000000,51.670000000,51.670000000,40054
2020-12-01T07:00:00Z,52.330000000,52.330000000,52.330000000,52.330000000,33373
2020-12-02T07:00:00Z,51.900000000,51.900000000,51.900000000,51.900000000,39185
2020-12-03T07:00:00Z,51.920000000,51.920000000,51.920000000,51.920000000,39158
2020-12-04T07:00:00Z,53.510000000,54.150000000,54.150000000,53.510000000,35802
2020-12-07T07:00:00Z,54.610000000,54.840000000,54.840000000,54.610000000,42636
2020-12-08T07:00:00Z,55.030000000,55.700000000,55.700000000,55.030000000,34079
2020-12-09T07:00:00Z,54.820000000,56.360000000,56.360000000,54.820000000,40856
2020-12-10T07:00:00Z,56.430000000,56.430000000,56.430000000,56.430000000,34103
2020-12-11T07:00:00Z,57.310000000,56.460000000,57.320000000,56.000000000,37949
2020-12-14T07:00:00Z,56.860000000,56.860000000,56.860000000,56.860000000,86407
2020-12-15T07:00:00Z,57.020000000,57.500000000,57.500000000,57.020000000,55286
2020-12-16T07:00:00Z,57.370000000,56.950000000,57.370000000,56.950000000,52506
2020-12-17T07:00:00Z,56.920000000,56.920000000,56.920000000,56.920000000,43023
2020-12-18T07:00:00Z,56.440000000,56.450000000,56.450000000,56.440000000,509180
2020-12-21T07:00:00Z,55.710000000,55.710000000,55.710000000,55.710000000,48733
2020-12-22T07:00:00Z,55.990000000,55.990000000,55.990000000,55.990000000,32084
2020-12-23T07:00:00Z,56.500000000,56.660000000,56.660000000,56.500000000,22618
2020-12-24T07:00:00Z,57.160000000,57.160000000,57.160000000,57.160000000,11366
2020-12-28T07:00:00Z,58.670000000,58.670000000,58.670000000,58.670000000,38245
2020-12-29T07:00:00Z,58.240000000,58.240000000,58.240000000,58.240000000,38762
2020-12-30T07:00:00Z,59.890000000,60.370000000,60.370000000,59.890000000,66431
2020-12-31T07:00:00Z,61.260000000,60.570000000,61.260000000,60.570000000,52459
2021-01-04T07:00:00Z,59.690000000,58.480000000,60.610000000,58.480000000,67513
2021-01-05T07:00:00Z,59.540000000,59.540000000,59.540000000,59.540000000,42919
2021-01-06T07:00:00Z,60.480000000,62.850000000,62.850000000,60.480000000,92043
2021-01-07T07:00:00Z,63.300000000,63.300000000,63.300000000,63.300000000,52612
2021-01-08T07:00:00Z,64.180000000,61.260000000,64.180000000,61.260000000,38434
2021-01-11T07:00:00Z,62.140000000,60.640000000,62.140000000,60.190000000,40592
2021-01-12T07:00:00Z,61.520000000,62.160000000,62.160000000,61.520000000,32489
2021-01-13T07:00:00Z,61.140000000,61.810000000,61.980000000,61.140000000,29865
2021-01-14T07:00:00Z,61.570000000,62.340000000,62.340000000,61.570000000,51407
2021-01-15T07:00:00Z,61.400000000,61.110000000,61.600000000,61.110000000,30901
2021-01-19T07:00:00Z,62.070000000,62.070000000,62.070000000,62.070000000,27134
2021-01-20T07:00:00Z,62.370000000,62.370000000,62.370000000,62.370000000,38340
2021-01-21T07:00:00Z,61.340000000,60.080000000,61.340000000,60.080000000,57615
2021-01-22T07:00:00Z,59.280000000,60.110000000,60.110000000,59.280000000,53434
2021-01-25T07:00:00Z,59.850000000,59.850000000,59.850000000,59.850000000,64404
2021-01-26T07:00:00Z,58.900000000,58.220000000,58.900000000,58.220000000,38154
2021-01-27T07:00:00Z,57.350000000,58.350000000,58.570000000,57.350000000,55542
2021-01-28T07:00:00Z,57.960000000,57.750000000,57.960000000,57.750000000,45917
2021-01-29T07:00:00Z,57.750000000,57.750000000,57.750000000,57.750000000,39110
2021-02-01T07:00:00Z,58.950000000,58.950000000,58.950000000,58.950000000,34187
2021-02-02T07:00:00Z,60.300000000,60.720000000,60.720000000,60.060000000,35741
2021-02-03T07:00:00Z,60.510000000,60.720000000,61.300000000,59.900000000,31343
2021-02-04T07:00:00Z,60.730000000,61.650000000,62.000000000,60.700000000,28700
2021-02-05T07:00:00Z,61.910000000,62.100000000,62.100000000,61.100000000,39044
2021-02-08T07:00:00Z,63.000000000,64.400000000,64.400000000,63.000000000,30303
2021-02-09T07:00:00Z,63.470000000,64.440000000,65.150000000,63.470000000,41356
2021-02-10T07:00:00Z,64.680000000,63.440000000,64.680000000,63.440000000,33419
2021-02-11T07:00:00Z,64.700000000,64.950000000,64.950000000,63.260000000,47383
2021-02-12T07:00:00Z,64.030000000,64.690000000,64.690000000,64.020000000,25893
2021-02-16T07:00:00Z,65.210000000,64.100000000,65.650000000,64.000000000,46148
2021-02-17T07:00:00Z,65.680000000,66.840000000,67.740000000,65.680000000,62159
2021-02-18T07:00:00Z,66.540000000,66.540000000,66.540000000,66.540000000,60375
2021-02-19T07:00:00Z,66.980000000,66.950000000,66.980000000,66.780000000,61730
2021-02-22T07:00:00Z,66.880000000,67.840000000,67.840000000,66.610000000,55856
2021-02-23T07:00:00Z,66.500000000,67.020000000,67.020000000,66.400000000,50720
2021-02-24T07:00:00Z,67.820000000,67.800000000,67.840000000,67.800000000,31918
2021-02-25T07:00:00Z,67.840000000,65.890000000,67.840000000,65.890000000,39553
2021-02-26T07:00:00Z,65.680000000,65.530000000,66.010000000,65.530000000,54659
2021-03-01T04:00:00Z,67.730000000,67.730000000,67.730000000,67.730000000,31672
2021-03-02T04:00:00Z,67.130000000,66.230000000,67.400000000,66.230000000,27074
2021-03-03T04:00:00Z,67.670000000,66.660000000,67.670000000,66.660000000,48951
2021-03-04T04:00:00Z,65.640000000,65.790000000,67.050000000,65.640000000,73815
2021-03-05T04:00:00Z,66.960000000,66.960000000,66.960000000,66.960000000,60340
2021-03-08T04:00:00Z,67.880000000,67.880000000,67.880000000,67.880000000,77914
2021-03-09T04:00:00Z,67.800000000,67.500000000,67.800000000,67.500000000,61812
2021-03-10T04:00:00Z,68.760000000,69.490000000,69.490000000,68.760000000,42338
2021-03-11T04:00:00Z,70.070000000,70.220000000,70.220000000,70.070000000,62403
2021-03-12T04:00:00Z,70.530000000,71.320000000,71.320000000,70.530000000,37496
2021-03-15T04:00:00Z,70.260000000,71.170000000,71.170000000,70.260000000,40421
2021-03-16T04:00:00Z,70.000000000,70.220000000,70.230000000,69.860000000,34345
2021-03-17T04:00:00Z,71.600000000,71.080000000,71.600000000,70.550000000,38531
2021-03-18T04:00:00Z,71.270000000,71.430000000,72.820000000,71.160000000,49356
2021-03-19T04:00:00Z,70.920000000,70.330000000,70.970000000,70.330000000,258353
2021-03-22T04:00:00Z,70.740000000,69.280000000,70.740000000,69.280000000,36484
2021-03-23T04:00:00Z,68.000000000,66.730000000,68.000000000,66.730000000,41431
2021-03-24T04:00:00Z,68.010000000,66.170000000,68.010000000,66.170000000,50847
2021-03-25T04:00:00Z,67.490000000,67.360000000,67.490000000,67.360000000,47739
2021-03-26T04:00:00Z,66.340000000,68.100000000,68.100000000,66.340000000,52116
2021-03-29T04:00:00Z,68.210000000,66.470000000,68.210000000,66.470000000,56720
2021-03-30T04:00:00Z,66.660000000,67.490000000,67.520000000,66.660000000,50620
2021-03-31T04:00:00Z,67.190000000,67.130000000,67.390000000,67.130000000,76696
2021-04-01T04:00:00Z,68.260000000,68.450000000,68.450000000,67.310000000,39115
2021-04-05T04:00:00Z,68.400000000,69.100000000,69.100000000,68.400000000,23974
2021-04-06T04:00:00Z,68.070000000,68.170000000,69.000000000,67.750000000,39216
2021-04-07T04:00:00Z,67.980000000,67.400000000,67.980000000,67.400000000,43628
2021-04-08T04:00:00Z,67.190000000,67.450000000,67.450000000,67.110000000,54850
2021-04-09T04:00:00Z,68.180000000,68.960000000,68.960000000,68.180000000,57487
2021-04-12T04:00:00Z,69.820000000,69.820000000,69.820000000,69.820000000,25961
2021-04-13T04:00:00Z,69.810000000,69.810000000,69.810000000,69.810000000,38028
2021-04-14T04:00:00Z,70.720000000,70.880000000,70.880000000,70.720000000,62070
2021-04-15T04:00:00Z,72.110000000,72.110000000,72.110000000,72.110000000,27901
2021-04-16T04:00:00Z,70.880000000,70.880000000,70.880000000,70.880000000,36643
2021-04-19T04:00:00Z,70.770000000,70.850000000,70.850000000,70.770000000,44414
2021-04-20T04:00:00Z,70.800000000,69.580000000,70.800000000,69.020000000,33270
2021-04-21T04:00:00Z,68.340000000,71.680000000,71.680000000,68.340000000,39523
2021-04-22T04:00:00Z,70.450000000,70.450000000,70.450000000,70.450000000,28770
2021-04-23T04:00:00Z,71.680000000,71.870000000,72.290000000,71.680000000,47399
2021-04-26T04:00:00Z,72.800000000,72.180000000,72.800000000,72.180000000,40964
2021-04-27T04:00:00Z,75.550000000,74.600000000,75.550000000,72.180000000,65528
2021-04-28T04:00:00Z,74.750000000,75.930000000,75.930000000,74.750000000,53503
2021-04-29T04:00:00Z,75.860000000,75.260000000,75.860000000,74.450000000,27850
2021-04-30T04:00:00Z,74.680000000,74.680000000,74.680000000,74.680000000,64381
2021-05-03T04:00:00Z,77.000000000,76.990000000,77.000000000,76.990000000,36264
2021-05-04T04:00:00Z,78.370000000,78.140000000,78.370000000,77.810000000,62944
2021-05-05T04:00:00Z,78.140000000,78.290000000,78.300000000,78.140000000,55370
2021-05-06T04:00:00Z,78.800000000,80.160000000,80.160000000,78.800000000,47987
2021-05-07T04:00:00Z,80.000000000,81.680000000,81.680000000,80.000000000,37310
2021-05-10T04:00:00Z,83.060000000,80.590000000,83.060000000,80.590000000,52405
2021-05-11T04:00:00Z,79.570000000,80.770000000,80.770000000,79.570000000,22441
2021-05-12T04:00:00Z,79.350000000,77.970000000,79.350000000,77.970000000,50040
2021-05-13T04:00:00Z,78.000000000,80.500000000,80.500000000,78.000000000,38449
2021-05-14T04:00:00Z,80.790000000,81.320000000,81.320000000,80.790000000,32089
2021-05-17T04:00:00Z,81.280000000,82.520000000,82.520000000,81.280000000,34108
2021-05-18T04:00:00Z,81.660000000,81.410000000,81.660000000,81.410000000,33089
2021-05-19T04:00:00Z,80.400000000,80.400000000,80.400000000,80.400000000,35045
2021-05-20T04:00:00Z,80.460000000,80.460000000,80.460000000,80.460000000,40205
2021-05-21T04:00:00Z,80.610000000,80.610000000,80.610000000,80.610000000,50240
2021-05-24T04:00:00Z,80.660000000,81.090000000,81.090000000,80.660000000,20525
2021-05-25T04:00:00Z,81.500000000,80.840000000,81.500000000,80.840000000,73887
2021-05-26T04:00:00Z,81.370000000,81.370000000,81.370000000,81.370000000,42463
2021-05-27T04:00:00Z,82.440000000,82.440000000,82.440000000,82.440000000,37889
2021-05-28T04:00:00Z,82.200000000,82.200000000,82.200000000,82.200000000,22493
2021-06-01T04:00:00Z,83.110000000,82.800000000,83.500000000,82.800000000,54409
2021-06-02T04:00:00Z,82.050000000,81.470000000,82.050000000,81.470000000,33331
2021-06-03T04:00:00Z,81.500000000,81.250000000,81.500000000,81.250000000,60398
2021-06-04T04:00:00Z,81.000000000,82.100000000,82.100000000,81.000000000,28453
2021-06-07T04:00:00Z,81.640000000,82.010000000,82.010000000,81.640000000,28675
2021-06-08T04:00:00Z,82.720000000,82.720000000,82.720000000,82.720000000,25407
2021-06-09T04:00:00Z,82.500000000,82.500000000,82.500000000,82.500000000,21575
2021-06-10T04:00:00Z,81.780000000,80.010000000,81.780000000,80.010000000,8
2021-06-11T04:00:00Z,82.340000000,82.340000000,82.340000000,82.340000000,23053
2021-06-14T04:00:00Z,81.690000000,81.690000000,81.690000000,81.690000000,28387
2021-06-15T04:00:00Z,82.830000000,82.830000000,82.830000000,82.830000000,27243
2021-06-16T04:00:00Z,81.590000000,81.960000000,81.960000000,81.590000000,28388
2021-06-17T04:00:00Z,78.780000000,78.840000000,79.000000000,78.760000000,38470
2021-06-18T04:00:00Z,78.790000000,74.450000000,78.790000000,74.450000000,144387
2021-06-21T04:00:00Z,74.660000000,76.880000000,77.060000000,74.660000000,54499
2021-06-22T04:00:00Z,77.200000000,77.350000000,77.350000000,77.200000000,27364
2021-06-23T04:00:00Z,78.720000000,76.980000000,78.720000000,76.740000000,34445
2021-06-24T04:00:00Z,77.200000000,77.520000000,77.520000000,77.200000000,27593
2021-06-25T04:00:00Z,77.500000000,77.250000000,77.500000000,77.250000000,152136
2021-06-28T04:00:00Z,77.360000000,75.840000000,77.360000000,75.840000000,61909
2021-06-29T04:00:00Z,76.250000000,75.550000000,77.070000000,75.550000000,37724
2021-06-30T04:00:00Z,76.870000000,75.790000000,76.870000000,75.440000000,34907
2021-07-01T04:00:00Z,76.590000000,76.110000000,76.590000000,76.110000000,43022
2021-07-02T04:00:00Z,75.800000000,75.250000000,75.800000000,74.720000000,27238
2021-07-06T04:00:00Z,73.730000000,73.000000000,73.730000000,72.910000000,123808
2021-07-07T04:00:00Z,71.150000000,72.520000000,72.520000000,71.150000000,81658
2021-07-08T04:00:00Z,72.090000000,70.480000000,72.090000000,70.480000000,58754
2021-07-09T04:00:00Z,72.820000000,72.820000000,72.820000000,72.820000000,49552
2021-07-12T04:00:00Z,72.010000000,72.010000000,72.010000000,72.010000000,31371
2021-07-13T04:00:00Z,70.820000000,70.190000000,70.820000000,70.190000000,29294
2021-07-14T04:00:00Z,70.190000000,69.120000000,70.190000000,68.950000000,49580
2021-07-15T04:00:00Z,69.060000000,69.680000000,69.680000000,68.490000000,46264
2021-07-16T04:00:00Z,68.490000000,68.490000000,68.490000000,68.490000000,24277
2021-07-19T04:00:00Z,67.000000000,67.070000000,67.350000000,67.000000000,54026
2021-07-20T04:00:00Z,67.500000000,68.400000000,69.130000000,67.500000000,58585
2021-07-21T04:00:00Z,69.510000000,69.240000000,69.510000000,69.240000000,32916
2021-07-22T04:00:00Z,69.300000000,68.100000000,69.300000000,67.820000000,40280
2021-07-23T04:00:00Z,69.380000000,69.700000000,69.700000000,69.380000000,34933
2021-07-26T04:00:00Z,70.930000000,70.480000000,70.930000000,70.480000000,24756
2021-07-27T04:00:00Z,72.070000000,71.420000000,90.500000000,70.000000000,50418
2021-07-28T04:00:00Z,88.930000000,79.010000000,90.790000000,78.140000000,163665
2021-07-29T04:00:00Z,81.100000000,80.000000000,82.070000000,76.940000000,89533
2021-07-30T04:00:00Z,78.570000000,78.430000000,81.000000000,77.780000000,64545
2021-08-02T04:00:00Z,78.780000000,78.360000000,80.040000000,78.040000000,71155
2021-08-03T04:00:00Z,78.000000000,79.390000000,79.860000000,77.800000000,191615
2021-08-04T04:00:00Z,79.780000000,81.720000000,81.720000000,77.860000000,76648
2021-08-05T04:00:00Z,80.750000000,84.530000000,84.600000000,80.560000000,83558
2021-08-06T04:00:00Z,84.940000000,85.970000000,85.970000000,84.940000000,54443
2021-08-09T04:00:00Z,85.970000000,85.760000000,86.200000000,85.250000000,40311
2021-08-10T04:00:00Z,83.950000000,86.620000000,87.280000000,83.950000000,58184
2021-08-11T04:00:00Z,87.000000000,88.260000000,88.690000000,87.000000000,29929
2021-08-12T04:00:00Z,88.200000000,88.560000000,88.740000000,87.820000000,39810
2021-08-13T04:00:00Z,90.000000000,87.880000000,90.000000000,87.000000000,23143
2021-08-16T04:00:00Z,87.010000000,87.380000000,87.970000000,87.000000000,34858
2021-08-17T04:00:00Z,86.360000000,85.500000000,86.360000000,84.990000000,23479
2021-08-18T04:00:00Z,84.600000000,84.600000000,85.790000000,84.600000000,48558
2021-08-19T04:00:00Z,84.000000000,84.200000000,84.200000000,83.000000000,73815
2021-08-20T04:00:00Z,85.500000000,85.590000000,85.810000000,84.910000000,62259
2021-08-23T04:00:00Z,84.980000000,86.420000000,86.420000000,84.980000000,31657
2021-08-24T04:00:00Z,85.720000000,86.750000000,86.770000000,85.720000000,33287
2021-08-25T04:00:00Z,87.160000000,86.450000000,87.160000000,86.450000000,28616
2021-08-26T04:00:00Z,85.640000000,85.020000000,85.640000000,85.020000000,30536
2021-08-27T04:00:00Z,86.730000000,86.730000000,86.730000000,86.730000000,61515
2021-08-30T04:00:00Z,86.700000000,86.060000000,86.700000000,85.960000000,31500
2021-08-31T04:00:00Z,85.660000000,85.010000000,85.660000000,85.010000000,48730
2021-09-01T04:00:00Z,85.050000000,85.010000000,85.330000000,84.040000000,40037
2021-09-02T04:00:00Z,85.110000000,85.110000000,85.110000000,85.110000000,38895
2021-09-03T04:00:00Z,84.020000000,85.100000000,85.150000000,84.020000000,40590
2021-09-07T04:00:00Z,85.600000000,85.360000000,85.600000000,84.790000000,40691
2021-09-08T04:00:00Z,84.680000000,85.420000000,85.420000000,84.680000000,38823
2021-09-09T04:00:00Z,84.090000000,86.160000000,86.580000000,84.090000000,45932
2021-09-10T04:00:00Z,87.000000000,84.900000000,89.270000000,84.900000000,33247
2021-09-13T04:00:00Z,85.140000000,85.150000000,85.250000000,83.530000000,35909
2021-09-14T04:00:00Z,85.150000000,83.530000000,85.150000000,83.530000000,34502
2021-09-15T04:00:00Z,85.800000000,86.980000000,86.980000000,85.800000000,44785
2021-09-16T04:00:00Z,86.000000000,84.850000000,88.110000000,84.850000000,41667
2021-09-17T04:00:00Z,84.500000000,84.600000000,84.600000000,84.500000000,190944
2021-09-20T04:00:00Z,82.750000000,84.890000000,84.890000000,82.380000000,105977
2021-09-21T04:00:00Z,83.760000000,88.000000000,88.000000000,83.760000000,57731
2021-09-22T04:00:00Z,88.790000000,91.010000000,92.360000000,88.790000000,98946
2021-09-23T04:00:00Z,92.000000000,94.200000000,94.560000000,91.050000000,86304
2021-09-24T04:00:00Z,95.910000000,97.290000000,100.000000000,94.210000000,73419
2021-09-27T04:00:00Z,97.030000000,100.970000000,102.000000000,97.030000000,58232
2021-09-28T04:00:00Z,99.050000000,98.650000000,99.830000000,97.660000000,37994
2021-09-29T04:00:00Z,98.170000000,99.240000000,99.290000000,98.170000000,33896
2021-09-30T04:00:00Z,99.200000000,94.830000000,99.200000000,94.830000000,47444
2021-10-01T04:00:00Z,92.150000000,95.050000000,95.050000000,92.150000000,38360
2021-10-04T04:00:00Z,95.360000000,95.850000000,97.420000000,95.360000000,39059
2021-10-05T04:00:00Z,94.990000000,97.630000000,97.970000000,94.990000000,43747
2021-10-06T04:00:00Z,97.000000000,98.500000000,98.640000000,96.220000000,50611
2021-10-07T04:00:00Z,99.990000000,104.050000000,104.050000000,99.990000000,129902
2021-10-08T04:00:00Z,103.460000000,101.470000000,104.100000000,101.470000000,38737
2021-10-11T04:00:00Z,101.720000000,102.980000000,103.870000000,101.720000000,48290
2021-10-12T04:00:00Z,102.980000000,103.740000000,104.230000000,102.980000000,37662
2021-10-13T04:00:00Z,103.740000000,103.370000000,105.000000000,103.040000000,40003
2021-10-14T04:00:00Z,103.470000000,107.730000000,107.730000000,103.470000000,52728
2021-10-15T04:00:00Z,109.490000000,110.690000000,113.500000000,108.720000000,149639
2021-10-18T04:00:00Z,110.420000000,112.310000000,113.000000000,108.840000000,62061
2021-10-19T04:00:00Z,114.890000000,110.470000000,114.890000000,110.150000000,56181
2021-10-20T04:00:00Z,109.320000000,110.650000000,111.510000000,109.320000000,47434
2021-10-21T04:00:00Z,110.740000000,110.650000000,110.740000000,109.080000000,65168
2021-10-22T04:00:00Z,108.380000000,112.890000000,112.890000000,107.710000000,69773
2021-10-25T04:00:00Z,112.890000000,116.860000000,118.560000000,112.890000000,112282
2021-10-26T04:00:00Z,119.000000000,115.330000000,128.690000000,114.300000000,79963
2021-10-27T04:00:00Z,126.000000000,122.940000000,135.010000000,120.930000000,139966
2021-10-28T04:00:00Z,123.010000000,131.610000000,131.610000000,121.690000000,132953
2021-10-29T04:00:00Z,131.610000000,134.060000000,137.000000000,129.260000000,130261
2021-11-01T04:00:00Z,136.750000000,140.220000000,141.490000000,133.430000000,117979
2021-11-02T04:00:00Z,139.200000000,140.020000000,144.210000000,138.020000000,129083
2021-11-03T04:00:00Z,139.960000000,139.000000000,141.990000000,138.000000000,106660
2021-11-04T04:00:00Z,140.000000000,137.410000000,142.000000000,136.570000000,123944
2021-11-05T04:00:00Z,136.900000000,139.910000000,142.450000000,135.900000000,79611
2021-11-08T04:00:00Z,139.010000000,137.290000000,146.000000000,136.900000000,81583
2021-11-09T04:00:00Z,137.290000000,142.000000000,142.780000000,135.160000000,98496
2021-11-10T04:00:00Z,141.180000000,141.000000000,145.000000000,139.600000000,74229
2021-11-11T04:00:00Z,142.670000000,142.360000000,145.000000000,140.870000000,52696
2021-11-12T04:00:00Z,142.780000000,142.990000000,144.130000000,141.650000000,73048
2021-11-15T04:00:00Z,143.020000000,142.630000000,146.390000000,141.510000000,64161
2021-11-16T04:00:00Z,141.350000000,144.230000000,146.400000000,140.500000000,85091
2021-11-17T04:00:00Z,146.000000000,146.630000000,148.000000000,143.550000000,75119
2021-11-18T04:00:00Z,144.300000000,147.610000000,150.000000000,144.300000000,93031
2021-11-19T04:00:00Z,147.440000000,144.700000000,151.010000000,144.290000000,183977
2021-11-22T04:00:00Z,145.240000000,147.350000000,150.470000000,145.000000000,76161
2021-11-23T04:00:00Z,146.780000000,147.980000000,151.700000000,145.000000000,88606
2021-11-24T04:00:00Z,148.610000000,147.900000000,153.000000000,144.260000000,69467
2021-11-26T04:00:00Z,147.000000000,138.780000000,148.280000000,133.540000000,104812
2021-11-29T04:00:00Z,141.020000000,143.310000000,145.250000000,135.000000000,107985
2021-11-30T04:00:00Z,144.150000000,140.460000000,144.150000000,138.390000000,115875
2021-12-01T04:00:00Z,141.770000000,141.290000000,146.800000000,141.290000000,79740
2021-12-02T04:00:00Z,141.180000000,146.600000000,146.840000000,140.770000000,93732
2021-12-03T04:00:00Z,148.000000000,140.540000000,152.000000000,140.540000000,113025
2021-12-06T04:00:00Z,141.070000000,129.850000000,141.070000000,127.000000000,171028
2021-12-07T04:00:00Z,127.000000000,134.580000000,136.500000000,127.000000000,66405
2021-12-08T04:00:00Z,136.500000000,131.650000000,136.500000000,131.310000000,93330
2021-12-09T04:00:00Z,132.610000000,126.580000000,132.820000000,126.490000000,73104
2021-12-10T04:00:00Z,128.980000000,128.480000000,129.920000000,125.490000000,127493
2021-12-13T04:00:00Z,128.460000000,127.450000000,131.900000000,127.100000000,77484
2021-12-14T04:00:00Z,127.260000000,129.670000000,130.020000000,124.300000000,106456
2021-12-15T04:00:00Z,128.910000000,135.780000000,137.380000000,128.890000000,119997
2021-12-16T04:00:00Z,138.620000000,132.040000000,140.000000000,131.950000000,86975
2021-12-17T04:00:00Z,133.340000000,129.910000000,134.280000000,129.910000000,676602
2021-12-20T04:00:00Z,128.960000000,132.050000000,132.050000000,126.250000000,127013
2021-12-21T04:00:00Z,133.500000000,133.390000000,134.000000000,129.950000000,60994
2021-12-22T04:00:00Z,133.130000000,137.380000000,137.600000000,133.130000000,74883
2021-12-23T04:00:00Z,137.630000000,139.280000000,140.010000000,136.270000000,58841
2021-12-27T04:00:00Z,140.880000000,147.000000000,147.000000000,137.730000000,104103
2021-12-28T04:00:00Z,146.920000000,141.640000000,148.740000000,141.180000000,64886
2021-12-29T04:00:00Z,142.710000000,143.830000000,144.280000000,139.820000000,54708
2021-12-30T04:00:00Z,143.850000000,141.300000000,144.970000000,141.300000000,44428
2021-12-31T04:00:00Z,142.700000000,143.100000000,143.770000000,140.200000000,49179
2022-01-03T04:00:00Z,143.600000000,141.180000000,145.930000000,140.420000000,47151
2022-01-04T04:00:00Z,142.470000000,141.500000000,145.130000000,140.710000000,69076
2022-01-05T04:00:00Z,144.300000000,136.290000000,144.300000000,136.290000000,70794
2022-01-06T04:00:00Z,135.230000000,137.000000000,138.890000000,133.830000000,76807
2022-01-07T04:00:00Z,137.030000000,128.650000000,138.290000000,127.890000000,106292
2022-01-10T04:00:00Z,129.600000000,129.030000000,129.620000000,125.020000000,130868
2022-01-11T04:00:00Z,130.230000000,132.830000000,132.830000000,126.250000000,64452
2022-01-12T04:00:00Z,132.860000000,131.690000000,135.110000000,131.100000000,79254
2022-01-13T04:00:00Z,132.990000000,129.580000000,134.770000000,128.890000000,39416
2022-01-14T04:00:00Z,129.950000000,128.690000000,129.950000000,125.930000000,63842
2022-01-18T04:00:00Z,127.330000000,120.250000000,129.650000000,120.110000000,106913
2022-01-19T04:00:00Z,120.510000000,116.900000000,122.040000000,115.880000000,97588
2022-01-20T04:00:00Z,117.160000000,116.990000000,121.480000000,115.150000000,84127
2022-01-21T04:00:00Z,116.990000000,114.370000000,118.110000000,111.950000000,104351
2022-01-24T04:00:00Z,112.780000000,114.250000000,115.020000000,108.440000000,118229
2022-01-25T04:00:00Z,113.520000000,110.780000000,114.650000000,107.850000000,56493
2022-01-26T04:00:00Z,111.600000000,108.530000000,114.550000000,107.480000000,66907
2022-01-27T04:00:00Z,108.900000000,105.750000000,112.000000000,105.200000000,63896
2022-01-28T04:00:00Z,104.970000000,106.330000000,106.950000000,100.930000000,80355
2022-01-31T04:00:00Z,106.150000000,112.740000000,112.780000000,105.070000000,146169
2022-02-01T04:00:00Z,112.910000000,114.310000000,114.750000000,111.320000000,107901
2022-02-02T04:00:00Z,113.630000000,114.990000000,116.160000000,112.370000000,89052
2022-02-03T04:00:00Z,112.960000000,112.000000000,115.740000000,112.000000000,56495
2022-02-04T04:00:00Z,112.290000000,112.380000000,114.170000000,110.250000000,72956
2022-02-07T04:00:00Z,111.960000000,111.980000000,113.320000000,110.870000000,38475
2022-02-08T04:00:00Z,110.860000000,118.220000000,118.220000000,110.850000000,88080
2022-02-09T04:00:00Z,119.360000000,122.200000000,122.410000000,118.000000000,99605
2022-02-10T04:00:00Z,122.220000000,116.890000000,122.220000000,114.840000000,135978
2022-02-11T04:00:00Z,117.270000000,110.810000000,117.270000000,110.050000000,132013
2022-02-14T04:00:00Z,110.010000000,114.760000000,115.780000000,108.130000000,152638
2022-02-15T04:00:00Z,116.830000000,124.000000000,126.000000000,111.000000000,113999
2022-02-16T04:00:00Z,122.990000000,107.500000000,123.010000000,105.150000000,178625
2022-02-17T04:00:00Z,108.190000000,107.560000000,108.750000000,104.750000000,127122
2022-02-18T04:00:00Z,106.990000000,112.010000000,114.910000000,106.680000000,160227
2022-02-22T04:00:00Z,115.260000000,111.780000000,117.350000000,110.500000000,154653
2022-02-23T04:00:00Z,112.890000000,112.110000000,116.710000000,112.110000000,129486
2022-02-24T04:00:00Z,108.790000000,116.400000000,117.000000000,107.990000000,113162
2022-02-25T04:00:00Z,116.400000000,121.720000000,121.840000000,115.600000000,102813
2022-02-28T04:00:00Z,118.760000000,115.110000000,120.000000000,115.000000000,93812
2022-03-01T04:00:00Z,113.530000000,112.800000000,114.710000000,111.760000000,76282
2022-03-03T04:00:00Z,117.480000000,116.490000000,118.480000000,114.250000000,57997
2022-03-09T04:00:00Z,116.900000000,120.080000000,122.860000000,116.900000000,89028
2022-03-10T04:00:00Z,120.520000000,124.760000000,124.900000000,119.990000000,81186
2022-03-11T04:00:00Z,125.210000000,124.760000000,127.950000000,124.760000000,105448
