2018-03-07T07:00:00Z,0.384000000,0.383000000,0.384000000,0.383000000,120
2018-03-09T07:00:00Z,0.385000000,0.387000000,0.387000000,0.385000000,136
2018-03-12T07:00:00Z,0.385000000,0.376000000,0.477000000,0.375000000,1254
2018-03-13T07:00:00Z,0.378000000,0.376000000,0.393000000,0.376000000,690
2018-03-14T07:00:00Z,0.390000000,0.390000000,0.390000000,0.363000000,17
2018-03-15T07:00:00Z,0.390000000,0.383000000,0.390000000,0.383000000,26
2018-03-16T07:00:00Z,0.388000000,0.389000000,0.390000000,0.388000000,19
2018-03-19T07:00:00Z,0.385000000,0.383000000,0.388000000,0.383000000,42
2018-03-20T07:00:00Z,0.385000000,0.386000000,0.388000000,0.381000000,9
2018-03-21T07:00:00Z,0.388000000,0.383000000,0.389000000,0.351000000,269
2018-03-22T07:00:00Z,0.381000000,0.364000000,0.384000000,0.352000000,690
2018-03-23T07:00:00Z,0.363000000,0.368000000,0.389000000,0.350000000,2761
2018-03-26T07:00:00Z,0.369000000,0.361000000,0.374000000,0.356000000,449
2018-03-27T07:00:00Z,0.372000000,0.370000000,0.372000000,0.359000000,95
2018-03-28T07:00:00Z,0.370000000,0.362000000,0.384000000,0.361000000,346
2018-03-29T07:00:00Z,0.366000000,0.374000000,0.390000000,0.366000000,45
2018-03-30T07:00:00Z,0.368000000,0.369000000,0.390000000,0.360000000,635
2018-04-02T07:00:00Z,0.380000000,0.377000000,0.390000000,0.360000000,1133
2018-04-03T07:00:00Z,0.376000000,0.380000000,0.391000000,0.375000000,249
2018-04-04T07:00:00Z,0.370000000,0.379000000,0.391000000,0.366000000,3320
2018-04-05T07:00:00Z,0.370000000,0.382000000,0.382000000,0.368000000,4171
2018-04-06T07:00:00Z,0.376000000,0.374000000,0.376000000,0.374000000,13
2018-04-09T07:00:00Z,0.369000000,0.364000000,0.369000000,0.360000000,180
2018-04-10T07:00:00Z,0.360000000,0.343000000,0.360000000,0.340000000,297
2018-04-11T07:00:00Z,0.355000000,0.358000000,0.358000000,0.354000000,91
2018-04-12T07:00:00Z,0.355000000,0.355000000,0.355000000,0.355000000,82
2018-04-13T07:00:00Z,0.355000000,0.350000000,0.355000000,0.350000000,15
2018-04-16T07:00:00Z,0.350000000,0.350000000,0.363000000,0.349000000,29
2018-04-17T07:00:00Z,0.343000000,0.360000000,0.362000000,0.341000000,113
2018-04-18T07:00:00Z,0.347000000,0.350000000,0.362000000,0.347000000,425
2018-04-19T07:00:00Z,0.350000000,0.345000000,0.378000000,0.345000000,411
2018-04-20T07:00:00Z,0.345000000,0.346000000,0.378000000,0.343000000,157
2018-04-23T07:00:00Z,0.345000000,0.340000000,0.348000000,0.340000000,141
2018-04-24T07:00:00Z,0.340000000,0.332000000,0.381000000,0.323000000,1361
2018-04-25T07:00:00Z,0.343000000,0.356000000,0.392000000,0.325000000,776
2018-04-26T07:00:00Z,0.369000000,0.374000000,0.430000000,0.344000000,203
2018-04-27T07:00:00Z,0.378000000,0.409000000,0.409000000,0.361000000,1084
2018-04-28T07:00:00Z,0.395000000,0.398000000,0.450000000,0.368000000,529
2018-04-30T07:00:00Z,0.362000000,0.384000000,0.384000000,0.362000000,9
2018-05-02T07:00:00Z,0.367000000,0.364000000,0.419000000,0.361000000,18
2018-05-03T07:00:00Z,0.370000000,0.381000000,0.420000000,0.370000000,154
2018-05-04T07:00:00Z,0.397000000,0.400000000,0.420000000,0.378000000,168
2018-05-07T07:00:00Z,0.380000000,0.379000000,0.388000000,0.367000000,426
2018-05-08T07:00:00Z,0.380000000,0.386000000,0.387000000,0.380000000,4
2018-05-10T07:00:00Z,0.384000000,0.379000000,0.384000000,0.375000000,14
2018-05-11T07:00:00Z,0.379000000,0.370000000,0.380000000,0.370000000,14
2018-05-14T07:00:00Z,0.374000000,0.374000000,0.384000000,0.374000000,46
2018-05-15T07:00:00Z,0.374000000,0.366000000,0.374000000,0.364000000,372
2018-05-16T07:00:00Z,0.364000000,0.360000000,0.399000000,0.354000000,310
2018-05-17T07:00:00Z,0.367000000,0.360000000,0.373000000,0.350000000,355
2018-05-18T07:00:00Z,0.360000000,0.373000000,0.373000000,0.354000000,251
2018-05-21T07:00:00Z,0.365000000,0.350000000,0.365000000,0.335000000,273
2018-05-22T07:00:00Z,0.351000000,0.355000000,0.355000000,0.350000000,176
2018-05-23T07:00:00Z,0.351000000,0.350000000,0.351000000,0.344000000,46
2018-05-24T07:00:00Z,0.350000000,0.344000000,0.379000000,0.333000000,194
2018-05-25T07:00:00Z,0.357000000,0.360000000,0.360000000,0.349000000,574
2018-05-28T07:00:00Z,0.379000000,0.369000000,0.379000000,0.363000000,290
2018-05-29T07:00:00Z,0.364000000,0.357000000,0.367000000,0.354000000,1002
2018-05-30T07:00:00Z,0.357000000,0.357000000,0.385000000,0.354000000,1133
2018-05-31T07:00:00Z,0.357000000,0.357000000,0.385000000,0.356000000,1501
2018-06-01T07:00:00Z,0.372000000,0.357000000,0.424000000,0.356000000,616
2018-06-04T07:00:00Z,0.368000000,0.356000000,0.368000000,0.356000000,445
2018-06-05T07:00:00Z,0.353000000,0.360000000,0.363000000,0.343000000,1321
2018-06-06T07:00:00Z,0.352000000,0.353000000,0.359000000,0.352000000,24
2018-06-07T07:00:00Z,0.353000000,0.360000000,0.387000000,0.343000000,959
2018-06-08T07:00:00Z,0.387000000,0.382000000,0.399000000,0.352000000,1021
2018-06-09T07:00:00Z,0.399000000,0.400000000,0.400000000,0.394000000,506
2018-06-11T07:00:00Z,0.388000000,0.400000000,0.420000000,0.388000000,223
2018-06-13T07:00:00Z,0.393000000,0.397000000,0.411000000,0.393000000,203
2018-06-14T07:00:00Z,0.400000000,0.400000000,0.400000000,0.397000000,552
2018-06-15T07:00:00Z,0.400000000,0.390000000,0.400000000,0.390000000,357
2018-06-18T07:00:00Z,0.390000000,0.390000000,0.390000000,0.390000000,4
2018-06-19T07:00:00Z,0.380000000,0.380000000,0.380000000,0.380000000,11
2018-06-20T07:00:00Z,0.363000000,0.377000000,0.380000000,0.363000000,18
2018-06-21T07:00:00Z,0.378000000,0.362000000,0.378000000,0.362000000,603
2018-06-22T07:00:00Z,0.363000000,0.363000000,0.370000000,0.363000000,87
2018-06-25T07:00:00Z,0.363000000,0.362000000,0.363000000,0.362000000,17
2018-06-26T07:00:00Z,0.363000000,0.357000000,0.363000000,0.357000000,574
2018-06-27T07:00:00Z,0.360000000,0.353000000,0.360000000,0.353000000,32
2018-06-29T07:00:00Z,0.355000000,0.355000000,0.355000000,0.355000000,1
2018-07-02T07:00:00Z,0.378000000,0.367000000,0.378000000,0.343000000,512
2018-07-03T07:00:00Z,0.345000000,0.362000000,0.370000000,0.345000000,56
2018-07-04T07:00:00Z,0.350000000,0.358000000,0.374000000,0.350000000,1090
2018-07-05T07:00:00Z,0.358000000,0.380000000,0.383000000,0.358000000,307
2018-07-06T07:00:00Z,0.360000000,0.361000000,0.370000000,0.360000000,37
2018-07-09T07:00:00Z,0.384000000,0.351000000,0.384000000,0.346000000,732
2018-07-10T07:00:00Z,0.351000000,0.348000000,0.352000000,0.346000000,426
2018-07-11T07:00:00Z,0.351000000,0.348000000,0.351000000,0.348000000,44
2018-07-12T07:00:00Z,0.348000000,0.348000000,0.349000000,0.348000000,13
2018-07-13T07:00:00Z,0.352000000,0.353000000,0.353000000,0.339000000,2716
2018-07-16T07:00:00Z,0.355000000,0.345000000,0.355000000,0.345000000,259
2018-07-17T07:00:00Z,0.349000000,0.345000000,0.349000000,0.345000000,110
2018-07-18T07:00:00Z,0.348000000,0.351000000,0.351000000,0.348000000,81
2018-07-19T07:00:00Z,0.345000000,0.345000000,0.346000000,0.345000000,8
2018-07-20T07:00:00Z,0.366000000,0.368000000,0.412000000,0.360000000,1331
2018-07-23T07:00:00Z,0.373000000,0.390000000,0.391000000,0.359000000,388
2018-07-24T07:00:00Z,0.390000000,0.375000000,0.390000000,0.366000000,169
2018-07-25T07:00:00Z,0.382000000,0.375000000,0.382000000,0.374000000,73
2018-07-26T07:00:00Z,0.375000000,0.370000000,0.375000000,0.360000000,432
2018-07-27T07:00:00Z,0.370000000,0.399000000,0.405000000,0.370000000,943
2018-07-30T07:00:00Z,0.395000000,0.405000000,0.405000000,0.373000000,331
2018-07-31T07:00:00Z,0.390000000,0.400000000,0.400000000,0.390000000,35
2018-08-01T07:00:00Z,0.390000000,0.390000000,0.399000000,0.385000000,279
2018-08-02T07:00:00Z,0.390000000,0.400000000,0.403000000,0.390000000,90
2018-08-03T07:00:00Z,0.377000000,0.388000000,0.388000000,0.375000000,101
2018-08-06T07:00:00Z,0.390000000,0.390000000,0.390000000,0.390000000,1
2018-08-07T07:00:00Z,0.376000000,0.370000000,0.380000000,0.370000000,341
2018-08-08T07:00:00Z,0.386000000,0.369000000,0.386000000,0.368000000,27
2018-08-09T07:00:00Z,0.366000000,0.367000000,0.373000000,0.360000000,194
2018-08-10T07:00:00Z,0.360000000,0.355000000,0.361000000,0.355000000,43
2018-08-13T07:00:00Z,0.368000000,0.365000000,0.377000000,0.350000000,1631
2018-08-14T07:00:00Z,0.365000000,0.368000000,0.368000000,0.357000000,219
2018-08-15T07:00:00Z,0.359000000,0.369000000,0.377000000,0.359000000,93
2018-08-16T07:00:00Z,0.369000000,0.363000000,0.371000000,0.355000000,193
2018-08-17T07:00:00Z,0.358000000,0.354000000,0.365000000,0.351000000,1322
2018-08-20T07:00:00Z,0.371000000,0.358000000,0.371000000,0.350000000,330
2018-08-21T07:00:00Z,0.350000000,0.365000000,0.376000000,0.350000000,3113
2018-08-22T07:00:00Z,0.358000000,0.371000000,0.373000000,0.358000000,146
2018-08-23T07:00:00Z,0.360000000,0.360000000,0.361000000,0.360000000,58
2018-08-24T07:00:00Z,0.360000000,0.372000000,0.372000000,0.356000000,1348
2018-08-27T07:00:00Z,0.362000000,0.369000000,0.375000000,0.362000000,575
2018-08-28T07:00:00Z,0.369000000,0.369000000,0.369000000,0.365000000,700
2018-08-29T07:00:00Z,0.359000000,0.374000000,0.375000000,0.359000000,262
2018-08-30T07:00:00Z,0.375000000,0.379000000,0.407000000,0.363000000,879
2018-08-31T07:00:00Z,0.374000000,0.369000000,0.390000000,0.357000000,448
2018-09-03T07:00:00Z,0.360000000,0.366000000,0.366000000,0.358000000,228
2018-09-04T07:00:00Z,0.360000000,0.363000000,0.363000000,0.340000000,429
2018-09-05T07:00:00Z,0.354000000,0.355000000,0.355000000,0.353000000,154
2018-09-06T07:00:00Z,0.360000000,0.358000000,0.360000000,0.350000000,3
2018-09-07T07:00:00Z,0.345000000,0.340000000,0.348000000,0.340000000,469
2018-09-10T07:00:00Z,0.344000000,0.337000000,0.344000000,0.330000000,185
2018-09-11T07:00:00Z,0.346000000,0.333000000,0.346000000,0.325000000,106
2018-09-12T07:00:00Z,0.329000000,0.333000000,0.353000000,0.325000000,296
2018-09-13T07:00:00Z,0.335000000,0.325000000,0.335000000,0.322000000,1980
2018-09-14T07:00:00Z,0.327000000,0.317000000,0.327000000,0.312000000,81
2018-09-17T07:00:00Z,0.328000000,0.325000000,0.333000000,0.322000000,153
2018-09-18T07:00:00Z,0.326000000,0.324000000,0.330000000,0.306000000,363
2018-09-19T07:00:00Z,0.310000000,0.317000000,0.320000000,0.299000000,657
2018-09-20T07:00:00Z,0.317000000,0.325000000,0.329000000,0.311000000,601
2018-09-21T07:00:00Z,0.328000000,0.322000000,0.329000000,0.301000000,192
2018-09-24T07:00:00Z,0.333000000,0.330000000,0.333000000,0.325000000,66
2018-09-25T07:00:00Z,0.314000000,0.314000000,0.324000000,0.313000000,72
2018-09-26T07:00:00Z,0.315000000,0.315000000,0.331000000,0.315000000,325
2018-09-27T07:00:00Z,0.316000000,0.306000000,0.316000000,0.305000000,61
2018-09-28T07:00:00Z,0.314000000,0.321000000,0.328000000,0.307000000,362
2018-10-01T07:00:00Z,0.321000000,0.315000000,0.349000000,0.310000000,400
2018-10-02T07:00:00Z,0.313000000,0.315000000,0.315000000,0.309000000,354
2018-10-03T07:00:00Z,0.318000000,0.310000000,0.318000000,0.305000000,516
2018-10-04T07:00:00Z,0.314000000,0.310000000,0.315000000,0.305000000,35
2018-10-05T07:00:00Z,0.305000000,0.308000000,0.308000000,0.300000000,71
2018-10-08T07:00:00Z,0.305000000,0.306000000,0.307000000,0.298000000,65
2018-10-09T07:00:00Z,0.301000000,0.294000000,0.306000000,0.291000000,137
2018-10-10T07:00:00Z,0.295000000,0.280000000,0.298000000,0.275000000,283
2018-10-11T07:00:00Z,0.280000000,0.285000000,0.288000000,0.280000000,186
2018-10-12T07:00:00Z,0.276000000,0.276000000,0.285000000,0.267000000,480
2018-10-15T07:00:00Z,0.276000000,0.281000000,0.287000000,0.268000000,418
2018-10-16T07:00:00Z,0.270000000,0.272000000,0.278000000,0.265000000,1223
2018-10-17T07:00:00Z,0.276000000,0.266000000,0.276000000,0.265000000,500
2018-10-18T07:00:00Z,0.266000000,0.268000000,0.268000000,0.263000000,298
2018-10-19T07:00:00Z,0.262000000,0.373000000,0.373000000,0.262000000,9023
2018-10-22T07:00:00Z,0.381000000,0.375000000,0.430000000,0.303000000,5036
2018-10-23T07:00:00Z,0.370000000,0.334000000,0.380000000,0.316000000,2826
2018-10-24T07:00:00Z,0.309000000,0.302000000,0.360000000,0.293000000,4990
2018-10-25T07:00:00Z,0.291000000,0.292000000,0.319000000,0.290000000,2206
2018-10-26T07:00:00Z,0.290000000,0.294000000,0.295000000,0.281000000,1082
2018-10-29T07:00:00Z,0.301000000,0.345000000,0.380000000,0.288000000,12444
2018-10-30T07:00:00Z,0.351000000,0.364000000,0.425000000,0.316000000,22555
2018-10-31T07:00:00Z,0.361000000,0.344000000,0.371000000,0.342000000,1283
2018-11-01T07:00:00Z,0.350000000,0.342000000,0.355000000,0.330000000,880
2018-11-02T07:00:00Z,0.342000000,0.330000000,0.342000000,0.323000000,1324
2018-11-06T07:00:00Z,0.335000000,0.323000000,0.340000000,0.319000000,3149
2018-11-07T07:00:00Z,0.322000000,0.305000000,0.330000000,0.298000000,5266
2018-11-08T07:00:00Z,0.311000000,0.303000000,0.311000000,0.271000000,6988
2018-11-09T07:00:00Z,0.303000000,0.297000000,0.303000000,0.281000000,2104
2018-11-12T07:00:00Z,0.297000000,0.291000000,0.299000000,0.287000000,1276
2018-11-13T07:00:00Z,0.295000000,0.280000000,0.296000000,0.276000000,8457
2018-11-14T07:00:00Z,0.281000000,0.269000000,0.299000000,0.265000000,27997
2018-11-15T07:00:00Z,0.270000000,0.251000000,0.274000000,0.249000000,16155
2018-11-16T07:00:00Z,0.252000000,0.252000000,0.274000000,0.239000000,26062
2018-11-19T07:00:00Z,0.250000000,0.252000000,0.261000000,0.246000000,9433
2018-11-20T07:00:00Z,0.251000000,0.243000000,0.255000000,0.240000000,5834
2018-11-21T07:00:00Z,0.244000000,0.233000000,0.244000000,0.224000000,26512
2018-11-22T07:00:00Z,0.228000000,0.230000000,0.240000000,0.215000000,25960
2018-11-23T07:00:00Z,0.230000000,0.221000000,0.239000000,0.210000000,21313
2018-11-26T07:00:00Z,0.218000000,0.204000000,0.227000000,0.200000000,30303
2018-11-27T07:00:00Z,0.199000000,0.211000000,0.213000000,0.194000000,15001
2018-11-28T07:00:00Z,0.214000000,0.210000000,0.220000000,0.205000000,10018
2018-11-29T07:00:00Z,0.206000000,0.207000000,0.213000000,0.204000000,5813
2018-11-30T07:00:00Z,0.205000000,0.208000000,0.209000000,0.202000000,9577
2018-12-03T07:00:00Z,0.210000000,0.210000000,0.220000000,0.207000000,9090
2018-12-04T07:00:00Z,0.213000000,0.211000000,0.213000000,0.208000000,9132
2018-12-05T07:00:00Z,0.216000000,0.213000000,0.216000000,0.208000000,6167
2018-12-06T07:00:00Z,0.212000000,0.209000000,0.214000000,0.202000000,8479
2018-12-07T07:00:00Z,0.208000000,0.208000000,0.209000000,0.203000000,3219
2018-12-10T07:00:00Z,0.207000000,0.203000000,0.220000000,0.196000000,22017
2018-12-11T07:00:00Z,0.203000000,0.205000000,0.208000000,0.202000000,1061
2018-12-12T07:00:00Z,0.205000000,0.204000000,0.206000000,0.202000000,1173
2018-12-13T07:00:00Z,0.205000000,0.202000000,0.211000000,0.200000000,10946
2018-12-14T07:00:00Z,0.201000000,0.204000000,0.205000000,0.200000000,2610
2018-12-17T07:00:00Z,0.203000000,0.200000000,0.205000000,0.200000000,3617
2018-12-18T07:00:00Z,0.200000000,0.202000000,0.202000000,0.196000000,2370
2018-12-19T07:00:00Z,0.200000000,0.199000000,0.204000000,0.195000000,7054
2018-12-20T07:00:00Z,0.199000000,0.199000000,0.200000000,0.196000000,2595
2018-12-21T07:00:00Z,0.199000000,0.198000000,0.199000000,0.197000000,1610
2018-12-24T07:00:00Z,0.199000000,0.188000000,0.200000000,0.184000000,4011
2018-12-25T07:00:00Z,0.198000000,0.178000000,0.198000000,0.172000000,4595
2018-12-26T07:00:00Z,0.181000000,0.157000000,0.187000000,0.151000000,47779
2018-12-27T07:00:00Z,0.164000000,0.164000000,0.190000000,0.138000000,57185674
2018-12-28T07:00:00Z,0.171000000,0.174000000,0.185000000,0.158000000,74745
2018-12-29T07:00:00Z,0.174000000,0.167000000,0.178000000,0.161000000,12156
2019-01-03T07:00:00Z,0.170000000,0.164000000,0.170000000,0.160000000,3202
2019-01-04T07:00:00Z,0.168000000,0.163000000,0.168000000,0.158000000,1694
2019-01-08T07:00:00Z,0.164000000,0.158000000,0.164000000,0.150000000,6084
2019-01-09T07:00:00Z,0.158000000,0.153000000,0.169000000,0.145000000,12443
2019-01-10T07:00:00Z,0.156000000,0.158000000,0.162000000,0.153000000,5777
2019-01-11T07:00:00Z,0.158000000,0.162000000,0.172000000,0.152000000,24367
2019-01-14T07:00:00Z,0.163000000,0.162000000,0.169000000,0.160000000,9349
2019-01-15T07:00:00Z,0.162000000,0.168000000,0.169000000,0.155000000,11970
2019-01-16T07:00:00Z,0.169000000,0.199000000,0.209000000,0.169000000,135817
2019-01-17T07:00:00Z,0.203000000,0.190000000,0.216000000,0.187000000,46316
2019-01-18T07:00:00Z,0.190000000,0.188000000,0.199000000,0.186000000,16503
2019-01-21T07:00:00Z,0.188000000,0.183000000,0.190000000,0.176000000,10425
2019-01-22T07:00:00Z,0.184000000,0.184000000,0.193000000,0.180000000,13878
2019-01-23T07:00:00Z,0.183000000,0.181000000,0.187000000,0.175000000,15330
2019-01-24T07:00:00Z,0.181000000,0.182000000,0.190000000,0.181000000,12896
2019-01-25T07:00:00Z,0.183000000,0.180000000,0.184000000,0.176000000,6502
2019-01-28T07:00:00Z,0.175000000,0.174000000,0.180000000,0.174000000,11033
2019-01-29T07:00:00Z,0.175000000,0.176000000,0.179000000,0.174000000,3703
2019-01-30T07:00:00Z,0.178000000,0.177000000,0.178000000,0.174000000,921
2019-01-31T07:00:00Z,0.178000000,0.168000000,0.178000000,0.157000000,22116
2019-02-01T07:00:00Z,0.168000000,0.163000000,0.170000000,0.160200000,9106
2019-02-04T07:00:00Z,0.162200000,0.165000000,0.169000000,0.162000000,29529
2019-02-05T07:00:00Z,0.164600000,0.163600000,0.166200000,0.162600000,8641
2019-02-06T07:00:00Z,0.162400000,0.163000000,0.164000000,0.160000000,13058
2019-02-07T07:00:00Z,0.163000000,0.157200000,0.175000000,0.151000000,63138
2019-02-08T07:00:00Z,0.157200000,0.151000000,0.159600000,0.140000000,880208
2019-02-11T07:00:00Z,0.157000000,0.149800000,0.157000000,0.148200000,28929
2019-02-12T07:00:00Z,0.148000000,0.148000000,0.150200000,0.145200000,9679
2019-02-13T07:00:00Z,0.148800000,0.150800000,0.151800000,0.146000000,13690
2019-02-14T07:00:00Z,0.151800000,0.147000000,0.151800000,0.145000000,7809
2019-02-15T07:00:00Z,0.148000000,0.149000000,0.150800000,0.144000000,8929
2019-02-18T07:00:00Z,0.151000000,0.147600000,0.159000000,0.145600000,4921
2019-02-19T07:00:00Z,0.147000000,0.146000000,0.150000000,0.142800000,11138
2019-02-20T07:00:00Z,0.147800000,0.148400000,0.149600000,0.145200000,4340
2019-02-21T07:00:00Z,0.149800000,0.149000000,0.149800000,0.145000000,4657
2019-02-22T07:00:00Z,0.149600000,0.147600000,0.149800000,0.146000000,4045
2019-02-25T07:00:00Z,0.152000000,0.147000000,0.152000000,0.145000000,2898
2019-02-26T07:00:00Z,0.149400000,0.150600000,0.152000000,0.146600000,13299
2019-02-27T07:00:00Z,0.151200000,0.150000000,0.151400000,0.147600000,2559
2019-02-28T07:00:00Z,0.149000000,0.150000000,0.150800000,0.148800000,2323
2019-03-01T07:00:00Z,0.149400000,0.149600000,0.152000000,0.149000000,3382
2019-03-04T07:00:00Z,0.150000000,0.149400000,0.151800000,0.148000000,2536
2019-03-05T07:00:00Z,0.150000000,0.147200000,0.150000000,0.145000000,12243
2019-03-06T07:00:00Z,0.146800000,0.152000000,0.156000000,0.144400000,32011
2019-03-07T07:00:00Z,0.152000000,0.148200000,0.155000000,0.147000000,22071
2019-03-11T07:00:00Z,0.149400000,0.148400000,0.150200000,0.146800000,5984
2019-03-12T07:00:00Z,0.149400000,0.151800000,0.152000000,0.148000000,13560
2019-03-13T07:00:00Z,0.152600000,0.152200000,0.156000000,0.150000000,16809
2019-03-14T07:00:00Z,0.154000000,0.151000000,0.156000000,0.148800000,8650
2019-03-15T07:00:00Z,0.150400000,0.149000000,0.151800000,0.147000000,10846
2019-03-18T07:00:00Z,0.149000000,0.148200000,0.149400000,0.147000000,4064
2019-03-19T07:00:00Z,0.148000000,0.147800000,0.150600000,0.147000000,5711
2019-03-20T07:00:00Z,0.146600000,0.147400000,0.148200000,0.146200000,1985
2019-03-21T07:00:00Z,0.147000000,0.145800000,0.147200000,0.144800000,16686
2019-03-22T07:00:00Z,0.146000000,0.145800000,0.146800000,0.142200000,8792
2019-03-25T07:00:00Z,0.146600000,0.145000000,0.146600000,0.144800000,2978
2019-03-26T07:00:00Z,0.146800000,0.145200000,0.146800000,0.144600000,1805
2019-03-27T07:00:00Z,0.145200000,0.144000000,0.145600000,0.143400000,3664
2019-03-28T07:00:00Z,0.144200000,0.143000000,0.144400000,0.140800000,8287
2019-03-29T07:00:00Z,0.143600000,0.142000000,0.144400000,0.141000000,2946
2019-04-01T07:00:00Z,0.143000000,0.142200000,0.145000000,0.140400000,3584
2019-04-02T07:00:00Z,0.141000000,0.141200000,0.142600000,0.140800000,1401
2019-04-03T07:00:00Z,0.142200000,0.141600000,0.143200000,0.140800000,8127
2019-04-04T07:00:00Z,0.142600000,0.141000000,0.142600000,0.140400000,2758
2019-04-05T07:00:00Z,0.141200000,0.141400000,0.142400000,0.140400000,6116
2019-04-08T07:00:00Z,0.140600000,0.140200000,0.142800000,0.139000000,6772
2019-04-09T07:00:00Z,0.140000000,0.140400000,0.141600000,0.139000000,2428
2019-04-10T07:00:00Z,0.139400000,0.136800000,0.140200000,0.132200000,7517
2019-04-11T07:00:00Z,0.137200000,0.138000000,0.138000000,0.130400000,15852
2019-04-12T07:00:00Z,0.138200000,0.138400000,0.138400000,0.134400000,1522
2019-04-15T07:00:00Z,0.138600000,0.135800000,0.138600000,0.133600000,3680
2019-04-16T07:00:00Z,0.135000000,0.135000000,0.136000000,0.132000000,2686
2019-04-17T07:00:00Z,0.135000000,0.132000000,0.135000000,0.130000000,7486
2019-04-18T07:00:00Z,0.132600000,0.130600000,0.133000000,0.130000000,2537
2019-04-19T07:00:00Z,0.131600000,0.138000000,0.142200000,0.130000000,16585
2019-04-22T07:00:00Z,0.139600000,0.137400000,0.140600000,0.135400000,4159
2019-04-23T07:00:00Z,0.136800000,0.137400000,0.138000000,0.135000000,2135
2019-04-24T07:00:00Z,0.135200000,0.136600000,0.137600000,0.134200000,1125
2019-04-25T07:00:00Z,0.139200000,0.137600000,0.139600000,0.135200000,4976
2019-04-26T07:00:00Z,0.136800000,0.138400000,0.138600000,0.135000000,3531
2019-04-29T07:00:00Z,0.138800000,0.139600000,0.141000000,0.132000000,5167
2019-04-30T07:00:00Z,0.139600000,0.137000000,0.140600000,0.136000000,920
2019-05-02T07:00:00Z,0.139800000,0.138600000,0.140000000,0.137400000,1935
2019-05-03T07:00:00Z,0.139800000,0.139800000,0.139800000,0.137800000,1694
2019-05-06T07:00:00Z,0.139800000,0.140000000,0.141800000,0.137400000,1913
2019-05-07T07:00:00Z,0.141200000,0.140000000,0.141200000,0.138800000,3041
2019-05-08T07:00:00Z,0.137600000,0.139600000,0.140400000,0.137000000,5261
2019-05-10T07:00:00Z,0.136800000,0.138000000,0.140000000,0.136600000,1112
2019-05-13T07:00:00Z,0.136800000,0.138800000,0.139800000,0.136200000,1637
2019-05-14T07:00:00Z,0.139800000,0.141200000,0.141200000,0.137400000,2188
2019-05-15T07:00:00Z,0.141000000,0.139200000,0.141000000,0.137200000,1937
2019-05-16T07:00:00Z,0.138600000,0.138600000,0.139600000,0.137000000,3904
2019-05-17T07:00:00Z,0.138600000,0.139600000,0.139600000,0.137600000,2054
2019-05-20T07:00:00Z,0.139600000,0.142000000,0.142000000,0.138400000,1691
2019-05-21T07:00:00Z,0.142200000,0.144200000,0.149800000,0.140200000,9112
2019-05-22T07:00:00Z,0.148000000,0.147000000,0.148400000,0.143800000,5021
2019-05-23T07:00:00Z,0.146800000,0.146000000,0.146800000,0.140000000,5304
2019-05-24T07:00:00Z,0.146000000,0.148800000,0.152800000,0.143000000,15524
2019-05-27T07:00:00Z,0.148600000,0.146800000,0.149600000,0.144000000,5394
2019-05-28T07:00:00Z,0.148200000,0.147000000,0.149400000,0.146000000,3678
2019-05-29T07:00:00Z,0.147800000,0.147400000,0.149600000,0.146200000,6313
2019-05-30T07:00:00Z,0.149400000,0.147600000,0.149600000,0.146000000,1972
2019-05-31T07:00:00Z,0.147200000,0.143800000,0.149000000,0.140800000,7453
2019-06-03T07:00:00Z,0.143000000,0.137000000,0.143000000,0.136600000,22539
2019-06-04T07:00:00Z,0.136800000,0.138000000,0.140400000,0.135800000,3112
2019-06-05T07:00:00Z,0.137600000,0.136200000,0.139000000,0.131200000,5344
2019-06-06T07:00:00Z,0.136200000,0.136000000,0.138200000,0.134800000,4515
2019-06-07T07:00:00Z,0.136200000,0.134200000,0.137800000,0.133600000,1788
2019-06-10T07:00:00Z,0.133800000,0.133600000,0.134400000,0.131400000,7500
2019-06-11T07:00:00Z,0.136200000,0.132800000,0.136200000,0.132000000,10721
2019-06-13T07:00:00Z,0.134600000,0.133800000,0.134600000,0.132200000,3004
2019-06-14T07:00:00Z,0.133800000,0.134400000,0.135400000,0.132200000,5896
2019-06-17T07:00:00Z,0.134800000,0.135400000,0.135800000,0.133400000,3854
2019-06-18T07:00:00Z,0.137400000,0.140000000,0.142400000,0.135000000,5082
2019-06-19T07:00:00Z,0.141000000,0.140000000,0.145000000,0.139000000,6543
2019-06-20T07:00:00Z,0.142400000,0.139800000,0.142400000,0.138600000,1027
2019-06-21T07:00:00Z,0.139800000,0.139600000,0.142000000,0.138200000,3131
2019-06-24T07:00:00Z,0.143600000,0.139800000,0.143600000,0.139000000,3424
2019-06-25T07:00:00Z,0.142400000,0.140000000,0.142400000,0.138800000,2415
2019-06-26T07:00:00Z,0.140000000,0.140000000,0.140000000,0.138600000,3064
2019-06-27T07:00:00Z,0.139200000,0.139800000,0.140000000,0.138000000,9357
2019-06-28T07:00:00Z,0.140000000,0.139800000,0.144000000,0.139200000,5001
2019-07-01T07:00:00Z,0.139800000,0.139600000,0.140800000,0.138800000,2486
2019-07-02T07:00:00Z,0.140000000,0.139800000,0.140000000,0.138800000,3463
2019-07-03T07:00:00Z,0.140400000,0.139000000,0.140400000,0.136800000,5470
2019-07-04T07:00:00Z,0.138600000,0.140000000,0.140000000,0.137600000,4520
2019-07-05T07:00:00Z,0.140000000,0.139800000,0.142400000,0.139200000,2846
2019-07-08T07:00:00Z,0.139600000,0.139800000,0.141000000,0.138400000,3714
2019-07-09T07:00:00Z,0.141800000,0.139600000,0.141800000,0.138000000,3188
2019-07-10T07:00:00Z,0.140000000,0.139800000,0.140000000,0.138200000,3613
2019-07-11T07:00:00Z,0.139800000,0.139000000,0.140000000,0.138800000,3718
2019-07-12T07:00:00Z,0.139200000,0.139800000,0.140000000,0.138000000,6730
2019-07-15T07:00:00Z,0.138200000,0.139000000,0.140000000,0.100200000,10242
2019-07-16T07:00:00Z,0.139600000,0.138600000,0.139600000,0.138000000,1284
2019-07-17T07:00:00Z,0.136600000,0.139200000,0.140000000,0.135600000,7977
2019-07-18T07:00:00Z,0.139200000,0.139000000,0.140000000,0.137000000,550
2019-07-19T07:00:00Z,0.138600000,0.139400000,0.139600000,0.138200000,452
2019-07-22T07:00:00Z,0.139000000,0.139400000,0.139400000,0.137800000,718
2019-07-23T07:00:00Z,0.138800000,0.138800000,0.139400000,0.137000000,1894
2019-07-24T07:00:00Z,0.139400000,0.139200000,0.139600000,0.138000000,1518
2019-07-25T07:00:00Z,0.138400000,0.139200000,0.139200000,0.136000000,1566
2019-07-26T07:00:00Z,0.138400000,0.139200000,0.139200000,0.137600000,880
2019-07-29T07:00:00Z,0.139200000,0.137200000,0.139200000,0.136600000,3228
2019-07-30T07:00:00Z,0.138200000,0.137200000,0.138400000,0.137000000,1113
2019-07-31T07:00:00Z,0.136600000,0.137200000,0.137400000,0.136400000,1347
2019-08-01T07:00:00Z,0.137800000,0.138200000,0.138200000,0.136600000,524
2019-08-02T07:00:00Z,0.137200000,0.137000000,0.138400000,0.136000000,1665
2019-08-05T07:00:00Z,0.138400000,0.136600000,0.138400000,0.134000000,5681
2019-08-06T07:00:00Z,0.137000000,0.136200000,0.137000000,0.135200000,157
2019-08-07T07:00:00Z,0.136200000,0.135000000,0.137800000,0.135000000,1872
2019-08-08T07:00:00Z,0.135000000,0.135000000,0.138000000,0.135000000,660
2019-08-09T07:00:00Z,0.136800000,0.137200000,0.138600000,0.136200000,953
2019-08-12T07:00:00Z,0.137400000,0.140000000,0.140400000,0.136400000,12034
2019-08-13T07:00:00Z,0.140000000,0.146600000,0.179600000,0.138600000,128846
2019-08-14T07:00:00Z,0.147000000,0.141800000,0.147600000,0.140200000,24818
2019-08-15T07:00:00Z,0.140200000,0.140600000,0.143800000,0.138200000,16696
2019-08-16T07:00:00Z,0.140200000,0.140800000,0.141200000,0.139400000,4467
2019-08-19T07:00:00Z,0.139800000,0.144400000,0.153800000,0.139600000,22449
2019-08-20T07:00:00Z,0.148600000,0.141600000,0.148600000,0.140400000,5711
2019-08-21T07:00:00Z,0.141400000,0.141800000,0.145000000,0.140000000,6321
2019-08-22T07:00:00Z,0.138400000,0.140800000,0.143200000,0.138400000,906
2019-08-23T07:00:00Z,0.142200000,0.141800000,0.144000000,0.140200000,1765
2019-08-26T07:00:00Z,0.143000000,0.140200000,0.143000000,0.139200000,6884
2019-08-27T07:00:00Z,0.141800000,0.140000000,0.141800000,0.138000000,2686
2019-08-28T07:00:00Z,0.140000000,0.139200000,0.140000000,0.136000000,4229
2019-08-29T07:00:00Z,0.137600000,0.140400000,0.146000000,0.135800000,11992
2019-08-30T07:00:00Z,0.142200000,0.139800000,0.142200000,0.138200000,4930
2019-09-02T07:00:00Z,0.140200000,0.140200000,0.141400000,0.139000000,1692
2019-09-03T07:00:00Z,0.139400000,0.139600000,0.141200000,0.138000000,2757
2019-09-04T07:00:00Z,0.138400000,0.139600000,0.140400000,0.137000000,7523
2019-09-05T07:00:00Z,0.139800000,0.140000000,0.140200000,0.139200000,684
2019-09-06T07:00:00Z,0.139400000,0.139800000,0.142400000,0.139000000,6667
2019-09-09T07:00:00Z,0.140000000,0.140800000,0.143800000,0.139000000,8139
2019-09-10T07:00:00Z,0.140800000,0.142400000,0.142400000,0.140800000,7524
2019-09-11T07:00:00Z,0.143800000,0.144400000,0.144400000,0.143800000,12688
2019-09-12T07:00:00Z,0.145000000,0.156000000,0.156000000,0.145000000,33722
2019-09-13T07:00:00Z,0.155800000,0.155000000,0.155800000,0.155000000,44678
2019-09-16T07:00:00Z,0.160000000,0.155600000,0.160000000,0.155600000,12193
2019-09-17T07:00:00Z,0.159200000,0.152000000,0.159200000,0.145200000,18405
2019-09-18T07:00:00Z,0.153400000,0.144400000,0.153400000,0.143600000,28449
2019-09-19T07:00:00Z,0.145600000,0.145000000,0.146000000,0.140600000,5879
2019-09-20T07:00:00Z,0.145200000,0.151800000,0.155000000,0.144600000,41784
2019-09-23T07:00:00Z,0.156200000,0.150200000,0.156200000,0.148200000,10646
2019-09-24T07:00:00Z,0.148000000,0.150000000,0.154400000,0.148000000,8490
2019-09-25T07:00:00Z,0.150000000,0.146600000,0.150800000,0.144600000,16356
2019-09-26T07:00:00Z,0.149200000,0.152800000,0.158000000,0.145000000,21675
2019-09-27T07:00:00Z,0.153000000,0.149800000,0.155000000,0.149200000,7329
2019-09-30T07:00:00Z,0.149200000,0.150400000,0.153600000,0.148000000,36540
2019-10-01T07:00:00Z,0.151800000,0.150600000,0.151800000,0.149400000,3537
2019-10-02T07:00:00Z,0.151600000,0.150000000,0.153000000,0.149200000,6544
2019-10-03T07:00:00Z,0.151800000,0.148200000,0.151800000,0.147200000,9989
2019-10-04T07:00:00Z,0.149000000,0.145000000,0.149000000,0.144200000,14444
2019-10-07T07:00:00Z,0.144800000,0.147200000,0.153800000,0.142200000,19298
2019-10-08T07:00:00Z,0.152000000,0.147600000,0.152000000,0.147400000,1772
2019-10-09T07:00:00Z,0.147600000,0.147000000,0.150000000,0.145600000,4367
2019-10-10T07:00:00Z,0.146200000,0.146400000,0.148400000,0.145800000,1871
2019-10-11T07:00:00Z,0.147000000,0.145600000,0.148400000,0.145400000,3406
2019-10-14T07:00:00Z,0.145800000,0.144800000,0.149200000,0.143800000,12581
2019-10-15T07:00:00Z,0.146400000,0.145800000,0.147200000,0.144000000,3111
2019-10-16T07:00:00Z,0.145000000,0.145400000,0.147600000,0.145000000,2651
2019-10-17T07:00:00Z,0.144600000,0.146000000,0.146800000,0.144600000,530
2019-10-18T07:00:00Z,0.145400000,0.142600000,0.146600000,0.140600000,29472
2019-10-21T07:00:00Z,0.142400000,0.140000000,0.144600000,0.136000000,26457
2019-10-22T07:00:00Z,0.138800000,0.140600000,0.142600000,0.137600000,6297
2019-10-23T07:00:00Z,0.140000000,0.140400000,0.143000000,0.139000000,7497
2019-10-24T07:00:00Z,0.140200000,0.140000000,0.140600000,0.138800000,8252
2019-10-25T07:00:00Z,0.140600000,0.140000000,0.140600000,0.137200000,3733
2019-10-28T07:00:00Z,0.140000000,0.139800000,0.140600000,0.138600000,3318
2019-10-29T07:00:00Z,0.139800000,0.138800000,0.139800000,0.137400000,2731
2019-10-30T07:00:00Z,0.138600000,0.141800000,0.141800000,0.137800000,4755
2019-10-31T07:00:00Z,0.141000000,0.141800000,0.143800000,0.140800000,6740
2019-11-01T07:00:00Z,0.141600000,0.141400000,0.143000000,0.140400000,3530
2019-11-05T07:00:00Z,0.143400000,0.142600000,0.143400000,0.138200000,4558
2019-11-06T07:00:00Z,0.142800000,0.144800000,0.150000000,0.141000000,14831
2019-11-07T07:00:00Z,0.145000000,0.145200000,0.147400000,0.143600000,2191
2019-11-08T07:00:00Z,0.143000000,0.144200000,0.148000000,0.143000000,5710
2019-11-11T07:00:00Z,0.145000000,0.141600000,0.145000000,0.140400000,19257
2019-11-12T07:00:00Z,0.141800000,0.140600000,0.142000000,0.140200000,3400
2019-11-13T07:00:00Z,0.140800000,0.140000000,0.141400000,0.140000000,5399
2019-11-14T07:00:00Z,0.140000000,0.140200000,0.141000000,0.139400000,3683
2019-11-15T07:00:00Z,0.140800000,0.140800000,0.146000000,0.139400000,7359
2019-11-18T07:00:00Z,0.143400000,0.140600000,0.144000000,0.140200000,6170
2019-11-19T07:00:00Z,0.142400000,0.141200000,0.143000000,0.140000000,3015
2019-11-20T07:00:00Z,0.140000000,0.141000000,0.142600000,0.139600000,3551
2019-11-21T07:00:00Z,0.141000000,0.139600000,0.141800000,0.139000000,9940
2019-11-22T07:00:00Z,0.141200000,0.139600000,0.141200000,0.139200000,3114
2019-11-25T07:00:00Z,0.139600000,0.140600000,0.142000000,0.139600000,1882
2019-11-26T07:00:00Z,0.140000000,0.140000000,0.140600000,0.139800000,1834
2019-11-27T07:00:00Z,0.141600000,0.140000000,0.141600000,0.139200000,1546
2019-11-28T07:00:00Z,0.140800000,0.140600000,0.141800000,0.139800000,3508
2019-11-29T07:00:00Z,0.140600000,0.140400000,0.141200000,0.139800000,3522
2019-12-02T07:00:00Z,0.140000000,0.140200000,0.140800000,0.139200000,4783
2019-12-03T07:00:00Z,0.139800000,0.139600000,0.140400000,0.139400000,2691
2019-12-04T07:00:00Z,0.139200000,0.139000000,0.140200000,0.139000000,1934
2019-12-05T07:00:00Z,0.140200000,0.140200000,0.142000000,0.138800000,7499
2019-12-06T07:00:00Z,0.141000000,0.140400000,0.141400000,0.139800000,1501
2019-12-09T07:00:00Z,0.139800000,0.140400000,0.141800000,0.139600000,1951
2019-12-10T07:00:00Z,0.141000000,0.141600000,0.145200000,0.139800000,18818
2019-12-11T07:00:00Z,0.142400000,0.142600000,0.143600000,0.140600000,4396
2019-12-12T07:00:00Z,0.142800000,0.143800000,0.144400000,0.140200000,3340
2019-12-13T07:00:00Z,0.140600000,0.143000000,0.143800000,0.140600000,7546
2019-12-16T07:00:00Z,0.143200000,0.140800000,0.143200000,0.140600000,2653
2019-12-17T07:00:00Z,0.142000000,0.141000000,0.142200000,0.141000000,2098
2019-12-18T07:00:00Z,0.142000000,0.141400000,0.143000000,0.140200000,7479
2019-12-19T07:00:00Z,0.142400000,0.140400000,0.142400000,0.140400000,3551
2019-12-20T07:00:00Z,0.141600000,0.141000000,0.141600000,0.140200000,2489
2019-12-23T07:00:00Z,0.141200000,0.140400000,0.141400000,0.140200000,1869
2019-12-24T07:00:00Z,0.140400000,0.140000000,0.140800000,0.139800000,3245
2019-12-25T07:00:00Z,0.140800000,0.140400000,0.140800000,0.139800000,2158
2019-12-26T07:00:00Z,0.140400000,0.143000000,0.152000000,0.140000000,83737066
2019-12-27T07:00:00Z,0.142800000,0.139200000,0.143200000,0.139200000,24179
2019-12-30T07:00:00Z,0.141200000,0.140200000,0.141200000,0.139000000,10131
2020-01-03T07:00:00Z,0.141000000,0.141400000,0.142000000,0.140200000,4100
2020-01-06T07:00:00Z,0.141600000,0.141400000,0.142800000,0.140400000,4079
2020-01-08T07:00:00Z,0.141400000,0.140800000,0.142400000,0.139800000,11060
2020-01-09T07:00:00Z,0.141200000,0.141200000,0.141800000,0.140000000,20783
2020-01-10T07:00:00Z,0.141600000,0.141600000,0.142400000,0.140200000,11030
2020-01-13T07:00:00Z,0.145200000,0.186000000,0.197000000,0.145200000,558238
2020-01-14T07:00:00Z,0.192200000,0.177600000,0.193000000,0.175200000,136339
2020-01-15T07:00:00Z,0.176000000,0.172400000,0.184400000,0.166000000,84683
2020-01-16T07:00:00Z,0.169400000,0.173000000,0.184000000,0.169400000,63091
2020-01-17T07:00:00Z,0.173000000,0.173000000,0.175800000,0.170800000,29324
2020-01-20T07:00:00Z,0.176000000,0.205200000,0.220600000,0.173600000,336385
2020-01-21T07:00:00Z,0.205000000,0.226000000,0.244400000,0.196200000,512213
2020-01-22T07:00:00Z,0.230600000,0.220800000,0.245000000,0.215200000,168040
2020-01-23T07:00:00Z,0.221800000,0.215000000,0.223400000,0.210000000,52523
2020-01-24T07:00:00Z,0.217000000,0.226200000,0.230000000,0.213000000,50541
2020-01-27T07:00:00Z,0.225000000,0.209000000,0.232000000,0.206000000,78451
2020-01-28T07:00:00Z,0.210000000,0.212000000,0.216600000,0.205000000,39457
2020-01-29T07:00:00Z,0.211000000,0.211000000,0.214800000,0.209000000,37990
2020-01-30T07:00:00Z,0.211000000,0.206400000,0.211000000,0.198200000,47060
2020-01-31T07:00:00Z,0.206400000,0.201200000,0.209600000,0.201200000,18664
2020-02-03T07:00:00Z,0.200000000,0.191200000,0.217000000,0.190200000,57347
2020-02-04T07:00:00Z,0.192800000,0.195200000,0.199800000,0.188000000,37793
2020-02-05T07:00:00Z,0.194800000,0.199000000,0.206000000,0.194800000,28952
2020-02-06T07:00:00Z,0.199800000,0.198000000,0.203800000,0.196200000,20780
2020-02-07T07:00:00Z,0.197000000,0.200200000,0.202800000,0.196000000,15270
2020-02-10T07:00:00Z,0.202200000,0.197400000,0.202200000,0.195200000,10255
2020-02-11T07:00:00Z,0.197200000,0.197400000,0.200000000,0.194800000,10878
2020-02-12T07:00:00Z,0.198000000,0.196400000,0.198400000,0.191000000,27539
2020-02-13T07:00:00Z,0.196400000,0.199600000,0.201000000,0.192600000,20881
2020-02-14T07:00:00Z,0.200000000,0.216200000,0.222000000,0.198000000,101280
2020-02-17T07:00:00Z,0.217000000,0.228600000,0.234400000,0.217000000,131090
2020-02-18T07:00:00Z,0.228800000,0.218800000,0.230000000,0.210000000,53484
2020-02-19T07:00:00Z,0.218800000,0.211800000,0.218800000,0.205800000,35726
2020-02-20T07:00:00Z,0.212000000,0.212000000,0.219400000,0.211000000,16684
2020-02-21T07:00:00Z,0.212600000,0.209000000,0.215800000,0.206000000,21033
2020-02-25T07:00:00Z,0.205000000,0.207000000,0.214000000,0.197000000,29037
2020-02-26T07:00:00Z,0.210200000,0.204400000,0.210200000,0.187000000,54994
2020-02-27T07:00:00Z,0.203000000,0.181800000,0.207000000,0.172400000,56146
2020-02-28T07:00:00Z,0.182800000,0.174800000,0.182800000,0.165200000,41229
2020-03-02T07:00:00Z,0.182000000,0.182400000,0.189600000,0.175000000,27053
2020-03-03T07:00:00Z,0.184800000,0.185800000,0.187800000,0.179200000,11343
2020-03-04T07:00:00Z,0.186800000,0.185800000,0.188000000,0.175400000,6519
2020-03-05T07:00:00Z,0.186800000,0.173800000,0.187400000,0.169400000,20446
2020-03-06T07:00:00Z,0.169000000,0.163600000,0.171800000,0.154800000,79397
2020-03-10T07:00:00Z,0.151000000,0.150800000,0.160200000,0.144000000,33842
2020-03-11T07:00:00Z,0.151000000,0.153000000,0.161600000,0.146800000,14250
2020-03-12T07:00:00Z,0.150000000,0.137000000,0.150000000,0.135800000,45077
2020-03-13T07:00:00Z,0.140800000,0.142000000,0.143800000,0.137000000,21862
2020-03-16T07:00:00Z,0.142000000,0.139800000,0.142000000,0.130400000,20358
2020-03-17T07:00:00Z,0.144000000,0.139600000,0.144000000,0.133000000,9043
2020-03-18T07:00:00Z,0.141600000,0.124800000,0.141600000,0.121600000,23964
2020-03-19T07:00:00Z,0.127000000,0.126000000,0.132400000,0.120200000,20717
2020-03-20T07:00:00Z,0.134600000,0.133000000,0.140000000,0.128000000,27147
2020-03-23T07:00:00Z,0.129000000,0.135600000,0.140000000,0.120800000,15399
2020-03-24T07:00:00Z,0.140000000,0.140800000,0.148000000,0.136200000,27058
2020-03-25T07:00:00Z,0.143600000,0.136800000,0.146800000,0.134000000,31075
2020-03-26T07:00:00Z,0.135200000,0.137200000,0.141800000,0.132800000,7811
2020-03-27T07:00:00Z,0.135000000,0.134400000,0.137000000,0.131200000,7050
2020-03-30T07:00:00Z,0.137000000,0.139600000,0.144800000,0.128000000,24189
2020-03-31T07:00:00Z,0.141800000,0.140600000,0.144600000,0.138400000,23756
2020-04-01T07:00:00Z,0.140800000,0.137200000,0.140800000,0.134000000,19005
2020-04-02T07:00:00Z,0.138000000,0.138200000,0.140000000,0.134000000,19009
2020-04-03T07:00:00Z,0.138600000,0.139600000,0.140800000,0.136800000,10830
2020-04-06T07:00:00Z,0.140000000,0.146600000,0.149800000,0.136800000,28618
2020-04-07T07:00:00Z,0.149400000,0.146600000,0.152800000,0.142200000,35447
2020-04-08T07:00:00Z,0.147000000,0.148800000,0.149200000,0.142200000,12041
2020-04-09T07:00:00Z,0.146800000,0.150400000,0.155000000,0.146800000,22949
2020-04-10T07:00:00Z,0.152800000,0.152000000,0.158800000,0.146400000,37409
2020-04-13T07:00:00Z,0.154000000,0.150800000,0.154800000,0.146200000,19132
2020-04-14T07:00:00Z,0.151000000,0.150400000,0.154400000,0.149000000,19624
2020-04-15T07:00:00Z,0.150400000,0.143600000,0.151600000,0.142200000,23687
2020-04-16T07:00:00Z,0.143400000,0.142600000,0.146000000,0.140400000,12756
2020-04-17T07:00:00Z,0.144000000,0.144000000,0.147400000,0.142200000,7770
2020-04-20T07:00:00Z,0.145600000,0.143200000,0.149000000,0.142600000,9323
2020-04-21T07:00:00Z,0.141400000,0.142400000,0.144800000,0.138600000,13162
2020-04-22T07:00:00Z,0.144000000,0.143800000,0.144200000,0.139800000,11963
2020-04-23T07:00:00Z,0.144400000,0.145000000,0.146000000,0.141600000,9407
2020-04-24T07:00:00Z,0.144800000,0.144800000,0.148000000,0.142800000,9948
2020-04-27T07:00:00Z,0.144800000,0.150200000,0.154800000,0.144000000,22236
2020-04-28T07:00:00Z,0.150400000,0.152200000,0.168000000,0.150000000,62404
2020-04-29T07:00:00Z,0.155000000,0.153400000,0.157800000,0.149600000,28545
2020-04-30T07:00:00Z,0.154000000,0.149800000,0.156600000,0.145000000,40612
2020-05-04T07:00:00Z,0.148000000,0.148200000,0.153400000,0.145200000,13814
2020-05-05T07:00:00Z,0.146800000,0.149400000,0.150600000,0.146800000,6853
2020-05-06T07:00:00Z,0.149600000,0.149600000,0.160600000,0.149600000,46075
2020-05-07T07:00:00Z,0.149800000,0.153000000,0.154600000,0.149800000,19269
2020-05-08T07:00:00Z,0.152600000,0.151400000,0.153600000,0.150000000,9675
2020-05-12T07:00:00Z,0.153000000,0.150800000,0.153000000,0.146400000,9764
2020-05-13T07:00:00Z,0.150000000,0.150000000,0.150800000,0.147200000,12863
2020-05-14T07:00:00Z,0.150800000,0.148600000,0.150800000,0.147000000,6565
2020-05-15T07:00:00Z,0.147000000,0.148400000,0.150800000,0.147000000,5364
2020-05-18T07:00:00Z,0.150200000,0.150800000,0.152000000,0.148200000,8722
2020-05-19T07:00:00Z,0.151600000,0.150600000,0.152200000,0.150200000,5165
2020-05-20T07:00:00Z,0.150400000,0.151400000,0.152200000,0.150400000,5742
2020-05-21T07:00:00Z,0.152200000,0.151200000,0.152200000,0.149800000,9088
2020-05-22T07:00:00Z,0.150600000,0.151400000,0.151800000,0.147800000,6702
2020-05-25T07:00:00Z,0.151600000,0.154800000,0.156000000,0.151600000,8656
2020-05-26T07:00:00Z,0.158600000,0.153800000,0.158600000,0.150600000,11043
2020-05-27T07:00:00Z,0.153400000,0.153800000,0.156000000,0.151000000,9417
2020-05-28T07:00:00Z,0.154000000,0.153200000,0.154800000,0.151400000,2812
2020-05-29T07:00:00Z,0.151800000,0.149200000,0.151800000,0.146400000,19585
2020-06-01T07:00:00Z,0.149600000,0.152800000,0.156800000,0.149200000,20838
2020-06-02T07:00:00Z,0.154600000,0.151200000,0.154600000,0.150400000,7471
2020-06-03T07:00:00Z,0.151200000,0.151600000,0.154600000,0.150800000,10602
2020-06-04T07:00:00Z,0.151800000,0.150000000,0.152000000,0.150000000,7940
2020-06-05T07:00:00Z,0.150400000,0.152800000,0.152800000,0.150000000,6336
2020-06-08T07:00:00Z,0.152600000,0.152600000,0.154400000,0.151400000,10482
2020-06-09T07:00:00Z,0.153000000,0.153600000,0.154000000,0.150800000,11202
2020-06-10T07:00:00Z,0.152600000,0.152200000,0.153400000,0.150800000,2104
2020-06-11T07:00:00Z,0.151200000,0.150200000,0.153000000,0.150200000,4176
2020-06-15T07:00:00Z,0.150000000,0.149800000,0.150000000,0.146800000,10918
2020-06-16T07:00:00Z,0.148000000,0.151000000,0.151000000,0.148000000,7206
2020-06-17T07:00:00Z,0.151000000,0.150000000,0.153200000,0.149800000,11306
2020-06-18T07:00:00Z,0.151600000,0.150400000,0.153000000,0.149800000,4137
2020-06-19T07:00:00Z,0.152800000,0.149000000,0.152800000,0.148000000,5070
2020-06-22T07:00:00Z,0.150400000,0.150400000,0.150800000,0.148000000,5730
2020-06-23T07:00:00Z,0.150000000,0.149600000,0.150800000,0.149200000,2251
2020-06-25T07:00:00Z,0.149800000,0.147800000,0.150800000,0.145000000,10133
2020-06-26T07:00:00Z,0.147200000,0.146600000,0.150000000,0.146200000,2647
2020-06-29T07:00:00Z,0.146000000,0.146200000,0.149000000,0.145600000,4991
2020-06-30T07:00:00Z,0.146200000,0.146200000,0.148400000,0.145200000,3476
2020-07-02T07:00:00Z,0.146800000,0.147800000,0.148400000,0.146200000,4978
2020-07-03T07:00:00Z,0.148800000,0.148200000,0.151000000,0.147000000,2219
2020-07-06T07:00:00Z,0.148200000,0.147200000,0.150000000,0.146800000,10431
2020-07-07T07:00:00Z,0.146400000,0.147200000,0.148600000,0.146400000,7790
2020-07-08T07:00:00Z,0.148400000,0.147200000,0.149200000,0.146800000,1754
2020-07-09T07:00:00Z,0.147000000,0.148800000,0.149400000,0.146800000,10295
2020-07-10T07:00:00Z,0.148600000,0.148400000,0.148600000,0.147200000,429
2020-07-13T07:00:00Z,0.149000000,0.146800000,0.149000000,0.146800000,1809
2020-07-14T07:00:00Z,0.146800000,0.153000000,0.157800000,0.145000000,36422
2020-07-15T07:00:00Z,0.154200000,0.150400000,0.157000000,0.148200000,13815
2020-07-16T07:00:00Z,0.151800000,0.148000000,0.152000000,0.145800000,21755
2020-07-17T07:00:00Z,0.148400000,0.148400000,0.149400000,0.146200000,10933
2020-07-20T07:00:00Z,0.148600000,0.148200000,0.150600000,0.147000000,6121
2020-07-21T07:00:00Z,0.148400000,0.148400000,0.149800000,0.147600000,8365
2020-07-22T07:00:00Z,0.150000000,0.151800000,0.159800000,0.147800000,43967
2020-07-23T07:00:00Z,0.154000000,0.150000000,0.154400000,0.148600000,21899
2020-07-24T07:00:00Z,0.150800000,0.149800000,0.150800000,0.148000000,7179
2020-07-27T07:00:00Z,0.149200000,0.150000000,0.152200000,0.149200000,12675
2020-07-28T07:00:00Z,0.149200000,0.149800000,0.151000000,0.149000000,3389
2020-07-29T07:00:00Z,0.149200000,0.150600000,0.150800000,0.149000000,8926
2020-07-30T07:00:00Z,0.153000000,0.150200000,0.157000000,0.149200000,40617
2020-07-31T07:00:00Z,0.150000000,0.150400000,0.152200000,0.150000000,6866
2020-08-03T07:00:00Z,0.152800000,0.151000000,0.152800000,0.148200000,12478
2020-08-04T07:00:00Z,0.151400000,0.150600000,0.151400000,0.149400000,6607
2020-08-05T07:00:00Z,0.150000000,0.150400000,0.150800000,0.148400000,20610
2020-08-06T07:00:00Z,0.149600000,0.149600000,0.150800000,0.149000000,12273
2020-08-07T07:00:00Z,0.149000000,0.150000000,0.150600000,0.149000000,6536
2020-08-10T07:00:00Z,0.150000000,0.150000000,0.150600000,0.149000000,11575
2020-08-11T07:00:00Z,0.149200000,0.150000000,0.150400000,0.149200000,5295
2020-08-12T07:00:00Z,0.150400000,0.150400000,0.152800000,0.149400000,31617
2020-08-13T07:00:00Z,0.152800000,0.150800000,0.152800000,0.150000000,9283
2020-08-14T07:00:00Z,0.150400000,0.150600000,0.152800000,0.150000000,2047
2020-08-17T07:00:00Z,0.151600000,0.151200000,0.153600000,0.150200000,12200
2020-08-18T07:00:00Z,0.151000000,0.151000000,0.151000000,0.150200000,5760
2020-08-19T07:00:00Z,0.151200000,0.151000000,0.152200000,0.150400000,9140
2020-08-20T07:00:00Z,0.151200000,0.150200000,0.152400000,0.150200000,5895
2020-08-21T07:00:00Z,0.150200000,0.149800000,0.150600000,0.149400000,5058
2020-08-24T07:00:00Z,0.150400000,0.150200000,0.151000000,0.150000000,2625
2020-08-25T07:00:00Z,0.150200000,0.150000000,0.151000000,0.150000000,1781
2020-08-26T07:00:00Z,0.150800000,0.148800000,0.150800000,0.146000000,19728
2020-08-27T07:00:00Z,0.148000000,0.149400000,0.149800000,0.147400000,7007
2020-08-28T07:00:00Z,0.149800000,0.149000000,0.150400000,0.148800000,2254
2020-08-31T07:00:00Z,0.149400000,0.149200000,0.152000000,0.147200000,7693
2020-09-01T07:00:00Z,0.149200000,0.148800000,0.149600000,0.148200000,1780
2020-09-02T07:00:00Z,0.149200000,0.149000000,0.149600000,0.147200000,6763
2020-09-03T07:00:00Z,0.148200000,0.148200000,0.149400000,0.146600000,3305
2020-09-04T07:00:00Z,0.148000000,0.147800000,0.148000000,0.145800000,3303
2020-09-07T07:00:00Z,0.147200000,0.147800000,0.148400000,0.147000000,2267
2020-09-08T07:00:00Z,0.148200000,0.145000000,0.148200000,0.144000000,6191
2020-09-09T07:00:00Z,0.145000000,0.145600000,0.146200000,0.143600000,4398
2020-09-10T07:00:00Z,0.146200000,0.148000000,0.154000000,0.145000000,23120
2020-09-11T07:00:00Z,0.147400000,0.150600000,0.151800000,0.146600000,11494
2020-09-14T07:00:00Z,0.150600000,0.149800000,0.152800000,0.149000000,3283
2020-09-15T07:00:00Z,0.150800000,0.151000000,0.151200000,0.149200000,2533
2020-09-16T07:00:00Z,0.150000000,0.150600000,0.151000000,0.149200000,3866
2020-09-17T07:00:00Z,0.151000000,0.149800000,0.151000000,0.149000000,5738
2020-09-18T07:00:00Z,0.150600000,0.148800000,0.150600000,0.147000000,5516
2020-09-21T07:00:00Z,0.148600000,0.146400000,0.150400000,0.146000000,6074
2020-09-22T07:00:00Z,0.146400000,0.148000000,0.150000000,0.146400000,4958
2020-09-23T07:00:00Z,0.148000000,0.147400000,0.148400000,0.147000000,1828
2020-09-24T07:00:00Z,0.147400000,0.147200000,0.148400000,0.145600000,2807
2020-09-25T07:00:00Z,0.147600000,0.147000000,0.149000000,0.145400000,6237
2020-09-28T07:00:00Z,0.147800000,0.146600000,0.147800000,0.145000000,4927
2020-09-29T07:00:00Z,0.147200000,0.146600000,0.148000000,0.145000000,7853
2020-09-30T07:00:00Z,0.146600000,0.146600000,0.147800000,0.146000000,688
2020-10-01T07:00:00Z,0.145600000,0.146400000,0.147000000,0.145000000,7409
2020-10-02T07:00:00Z,0.146800000,0.144800000,0.146800000,0.141200000,15007
2020-10-05T07:00:00Z,0.145000000,0.144000000,0.145400000,0.142000000,2672
2020-10-06T07:00:00Z,0.144000000,0.145000000,0.145200000,0.143000000,3302
2020-10-07T07:00:00Z,0.144400000,0.144600000,0.147000000,0.142000000,4605
2020-10-08T07:00:00Z,0.144800000,0.144800000,0.146000000,0.143200000,1203
2020-10-09T07:00:00Z,0.144000000,0.141800000,0.145000000,0.140200000,7888
2020-10-12T07:00:00Z,0.143400000,0.142800000,0.145000000,0.141000000,4699
2020-10-13T07:00:00Z,0.142800000,0.141000000,0.142800000,0.140000000,6790
2020-10-14T07:00:00Z,0.142000000,0.141000000,0.142000000,0.139200000,2242
2020-10-15T07:00:00Z,0.140800000,0.142000000,0.143600000,0.140800000,3807
2020-10-16T07:00:00Z,0.143200000,0.141000000,0.143200000,0.140000000,3695
2020-10-19T07:00:00Z,0.141000000,0.140200000,0.142000000,0.140000000,1733
2020-10-20T07:00:00Z,0.139200000,0.140200000,0.140400000,0.139000000,1368
2020-10-21T07:00:00Z,0.140800000,0.140800000,0.143000000,0.140200000,4284
2020-10-22T07:00:00Z,0.143000000,0.140800000,0.143000000,0.140000000,854
2020-10-23T07:00:00Z,0.141400000,0.141200000,0.141400000,0.140400000,1206
2020-10-26T07:00:00Z,0.140600000,0.139000000,0.141400000,0.135000000,6207
2020-10-27T07:00:00Z,0.139000000,0.137200000,0.139800000,0.136000000,3526
2020-10-28T07:00:00Z,0.137000000,0.135400000,0.137800000,0.134200000,2539
2020-10-29T07:00:00Z,0.135200000,0.134400000,0.136000000,0.130200000,2567
2020-10-30T07:00:00Z,0.134400000,0.134000000,0.134400000,0.133000000,2095
2020-11-02T07:00:00Z,0.133000000,0.139600000,0.142000000,0.130000000,6986
2020-11-03T07:00:00Z,0.139800000,0.139000000,0.139800000,0.137200000,3435
2020-11-05T07:00:00Z,0.139600000,0.138400000,0.139600000,0.138400000,2424
2020-11-06T07:00:00Z,0.138400000,0.138600000,0.139400000,0.137400000,2479
2020-11-09T07:00:00Z,0.140000000,0.140000000,0.142600000,0.138800000,4753
2020-11-10T07:00:00Z,0.142000000,0.141800000,0.142800000,0.139400000,5516
2020-11-11T07:00:00Z,0.142800000,0.141800000,0.143000000,0.141000000,1784
2020-11-12T07:00:00Z,0.141200000,0.140800000,0.142600000,0.138400000,2916
2020-11-13T07:00:00Z,0.141200000,0.141600000,0.141600000,0.140400000,1535
2020-11-16T07:00:00Z,0.138400000,0.143000000,0.143400000,0.138400000,5355
2020-11-17T07:00:00Z,0.143400000,0.140000000,0.143400000,0.140000000,2631
2020-11-18T07:00:00Z,0.139000000,0.140400000,0.141800000,0.139000000,7245
2020-11-19T07:00:00Z,0.140200000,0.140400000,0.141600000,0.140200000,2423
2020-11-20T07:00:00Z,0.139400000,0.141200000,0.141200000,0.139400000,1029
2020-11-23T07:00:00Z,0.140000000,0.140600000,0.141200000,0.139800000,6984
2020-11-24T07:00:00Z,0.139800000,0.139800000,0.141200000,0.139000000,2137
2020-11-25T07:00:00Z,0.141200000,0.163600000,0.170600000,0.140200000,153041
2020-11-26T07:00:00Z,0.167000000,0.158200000,0.177800000,0.151600000,164175
2020-11-27T07:00:00Z,0.160200000,0.155200000,0.160600000,0.150400000,25810
2020-11-30T07:00:00Z,0.155600000,0.154800000,0.159400000,0.151800000,21499
2020-12-01T07:00:00Z,0.153600000,0.156200000,0.161800000,0.153400000,24582
2020-12-02T07:00:00Z,0.171800000,0.218600000,0.218600000,0.171800000,300995
2020-12-03T07:00:00Z,0.240400000,0.264400000,0.282600000,0.229000000,600442
2020-12-04T07:00:00Z,0.267000000,0.251600000,0.272200000,0.242000000,100566
2020-12-07T07:00:00Z,0.251600000,0.263000000,0.277800000,0.250600000,153339
2020-12-08T07:00:00Z,0.268000000,0.269800000,0.278800000,0.262000000,81444
2020-12-09T07:00:00Z,0.273000000,0.267000000,0.273600000,0.257000000,64283
2020-12-10T07:00:00Z,0.269800000,0.266000000,0.273000000,0.258600000,60921
2020-12-11T07:00:00Z,0.268000000,0.262800000,0.268000000,0.258200000,28273
2020-12-14T07:00:00Z,0.265800000,0.260000000,0.266000000,0.258200000,48314
2020-12-15T07:00:00Z,0.259600000,0.261800000,0.264800000,0.259600000,25572
2020-12-16T07:00:00Z,0.260400000,0.264800000,0.270000000,0.260200000,33876
2020-12-17T07:00:00Z,0.264800000,0.265600000,0.268200000,0.264800000,21252
2020-12-18T07:00:00Z,0.268000000,0.266600000,0.268200000,0.264200000,19717
2020-12-21T07:00:00Z,0.268200000,0.262000000,0.268200000,0.259800000,30506
2020-12-22T07:00:00Z,0.264800000,0.264400000,0.264800000,0.261000000,17238
2020-12-23T07:00:00Z,0.262000000,0.267600000,0.268800000,0.262000000,28985
2020-12-24T07:00:00Z,0.268800000,0.268800000,0.270000000,0.266400000,33903
2020-12-25T07:00:00Z,0.270000000,0.277800000,0.278000000,0.262000000,74862
2020-12-28T07:00:00Z,0.280000000,0.308200000,0.311400000,0.274000000,229733
2020-12-29T07:00:00Z,0.314800000,0.322200000,0.327000000,0.310200000,156819
2020-12-30T07:00:00Z,0.324600000,0.307200000,0.324600000,0.291200000,119135
2021-01-04T07:00:00Z,0.308800000,0.330200000,0.330200000,0.308200000,156185
2021-01-05T07:00:00Z,0.337000000,0.337000000,0.338400000,0.313000000,117930
2021-01-06T07:00:00Z,0.338800000,0.345200000,0.349000000,0.330000000,159950
2021-01-08T07:00:00Z,0.342800000,0.327400000,0.354200000,0.324400000,234616
2021-01-11T07:00:00Z,0.300000000,0.297000000,0.306800000,0.280600000,244312
2021-01-12T07:00:00Z,0.297000000,0.281800000,0.297200000,0.281200000,67094
2021-01-13T07:00:00Z,0.281000000,0.268400000,0.286600000,0.260200000,145311
2021-01-14T07:00:00Z,0.270000000,0.273000000,0.275000000,0.262800000,39932
2021-01-15T07:00:00Z,0.275400000,0.265200000,0.275400000,0.265200000,25888
2021-01-18T07:00:00Z,0.270600000,0.263800000,0.271000000,0.255200000,14124
2021-01-19T07:00:00Z,0.266600000,0.254200000,0.268800000,0.252600000,34408
2021-01-20T07:00:00Z,0.245800000,0.244000000,0.254000000,0.230800000,108929
2021-01-21T07:00:00Z,0.244400000,0.240000000,0.244400000,0.237400000,15103
2021-01-22T07:00:00Z,0.240000000,0.242000000,0.243800000,0.235200000,8268
2021-01-25T07:00:00Z,0.243200000,0.234600000,0.245000000,0.227800000,31597
2021-01-26T07:00:00Z,0.234600000,0.247400000,0.259800000,0.226400000,60449
2021-01-27T07:00:00Z,0.249800000,0.242000000,0.254200000,0.238800000,27577
2021-01-28T07:00:00Z,0.244000000,0.238800000,0.244200000,0.233600000,12305
2021-01-29T07:00:00Z,0.241000000,0.233000000,0.241400000,0.230000000,10030
2021-02-01T07:00:00Z,0.237000000,0.228200000,0.237000000,0.227000000,10740
2021-02-02T07:00:00Z,0.234200000,0.229600000,0.234200000,0.226600000,9975
2021-02-03T07:00:00Z,0.233000000,0.230000000,0.233000000,0.228200000,8377
2021-02-04T07:00:00Z,0.234000000,0.230000000,0.234000000,0.227800000,7429
2021-02-05T07:00:00Z,0.232000000,0.247800000,0.256600000,0.229600000,78176
2021-02-08T07:00:00Z,0.250000000,0.266800000,0.268600000,0.246200000,97182
2021-02-09T07:00:00Z,0.269800000,0.262000000,0.278800000,0.255200000,55032
2021-02-10T07:00:00Z,0.260600000,0.255200000,0.267400000,0.253000000,23787
2021-02-11T07:00:00Z,0.259000000,0.252800000,0.264200000,0.251600000,16130
2021-02-12T07:00:00Z,0.252800000,0.247400000,0.256400000,0.241800000,34514
2021-02-15T07:00:00Z,0.249000000,0.249800000,0.255800000,0.245200000,9313
2021-02-16T07:00:00Z,0.253400000,0.251600000,0.264000000,0.249800000,17569
2021-02-17T07:00:00Z,0.251800000,0.250000000,0.255200000,0.249000000,9678
2021-02-18T07:00:00Z,0.250000000,0.251600000,0.253600000,0.247000000,8908
2021-02-19T07:00:00Z,0.254000000,0.244000000,0.254000000,0.240200000,30952
2021-02-20T07:00:00Z,0.250400000,0.246000000,0.251600000,0.242400000,3764
2021-02-22T07:00:00Z,0.246000000,0.245800000,0.250000000,0.241000000,1999
2021-02-24T07:00:00Z,0.245800000,0.243800000,0.247200000,0.243000000,3734
2021-02-25T07:00:00Z,0.249400000,0.243200000,0.249400000,0.240000000,4594
2021-02-26T07:00:00Z,0.244200000,0.241800000,0.244200000,0.238000000,4670
2021-03-01T07:00:00Z,0.247000000,0.240600000,0.247000000,0.239600000,3664
2021-03-02T07:00:00Z,0.242800000,0.241400000,0.243600000,0.238200000,4267
2021-03-03T07:00:00Z,0.241600000,0.242400000,0.243800000,0.241000000,4011
2021-03-04T07:00:00Z,0.242400000,0.240000000,0.242400000,0.239800000,3249
2021-03-05T07:00:00Z,0.245200000,0.235400000,0.245200000,0.233200000,6529
2021-03-09T07:00:00Z,0.237200000,0.231600000,0.237200000,0.229800000,6131
2021-03-10T07:00:00Z,0.231600000,0.231600000,0.237200000,0.231600000,7768
2021-03-11T07:00:00Z,0.237000000,0.232000000,0.237000000,0.230200000,6859
2021-03-12T07:00:00Z,0.235800000,0.232000000,0.235800000,0.230000000,7678
2021-03-15T07:00:00Z,0.233000000,0.239400000,0.258600000,0.231200000,36298
2021-03-16T07:00:00Z,0.241400000,0.240200000,0.245800000,0.234200000,5764
2021-03-17T07:00:00Z,0.239000000,0.236400000,0.242200000,0.236000000,4207
2021-03-18T07:00:00Z,0.236400000,0.235000000,0.239400000,0.235000000,7794
2021-03-19T07:00:00Z,0.235000000,0.236800000,0.239000000,0.235000000,2808
2021-03-22T07:00:00Z,0.239800000,0.234600000,0.239800000,0.234400000,3790
2021-03-23T07:00:00Z,0.235800000,0.234400000,0.237400000,0.229800000,11920
2021-03-24T07:00:00Z,0.236400000,0.234600000,0.236400000,0.230800000,4295
2021-03-25T07:00:00Z,0.232200000,0.230800000,0.234600000,0.230200000,1755
2021-03-26T07:00:00Z,0.236000000,0.234000000,0.236000000,0.230600000,2643
2021-03-29T07:00:00Z,0.236000000,0.234000000,0.236400000,0.231200000,4219
2021-03-30T07:00:00Z,0.235400000,0.232000000,0.235400000,0.231000000,2087
2021-03-31T07:00:00Z,0.231400000,0.231600000,0.234600000,0.228800000,3469
2021-04-01T07:00:00Z,0.232000000,0.232200000,0.233200000,0.230000000,1541
2021-04-02T07:00:00Z,0.232200000,0.233200000,0.234000000,0.231400000,2466
2021-04-05T07:00:00Z,0.233200000,0.233200000,0.234800000,0.231600000,1152
2021-04-06T07:00:00Z,0.233600000,0.231600000,0.234800000,0.230000000,7800
2021-04-07T07:00:00Z,0.234200000,0.232400000,0.234200000,0.231000000,5141
2021-04-08T07:00:00Z,0.232400000,0.235000000,0.235200000,0.231600000,3517
2021-04-09T07:00:00Z,0.235800000,0.235000000,0.239800000,0.235000000,14789
2021-04-12T07:00:00Z,0.235400000,0.233800000,0.244800000,0.229800000,25646
2021-04-13T07:00:00Z,0.231600000,0.241200000,0.246600000,0.226000000,21062
2021-04-14T07:00:00Z,0.236200000,0.236600000,0.240600000,0.235600000,6533
2021-04-15T07:00:00Z,0.234800000,0.234200000,0.239400000,0.232600000,3573
2021-04-16T07:00:00Z,0.238800000,0.235000000,0.238800000,0.232400000,2562
2021-04-19T07:00:00Z,0.238000000,0.235200000,0.238000000,0.232200000,3846
2021-04-20T07:00:00Z,0.233000000,0.233800000,0.237400000,0.232800000,5843
2021-04-21T07:00:00Z,0.233000000,0.234000000,0.264000000,0.230000000,13297
2021-04-22T07:00:00Z,0.236800000,0.235600000,0.238200000,0.233400000,3798
2021-04-23T07:00:00Z,0.234400000,0.234000000,0.236800000,0.232000000,4555
2021-04-26T07:00:00Z,0.233400000,0.233000000,0.235200000,0.232200000,3582
2021-04-27T07:00:00Z,0.235000000,0.233000000,0.235600000,0.232200000,3055
2021-04-28T07:00:00Z,0.236800000,0.232400000,0.236800000,0.230000000,3926
2021-04-29T07:00:00Z,0.231600000,0.231200000,0.233200000,0.230800000,3993
2021-04-30T07:00:00Z,0.231200000,0.230000000,0.233400000,0.229800000,5090
2021-05-04T07:00:00Z,0.235400000,0.232000000,0.235400000,0.230000000,3315
2021-05-05T07:00:00Z,0.231400000,0.233000000,0.233200000,0.231000000,1934
2021-05-06T07:00:00Z,0.233000000,0.233600000,0.235000000,0.231800000,1970
2021-05-07T07:00:00Z,0.234200000,0.231000000,0.234200000,0.230200000,4803
2021-05-10T07:00:00Z,0.230600000,0.231600000,0.234600000,0.229800000,5166
2021-05-11T07:00:00Z,0.232800000,0.230600000,0.232800000,0.228400000,7067
2021-05-12T07:00:00Z,0.228600000,0.230800000,0.232000000,0.228600000,2016
2021-05-13T07:00:00Z,0.231600000,0.231000000,0.233000000,0.228200000,4066
2021-05-14T07:00:00Z,0.232000000,0.231400000,0.232000000,0.229800000,3013
2021-05-17T07:00:00Z,0.231800000,0.231000000,0.234000000,0.231000000,1667
2021-05-18T07:00:00Z,0.232000000,0.231000000,0.233200000,0.228800000,9928
2021-05-19T07:00:00Z,0.230000000,0.228800000,0.232000000,0.227000000,7303
2021-05-20T07:00:00Z,0.230000000,0.230000000,0.230800000,0.228800000,996
2021-05-21T07:00:00Z,0.230000000,0.230000000,0.230800000,0.228200000,3208
2021-05-24T07:00:00Z,0.228000000,0.229800000,0.231800000,0.228000000,1119
2021-05-25T07:00:00Z,0.228200000,0.229000000,0.231000000,0.228200000,617
2021-05-26T07:00:00Z,0.228800000,0.229000000,0.231800000,0.228200000,2035
2021-05-27T07:00:00Z,0.228200000,0.230000000,0.230800000,0.228200000,4444
2021-05-28T07:00:00Z,0.231000000,0.230000000,0.231000000,0.228600000,778
2021-05-31T07:00:00Z,0.230800000,0.229800000,0.231000000,0.229000000,1278
2021-06-01T07:00:00Z,0.231000000,0.229400000,0.231000000,0.228000000,1627
2021-06-02T07:00:00Z,0.228800000,0.229400000,0.230000000,0.228000000,1978
2021-06-03T07:00:00Z,0.230000000,0.230000000,0.231000000,0.228600000,2343
2021-06-04T07:00:00Z,0.230800000,0.230000000,0.231000000,0.229000000,621
2021-06-07T07:00:00Z,0.230000000,0.229000000,0.230000000,0.227000000,4372
2021-06-08T07:00:00Z,0.229000000,0.227400000,0.229000000,0.223200000,5627
2021-06-09T07:00:00Z,0.226800000,0.226000000,0.227400000,0.224400000,2684
2021-06-10T07:00:00Z,0.226000000,0.226000000,0.227600000,0.225800000,3019
2021-06-11T07:00:00Z,0.225200000,0.225800000,0.226800000,0.224200000,2494
2021-06-14T07:00:00Z,0.225800000,0.227800000,0.230000000,0.225000000,3764
2021-06-15T07:00:00Z,0.225000000,0.225600000,0.230000000,0.220400000,8268
2021-06-16T07:00:00Z,0.227000000,0.225200000,0.227000000,0.225000000,1652
2021-06-17T07:00:00Z,0.223800000,0.219000000,0.226600000,0.215800000,4368
2021-06-18T07:00:00Z,0.222200000,0.221000000,0.226600000,0.215400000,5131
2021-06-21T07:00:00Z,0.215200000,0.219800000,0.221000000,0.214400000,3485
2021-06-22T07:00:00Z,0.221400000,0.228600000,0.229400000,0.217000000,3357
2021-06-23T07:00:00Z,0.229400000,0.228400000,0.229800000,0.222400000,4564
2021-06-24T07:00:00Z,0.228400000,0.226400000,0.228800000,0.222800000,831
2021-06-25T07:00:00Z,0.222800000,0.224000000,0.228800000,0.222800000,2444
2021-06-28T07:00:00Z,0.224000000,0.222400000,0.227200000,0.220000000,2084
2021-06-29T07:00:00Z,0.220000000,0.219400000,0.225800000,0.216200000,1676
2021-06-30T07:00:00Z,0.220000000,0.216000000,0.221200000,0.215000000,2262
2021-07-01T07:00:00Z,0.217800000,0.219800000,0.220800000,0.215800000,2071
2021-07-02T07:00:00Z,0.222200000,0.220000000,0.225600000,0.211400000,2730
2021-07-05T07:00:00Z,0.222800000,0.219400000,0.222800000,0.216000000,1379
2021-07-06T07:00:00Z,0.220400000,0.216800000,0.220400000,0.215400000,1331
2021-07-07T07:00:00Z,0.219200000,0.217800000,0.222200000,0.217000000,1053
2021-07-08T07:00:00Z,0.216800000,0.217200000,0.222400000,0.216800000,662
2021-07-09T07:00:00Z,0.222600000,0.219400000,0.222600000,0.216600000,1398
2021-07-12T07:00:00Z,0.220800000,0.217200000,0.220800000,0.216800000,1155
2021-07-13T07:00:00Z,0.217200000,0.217200000,0.219200000,0.217000000,1208
2021-07-14T07:00:00Z,0.217200000,0.216000000,0.218800000,0.215200000,657
2021-07-15T07:00:00Z,0.219800000,0.215400000,0.219800000,0.215000000,2200
2021-07-16T07:00:00Z,0.217600000,0.211400000,0.217600000,0.210000000,2722
2021-07-19T07:00:00Z,0.210200000,0.207200000,0.210200000,0.207000000,2530
2021-07-20T07:00:00Z,0.206400000,0.205200000,0.209800000,0.198200000,4464
2021-07-21T07:00:00Z,0.206000000,0.211600000,0.211600000,0.204400000,1237
2021-07-22T07:00:00Z,0.211800000,0.211800000,0.212000000,0.210200000,1811
2021-07-23T07:00:00Z,0.206200000,0.207600000,0.211800000,0.206200000,403
2021-07-26T07:00:00Z,0.207600000,0.207600000,0.212000000,0.200200000,3743
2021-07-27T07:00:00Z,0.208800000,0.208400000,0.211600000,0.206000000,2264
2021-07-28T07:00:00Z,0.204600000,0.209000000,0.211400000,0.204600000,1960
2021-07-29T07:00:00Z,0.204200000,0.209800000,0.211400000,0.204200000,291
2021-07-30T07:00:00Z,0.205400000,0.209000000,0.211200000,0.205400000,769
2021-08-02T07:00:00Z,0.205200000,0.208800000,0.211200000,0.203200000,2674
2021-08-03T07:00:00Z,0.209800000,0.227000000,0.250000000,0.205800000,142349
2021-08-04T07:00:00Z,0.230000000,0.224400000,0.244600000,0.218000000,51921
2021-08-05T07:00:00Z,0.225800000,0.220000000,0.228800000,0.218800000,12809
2021-08-06T07:00:00Z,0.220000000,0.221400000,0.222400000,0.216400000,8940
2021-08-09T07:00:00Z,0.221200000,0.223800000,0.227600000,0.218000000,4554
2021-08-10T07:00:00Z,0.221800000,0.240200000,0.254600000,0.221800000,98466
2021-08-11T07:00:00Z,0.243000000,0.239800000,0.244800000,0.225200000,37332
2021-08-12T07:00:00Z,0.239800000,0.237600000,0.243000000,0.230000000,12647
2021-08-13T07:00:00Z,0.237600000,0.233000000,0.238200000,0.230400000,4956
2021-08-16T07:00:00Z,0.233400000,0.243000000,0.244200000,0.233400000,17043
2021-08-17T07:00:00Z,0.243000000,0.241800000,0.243800000,0.238400000,3127
2021-08-18T07:00:00Z,0.242800000,0.249000000,0.253000000,0.236600000,22358
2021-08-19T07:00:00Z,0.249000000,0.247000000,0.249000000,0.237400000,16437
2021-08-20T07:00:00Z,0.247000000,0.243800000,0.248800000,0.238000000,6755
2021-08-23T07:00:00Z,0.243400000,0.242600000,0.247400000,0.238400000,4026
2021-08-24T07:00:00Z,0.242600000,0.241000000,0.243800000,0.231200000,3870
2021-08-25T07:00:00Z,0.237600000,0.238000000,0.241800000,0.235000000,5689
2021-08-26T07:00:00Z,0.239000000,0.244400000,0.247000000,0.236000000,5863
2021-08-27T07:00:00Z,0.243800000,0.240000000,0.249000000,0.238000000,6247
2021-08-30T07:00:00Z,0.241800000,0.237600000,0.245600000,0.235800000,11335
2021-08-31T07:00:00Z,0.242000000,0.241000000,0.243200000,0.239000000,4012
2021-09-01T07:00:00Z,0.240400000,0.240400000,0.242200000,0.238400000,2564
2021-09-02T07:00:00Z,0.241200000,0.239200000,0.241200000,0.236200000,7238
2021-09-03T07:00:00Z,0.243000000,0.239600000,0.243000000,0.236000000,2641
2021-09-06T07:00:00Z,0.239600000,0.237200000,0.242000000,0.233600000,7897
2021-09-07T07:00:00Z,0.235200000,0.235800000,0.238800000,0.232400000,4384
2021-09-08T07:00:00Z,0.236400000,0.231600000,0.236800000,0.228800000,7683
2021-09-09T07:00:00Z,0.234800000,0.238400000,0.250000000,0.229400000,14065
2021-09-10T07:00:00Z,0.240000000,0.233400000,0.241600000,0.230000000,10501
2021-09-13T07:00:00Z,0.235000000,0.233600000,0.239800000,0.229400000,4913
2021-09-14T07:00:00Z,0.233800000,0.233000000,0.235600000,0.227600000,7879
2021-09-15T07:00:00Z,0.233000000,0.228800000,0.233600000,0.224200000,7458
2021-09-16T07:00:00Z,0.230200000,0.229400000,0.235000000,0.223400000,4998
2021-09-17T07:00:00Z,0.230000000,0.227000000,0.230000000,0.225200000,1533
2021-09-20T07:00:00Z,0.227000000,0.224600000,0.229600000,0.224000000,2585
2021-09-21T07:00:00Z,0.225200000,0.226200000,0.229800000,0.223400000,2352
2021-09-22T07:00:00Z,0.226200000,0.223400000,0.229800000,0.220800000,4228
2021-09-23T07:00:00Z,0.226800000,0.227000000,0.228000000,0.223600000,1873
2021-09-24T07:00:00Z,0.230000000,0.226200000,0.230000000,0.224000000,2065
2021-09-27T07:00:00Z,0.226200000,0.226400000,0.229000000,0.224400000,2117
2021-09-28T07:00:00Z,0.229200000,0.233200000,0.237800000,0.226000000,6555
2021-09-29T07:00:00Z,0.232800000,0.232400000,0.238400000,0.230000000,1434
2021-09-30T07:00:00Z,0.232000000,0.237800000,0.239000000,0.232000000,5827
2021-10-01T07:00:00Z,0.241000000,0.243800000,0.249800000,0.235200000,19894
2021-10-04T07:00:00Z,0.243800000,0.241600000,0.247200000,0.236600000,4375
2021-10-05T07:00:00Z,0.241600000,0.241800000,0.245600000,0.235200000,4587
2021-10-06T07:00:00Z,0.244200000,0.241200000,0.244400000,0.236400000,2022
2021-10-07T07:00:00Z,0.242400000,0.241800000,0.242400000,0.235600000,1676
2021-10-08T07:00:00Z,0.242000000,0.243000000,0.246400000,0.238000000,2921
2021-10-11T07:00:00Z,0.240800000,0.241000000,0.247200000,0.240600000,2749
2021-10-12T07:00:00Z,0.241000000,0.239000000,0.241200000,0.235400000,4369
2021-10-13T07:00:00Z,0.239400000,0.235600000,0.240000000,0.232000000,6813
2021-10-14T07:00:00Z,0.231800000,0.234000000,0.239600000,0.230200000,4737
2021-10-15T07:00:00Z,0.235200000,0.234400000,0.241400000,0.231000000,8340
2021-10-18T07:00:00Z,0.234000000,0.238400000,0.239200000,0.232400000,2721
2021-10-19T07:00:00Z,0.238400000,0.238200000,0.244600000,0.236000000,3171
2021-10-20T07:00:00Z,0.241200000,0.237400000,0.241200000,0.234600000,1613
2021-10-21T07:00:00Z,0.241200000,0.238600000,0.244800000,0.237400000,6161
2021-10-22T07:00:00Z,0.238600000,0.236400000,0.241400000,0.236400000,2720
2021-10-25T07:00:00Z,0.236400000,0.238000000,0.238000000,0.231000000,2013
2021-10-26T07:00:00Z,0.235800000,0.237200000,0.244200000,0.235800000,2775
2021-10-27T07:00:00Z,0.238000000,0.238600000,0.239800000,0.237800000,4029
2021-10-28T07:00:00Z,0.237000000,0.235000000,0.239200000,0.232600000,3716
2021-10-29T07:00:00Z,0.232800000,0.236000000,0.238200000,0.230000000,2431
2021-11-01T07:00:00Z,0.236600000,0.234800000,0.237000000,0.230800000,1719
2021-11-02T07:00:00Z,0.231800000,0.235200000,0.237200000,0.231800000,2399
2021-11-03T07:00:00Z,0.238800000,0.234000000,0.238800000,0.221800000,11258
2021-11-05T07:00:00Z,0.233800000,0.231800000,0.237800000,0.229000000,1063
2021-11-08T07:00:00Z,0.232000000,0.229000000,0.238800000,0.224400000,3388
2021-11-09T07:00:00Z,0.230000000,0.229800000,0.230200000,0.228000000,1341
2021-11-10T07:00:00Z,0.229800000,0.226200000,0.230600000,0.223200000,1597
2021-11-11T07:00:00Z,0.226400000,0.226600000,0.231000000,0.224000000,2510
2021-11-12T07:00:00Z,0.231000000,0.227200000,0.232000000,0.224000000,1276
2021-11-15T07:00:00Z,0.229000000,0.228600000,0.229000000,0.225000000,968
2021-11-16T07:00:00Z,0.225800000,0.227000000,0.234800000,0.222200000,3521
2021-11-17T07:00:00Z,0.230000000,0.225000000,0.230000000,0.224000000,2910
2021-11-18T07:00:00Z,0.223400000,0.225200000,0.231800000,0.220000000,7285
2021-11-19T07:00:00Z,0.227800000,0.221400000,0.227800000,0.221200000,2284
2021-11-22T07:00:00Z,0.221400000,0.219400000,0.221400000,0.210200000,4348
2021-11-23T07:00:00Z,0.214200000,0.213000000,0.219600000,0.205800000,10683
2021-11-24T07:00:00Z,0.219600000,0.211000000,0.219600000,0.211000000,1990
2021-11-25T07:00:00Z,0.217000000,0.216400000,0.223000000,0.210000000,3895
2021-11-26T07:00:00Z,0.220800000,0.211800000,0.220800000,0.210000000,1937
2021-11-29T07:00:00Z,0.214000000,0.211400000,0.214000000,0.210200000,934
2021-11-30T07:00:00Z,0.210200000,0.227000000,0.249000000,0.210000000,55614
2021-12-01T07:00:00Z,0.236600000,0.214600000,0.239600000,0.210000000,22760
2021-12-02T07:00:00Z,0.216400000,0.211600000,0.219600000,0.210000000,3822
2021-12-03T07:00:00Z,0.212200000,0.211800000,0.217400000,0.210000000,4507
2021-12-06T07:00:00Z,0.212600000,0.210600000,0.217600000,0.207400000,6837
2021-12-07T07:00:00Z,0.210800000,0.208600000,0.213200000,0.203800000,4108
2021-12-08T07:00:00Z,0.208600000,0.203000000,0.214000000,0.200200000,11815
2021-12-09T07:00:00Z,0.203000000,0.206000000,0.211200000,0.202000000,2200
2021-12-10T07:00:00Z,0.204200000,0.202200000,0.210800000,0.202200000,1098
2021-12-13T07:00:00Z,0.204000000,0.186400000,0.208200000,0.185400000,10764
2021-12-14T07:00:00Z,0.185000000,0.188000000,0.189600000,0.175400000,2320
2021-12-15T07:00:00Z,0.187000000,0.189600000,0.191400000,0.186200000,2926
2021-12-16T07:00:00Z,0.191800000,0.192800000,0.194000000,0.190000000,2671
2021-12-17T07:00:00Z,0.192800000,0.191600000,0.193600000,0.187600000,1180
2021-12-20T07:00:00Z,0.191600000,0.181600000,0.192800000,0.178400000,4725
2021-12-21T07:00:00Z,0.182600000,0.180600000,0.182600000,0.175400000,10746
2021-12-22T07:00:00Z,0.182200000,0.180200000,0.189000000,0.179200000,4334
2021-12-23T07:00:00Z,0.185200000,0.182400000,0.189200000,0.180800000,2244
2021-12-24T07:00:00Z,0.185800000,0.183000000,0.189200000,0.182600000,1090
2021-12-27T07:00:00Z,0.187400000,0.181200000,0.187400000,0.179000000,4020
2021-12-28T07:00:00Z,0.181200000,0.179200000,0.183400000,0.179200000,3886
2021-12-29T07:00:00Z,0.179600000,0.182800000,0.185000000,0.179600000,5960
2021-12-30T07:00:00Z,0.186000000,0.182000000,0.186000000,0.180000000,4983
2022-01-03T07:00:00Z,0.182000000,0.186000000,0.189600000,0.180800000,1686
2022-01-04T07:00:00Z,0.189800000,0.199000000,0.208200000,0.186200000,11567
2022-01-05T07:00:00Z,0.198800000,0.191000000,0.199000000,0.190600000,2618
2022-01-06T07:00:00Z,0.191200000,0.195200000,0.199800000,0.191200000,3510
2022-01-10T07:00:00Z,0.195600000,0.191200000,0.196200000,0.186000000,5125
2022-01-11T07:00:00Z,0.191200000,0.191600000,0.192600000,0.188600000,1380
2022-01-12T07:00:00Z,0.190000000,0.190600000,0.192400000,0.185600000,2917
2022-01-13T07:00:00Z,0.190000000,0.186800000,0.191400000,0.180200000,2307
2022-01-14T07:00:00Z,0.185800000,0.181800000,0.187800000,0.180000000,3145
2022-01-17T07:00:00Z,0.180200000,0.179800000,0.182800000,0.175000000,3503
2022-01-18T07:00:00Z,0.179800000,0.172000000,0.181200000,0.171200000,4584
2022-01-19T07:00:00Z,0.171000000,0.172200000,0.177200000,0.168200000,2846
2022-01-20T07:00:00Z,0.178600000,0.173400000,0.179800000,0.171000000,1182
2022-01-21T07:00:00Z,0.179600000,0.169400000,0.179600000,0.169400000,1283
2022-01-24T07:00:00Z,0.169000000,0.151200000,0.171000000,0.149000000,11453
2022-01-25T07:00:00Z,0.151200000,0.154800000,0.159400000,0.151200000,3008
2022-01-26T07:00:00Z,0.158000000,0.158200000,0.158600000,0.154800000,1371
2022-01-27T07:00:00Z,0.158400000,0.170600000,0.172800000,0.155800000,11635
2022-01-28T07:00:00Z,0.170800000,0.167600000,0.174400000,0.163200000,2947
2022-01-31T07:00:00Z,0.170800000,0.173200000,0.174600000,0.166200000,1912
2022-02-01T07:00:00Z,0.166400000,0.176800000,0.178600000,0.166400000,1271
2022-02-02T07:00:00Z,0.176800000,0.172400000,0.178600000,0.167200000,1657
2022-02-03T07:00:00Z,0.177200000,0.169200000,0.177400000,0.166000000,697
2022-02-04T07:00:00Z,0.172000000,0.171200000,0.173800000,0.168000000,1743
2022-02-07T07:00:00Z,0.171200000,0.172000000,0.177800000,0.171000000,392
2022-02-08T07:00:00Z,0.176000000,0.173000000,0.176400000,0.171200000,1367
2022-02-09T07:00:00Z,0.176000000,0.176600000,0.177000000,0.172800000,1145
2022-02-10T07:00:00Z,0.177400000,0.180200000,0.181400000,0.172800000,2801
2022-02-11T07:00:00Z,0.180000000,0.174600000,0.180000000,0.173800000,900
2022-02-14T07:00:00Z,0.171200000,0.173000000,0.179000000,0.170200000,1188
2022-02-15T07:00:00Z,0.172600000,0.174200000,0.174800000,0.172400000,940
2022-02-16T07:00:00Z,0.174200000,0.177000000,0.178600000,0.174200000,1205
2022-02-17T07:00:00Z,0.180000000,0.175200000,0.180000000,0.174000000,697
2022-02-18T07:00:00Z,0.173200000,0.173800000,0.177400000,0.173000000,2042
2022-02-21T07:00:00Z,0.177000000,0.153800000,0.177000000,0.149800000,5769
2022-02-22T07:00:00Z,0.153800000,0.157000000,0.157000000,0.120800000,12299
2022-02-24T07:00:00Z,0.157000000,0.115000000,0.157000000,0.098800000,23836
2022-02-25T07:00:00Z,0.120000000,0.130000000,0.138800000,0.107000000,5730
