2018-03-12T07:00:00Z,3.690000000,3.750000000,3.990000000,3.690000000,43
2018-03-13T07:00:00Z,3.700000000,3.950000000,3.990000000,3.670000000,125
2018-03-14T07:00:00Z,3.950000000,3.990000000,3.990000000,3.830000000,79
2018-03-15T07:00:00Z,3.810000000,3.900000000,3.970000000,3.810000000,33
2018-03-16T07:00:00Z,3.920000000,3.920000000,3.920000000,3.870000000,30
2018-03-20T07:00:00Z,3.930000000,3.930000000,3.940000000,3.930000000,10
2018-03-21T07:00:00Z,3.920000000,3.870000000,3.980000000,3.870000000,3
2018-03-22T07:00:00Z,3.900000000,3.980000000,3.980000000,3.810000000,15
2018-03-23T07:00:00Z,3.850000000,3.810000000,3.860000000,3.810000000,26
2018-03-27T07:00:00Z,3.830000000,3.830000000,3.910000000,3.830000000,9
2018-03-28T07:00:00Z,3.910000000,3.910000000,3.910000000,3.900000000,35
2018-03-29T07:00:00Z,3.890000000,3.890000000,4.040000000,3.890000000,12
2018-03-30T07:00:00Z,3.930000000,3.990000000,4.030000000,3.900000000,142
2018-04-03T07:00:00Z,4.040000000,3.970000000,4.090000000,3.860000000,65
2018-04-04T07:00:00Z,3.980000000,3.930000000,4.070000000,3.930000000,17
2018-04-05T07:00:00Z,4.060000000,3.940000000,4.060000000,3.930000000,44
2018-04-06T07:00:00Z,4.000000000,3.990000000,4.000000000,3.950000000,91
2018-04-09T07:00:00Z,3.810000000,3.700000000,3.810000000,3.700000000,32
2018-04-10T07:00:00Z,3.710000000,3.730000000,3.890000000,3.700000000,73
2018-04-11T07:00:00Z,3.710000000,3.740000000,3.900000000,3.710000000,51
2018-04-12T07:00:00Z,3.740000000,3.790000000,3.980000000,3.700000000,120
2018-04-13T07:00:00Z,3.790000000,3.930000000,3.980000000,3.790000000,56
2018-04-17T07:00:00Z,3.810000000,3.890000000,3.890000000,3.810000000,9
2018-04-18T07:00:00Z,3.890000000,3.890000000,3.890000000,3.890000000,8
2018-04-23T07:00:00Z,3.850000000,3.950000000,3.980000000,3.850000000,7
2018-04-24T07:00:00Z,3.900000000,3.980000000,3.980000000,3.860000000,28
2018-04-25T07:00:00Z,3.980000000,3.980000000,3.980000000,3.980000000,4
2018-04-26T07:00:00Z,3.870000000,3.870000000,3.950000000,3.870000000,1
2018-04-27T07:00:00Z,3.940000000,3.940000000,3.950000000,3.940000000,10
2018-04-28T07:00:00Z,3.850000000,3.860000000,3.870000000,3.850000000,3
2018-05-03T07:00:00Z,3.800000000,3.820000000,3.820000000,3.800000000,19
2018-05-07T07:00:00Z,3.900000000,3.920000000,3.920000000,3.900000000,8
2018-05-08T07:00:00Z,3.800000000,3.900000000,3.900000000,3.770000000,44
2018-05-10T07:00:00Z,3.800000000,3.810000000,3.920000000,3.800000000,2
2018-05-11T07:00:00Z,3.830000000,3.920000000,3.920000000,3.830000000,3
2018-05-14T07:00:00Z,3.900000000,3.900000000,3.940000000,3.900000000,2
2018-05-15T07:00:00Z,3.900000000,3.940000000,3.940000000,3.900000000,6
2018-05-16T07:00:00Z,3.900000000,3.900000000,3.900000000,3.880000000,6
2018-05-17T07:00:00Z,3.880000000,3.880000000,3.880000000,3.880000000,1
2018-05-21T07:00:00Z,3.960000000,4.300000000,4.490000000,3.950000000,994
2018-05-22T07:00:00Z,4.270000000,4.390000000,4.440000000,4.230000000,131
2018-05-23T07:00:00Z,4.390000000,4.350000000,4.390000000,4.210000000,227
2018-05-24T07:00:00Z,4.300000000,4.300000000,4.440000000,4.230000000,15
2018-05-25T07:00:00Z,4.430000000,4.320000000,4.440000000,4.320000000,53
2018-05-28T07:00:00Z,4.440000000,4.410000000,4.440000000,4.310000000,3
2018-05-29T07:00:00Z,4.340000000,4.310000000,4.400000000,4.310000000,13
2018-05-30T07:00:00Z,4.350000000,4.350000000,4.350000000,4.350000000,11
2018-05-31T07:00:00Z,4.350000000,4.400000000,4.400000000,4.320000000,50
2018-06-01T07:00:00Z,4.270000000,4.350000000,4.350000000,4.270000000,19
2018-06-05T07:00:00Z,4.390000000,4.310000000,4.430000000,4.310000000,14
2018-06-06T07:00:00Z,4.400000000,4.400000000,4.400000000,4.350000000,44
2018-06-07T07:00:00Z,4.390000000,4.300000000,4.390000000,4.270000000,68
2018-06-08T07:00:00Z,4.300000000,4.360000000,4.370000000,4.280000000,45
2018-06-09T07:00:00Z,4.370000000,4.380000000,4.410000000,4.370000000,38
2018-06-11T07:00:00Z,4.380000000,4.400000000,4.460000000,4.380000000,63
2018-06-13T07:00:00Z,4.460000000,4.430000000,4.460000000,4.430000000,37
2018-06-14T07:00:00Z,4.400000000,4.430000000,4.430000000,4.310000000,42
2018-06-18T07:00:00Z,4.460000000,4.440000000,4.460000000,4.440000000,3
2018-06-19T07:00:00Z,4.400000000,4.400000000,4.400000000,4.400000000,20
2018-06-20T07:00:00Z,4.300000000,4.390000000,4.390000000,4.300000000,94
2018-06-21T07:00:00Z,4.470000000,4.440000000,4.470000000,4.400000000,32
2018-06-22T07:00:00Z,4.470000000,4.420000000,4.470000000,4.400000000,56
2018-06-25T07:00:00Z,4.400000000,4.420000000,4.430000000,4.380000000,72
2018-06-26T07:00:00Z,4.440000000,4.450000000,4.480000000,4.400000000,300
2018-06-27T07:00:00Z,4.470000000,4.460000000,4.470000000,4.380000000,195
2018-06-28T07:00:00Z,4.450000000,4.430000000,4.470000000,4.410000000,213
2018-06-29T07:00:00Z,4.460000000,4.480000000,4.510000000,4.440000000,636
2018-07-02T07:00:00Z,4.030000000,3.950000000,4.030000000,3.810000000,885
2018-07-03T07:00:00Z,3.910000000,3.900000000,3.930000000,3.900000000,158
2018-07-04T07:00:00Z,3.830000000,3.870000000,3.890000000,3.800000000,95
2018-07-05T07:00:00Z,3.850000000,3.870000000,3.870000000,3.820000000,15
2018-07-06T07:00:00Z,3.870000000,3.850000000,3.870000000,3.830000000,25
2018-07-09T07:00:00Z,3.870000000,3.780000000,3.870000000,3.690000000,139
2018-07-10T07:00:00Z,3.790000000,3.780000000,3.790000000,3.780000000,13
2018-07-11T07:00:00Z,3.790000000,3.810000000,3.810000000,3.770000000,57
2018-07-12T07:00:00Z,3.790000000,3.840000000,3.840000000,3.790000000,32
2018-07-13T07:00:00Z,3.820000000,3.830000000,3.830000000,3.770000000,61
2018-07-16T07:00:00Z,3.790000000,3.830000000,3.830000000,3.790000000,42
2018-07-17T07:00:00Z,3.780000000,3.810000000,3.820000000,3.770000000,15
2018-07-18T07:00:00Z,3.790000000,3.750000000,3.820000000,3.750000000,26
2018-07-19T07:00:00Z,3.810000000,3.820000000,3.820000000,3.770000000,10
2018-07-20T07:00:00Z,3.810000000,3.800000000,3.810000000,3.740000000,17
2018-07-23T07:00:00Z,3.780000000,3.720000000,3.780000000,3.720000000,3
2018-07-24T07:00:00Z,3.710000000,3.770000000,3.770000000,3.710000000,5
2018-07-25T07:00:00Z,3.760000000,3.760000000,3.760000000,3.760000000,3
2018-07-26T07:00:00Z,3.750000000,3.840000000,3.850000000,3.750000000,54
2018-07-27T07:00:00Z,3.890000000,3.810000000,3.890000000,3.810000000,8
2018-07-30T07:00:00Z,3.900000000,3.980000000,3.980000000,3.890000000,32
2018-07-31T07:00:00Z,3.880000000,3.930000000,3.970000000,3.880000000,5
2018-08-01T07:00:00Z,3.900000000,3.960000000,3.960000000,3.900000000,7
2018-08-02T07:00:00Z,3.970000000,3.940000000,3.970000000,3.840000000,45
2018-08-03T07:00:00Z,3.860000000,3.910000000,3.910000000,3.860000000,57
2018-08-07T07:00:00Z,3.910000000,3.890000000,3.910000000,3.890000000,2
2018-08-08T07:00:00Z,3.870000000,3.840000000,3.870000000,3.840000000,8
2018-08-09T07:00:00Z,3.830000000,3.840000000,3.840000000,3.570000000,39
2018-08-10T07:00:00Z,3.850000000,3.750000000,3.870000000,3.750000000,25
2018-08-13T07:00:00Z,3.660000000,3.800000000,3.800000000,3.660000000,7
2018-08-14T07:00:00Z,3.790000000,3.830000000,3.830000000,3.790000000,2
2018-08-15T07:00:00Z,3.830000000,3.930000000,3.930000000,3.830000000,63
2018-08-20T07:00:00Z,3.600000000,3.760000000,3.860000000,3.600000000,42
2018-08-21T07:00:00Z,3.720000000,3.720000000,3.720000000,3.720000000,1
2018-08-22T07:00:00Z,3.800000000,3.800000000,3.800000000,3.800000000,3
2018-08-24T07:00:00Z,3.800000000,3.790000000,3.800000000,3.790000000,17
2018-08-29T07:00:00Z,3.710000000,3.710000000,3.710000000,3.710000000,1
2018-08-30T07:00:00Z,3.770000000,3.700000000,3.810000000,3.700000000,50
2018-08-31T07:00:00Z,3.750000000,3.750000000,3.750000000,3.750000000,9
2018-09-03T07:00:00Z,3.750000000,3.750000000,3.750000000,3.750000000,2
2018-09-05T07:00:00Z,3.750000000,3.750000000,3.750000000,3.750000000,1
2018-09-06T07:00:00Z,3.750000000,3.750000000,3.750000000,3.750000000,5
2018-09-10T07:00:00Z,3.750000000,3.700000000,3.790000000,3.700000000,31
2018-09-11T07:00:00Z,3.740000000,3.750000000,3.750000000,3.740000000,5
2018-09-12T07:00:00Z,3.730000000,3.700000000,3.740000000,3.690000000,24
2018-09-13T07:00:00Z,3.700000000,3.810000000,3.820000000,3.700000000,109
2018-09-14T07:00:00Z,3.820000000,3.800000000,3.820000000,3.800000000,9
2018-09-17T07:00:00Z,3.710000000,3.810000000,3.810000000,3.710000000,2
2018-09-19T07:00:00Z,3.820000000,3.950000000,3.950000000,3.820000000,126
2018-09-20T07:00:00Z,3.960000000,4.090000000,4.100000000,3.950000000,74
2018-09-21T07:00:00Z,4.150000000,4.100000000,4.200000000,4.010000000,84
2018-09-24T07:00:00Z,4.120000000,4.100000000,4.350000000,4.010000000,39
2018-09-25T07:00:00Z,4.020000000,4.010000000,4.020000000,3.860000000,32
2018-09-26T07:00:00Z,3.950000000,4.200000000,4.200000000,3.860000000,116
2018-09-27T07:00:00Z,4.240000000,4.020000000,4.240000000,4.000000000,16
2018-09-28T07:00:00Z,4.200000000,4.100000000,4.200000000,4.060000000,6
2018-10-02T07:00:00Z,4.220000000,4.200000000,4.220000000,4.200000000,3
2018-10-03T07:00:00Z,4.030000000,4.170000000,4.180000000,4.030000000,29
2018-10-08T07:00:00Z,4.030000000,4.160000000,4.160000000,4.030000000,2
2018-10-09T07:00:00Z,4.160000000,4.060000000,4.170000000,4.060000000,5
2018-10-11T07:00:00Z,4.030000000,4.030000000,4.030000000,4.030000000,6
2018-10-12T07:00:00Z,4.170000000,4.020000000,4.170000000,4.020000000,10
2018-10-15T07:00:00Z,4.030000000,4.020000000,4.030000000,4.000000000,125
2018-10-16T07:00:00Z,4.080000000,4.090000000,4.090000000,4.080000000,2
2018-10-17T07:00:00Z,4.000000000,4.000000000,4.010000000,4.000000000,15
2018-10-18T07:00:00Z,3.880000000,3.990000000,4.000000000,3.870000000,29
2018-10-19T07:00:00Z,4.090000000,4.080000000,4.090000000,4.080000000,2
2018-10-22T07:00:00Z,4.170000000,4.010000000,4.170000000,4.010000000,22
2018-10-23T07:00:00Z,3.880000000,4.000000000,4.000000000,3.870000000,21
2018-10-24T07:00:00Z,4.090000000,4.100000000,4.100000000,4.090000000,19
2018-10-25T07:00:00Z,4.140000000,4.140000000,4.140000000,4.140000000,2
2018-10-26T07:00:00Z,3.990000000,4.170000000,4.220000000,3.990000000,18
2018-10-29T07:00:00Z,3.930000000,3.800000000,4.000000000,3.620000000,173
2018-10-30T07:00:00Z,3.910000000,3.900000000,3.910000000,3.760000000,7
2018-10-31T07:00:00Z,3.830000000,3.830000000,3.830000000,3.830000000,1
2018-11-01T07:00:00Z,3.920000000,3.920000000,3.920000000,3.920000000,1
2018-11-02T07:00:00Z,3.900000000,3.920000000,3.950000000,3.900000000,18
2018-11-06T07:00:00Z,3.950000000,3.950000000,3.950000000,3.850000000,9
2018-11-07T07:00:00Z,3.840000000,3.840000000,3.840000000,3.840000000,2
2018-11-08T07:00:00Z,3.800000000,3.870000000,3.870000000,3.800000000,10
2018-11-09T07:00:00Z,3.850000000,3.850000000,3.850000000,3.850000000,3
2018-11-12T07:00:00Z,3.810000000,3.850000000,3.860000000,3.810000000,14
2018-11-13T07:00:00Z,3.930000000,3.920000000,3.930000000,3.900000000,7
2018-11-14T07:00:00Z,3.850000000,3.850000000,3.850000000,3.850000000,13
2018-11-16T07:00:00Z,3.780000000,3.780000000,3.780000000,3.780000000,1
2018-11-19T07:00:00Z,3.820000000,3.800000000,3.820000000,3.800000000,4
2018-11-20T07:00:00Z,3.900000000,3.760000000,3.900000000,3.710000000,67
2018-11-21T07:00:00Z,3.770000000,3.900000000,3.900000000,3.770000000,14
2018-11-22T07:00:00Z,3.780000000,3.790000000,3.800000000,3.780000000,12
2018-11-23T07:00:00Z,3.800000000,3.850000000,3.850000000,3.800000000,9
2018-11-27T07:00:00Z,3.860000000,3.850000000,3.860000000,3.850000000,11
2018-11-28T07:00:00Z,3.680000000,3.780000000,3.780000000,3.670000000,56
2018-11-29T07:00:00Z,3.870000000,3.870000000,3.870000000,3.870000000,1
2018-11-30T07:00:00Z,3.850000000,3.850000000,3.850000000,3.850000000,10
2018-12-03T07:00:00Z,3.900000000,3.850000000,3.900000000,3.730000000,13
2018-12-04T07:00:00Z,3.820000000,3.800000000,3.820000000,3.800000000,39
2018-12-05T07:00:00Z,3.800000000,3.800000000,3.800000000,3.800000000,1
2018-12-06T07:00:00Z,3.800000000,3.800000000,3.800000000,3.800000000,2
2018-12-10T07:00:00Z,3.800000000,3.790000000,3.800000000,3.790000000,9
2018-12-11T07:00:00Z,3.690000000,3.760000000,3.760000000,3.660000000,11
2018-12-13T07:00:00Z,3.780000000,3.780000000,3.780000000,3.780000000,1
2018-12-14T07:00:00Z,3.700000000,3.700000000,3.790000000,3.700000000,41
2018-12-17T07:00:00Z,3.800000000,3.800000000,3.800000000,3.800000000,10
2018-12-19T07:00:00Z,3.770000000,3.700000000,3.770000000,3.700000000,6
2018-12-20T07:00:00Z,3.800000000,3.800000000,3.800000000,3.800000000,2
2018-12-21T07:00:00Z,3.800000000,3.820000000,3.820000000,3.800000000,32
2018-12-25T07:00:00Z,3.780000000,3.780000000,3.780000000,3.780000000,9
2018-12-26T07:00:00Z,3.820000000,3.600000000,3.820000000,3.600000000,121
2018-12-27T07:00:00Z,3.780000000,3.700000000,3.780000000,3.700000000,2
2018-12-28T07:00:00Z,3.760000000,3.750000000,3.760000000,3.750000000,7
2018-12-29T07:00:00Z,3.670000000,3.730000000,3.740000000,3.650000000,31
2019-01-03T07:00:00Z,3.740000000,3.740000000,3.740000000,3.740000000,10
2019-01-04T07:00:00Z,3.700000000,3.750000000,3.750000000,3.700000000,26
2019-01-08T07:00:00Z,3.650000000,3.740000000,3.740000000,3.650000000,53
2019-01-09T07:00:00Z,3.720000000,3.730000000,3.730000000,3.720000000,27
2019-01-10T07:00:00Z,3.710000000,3.760000000,3.760000000,3.710000000,9
2019-01-11T07:00:00Z,3.780000000,3.800000000,3.800000000,3.780000000,27
2019-01-14T07:00:00Z,3.780000000,3.690000000,3.800000000,3.690000000,38
2019-01-15T07:00:00Z,3.780000000,3.780000000,3.780000000,3.770000000,10
2019-01-16T07:00:00Z,3.690000000,3.740000000,3.750000000,3.640000000,59
2019-01-17T07:00:00Z,3.750000000,3.690000000,3.780000000,3.690000000,144
2019-01-18T07:00:00Z,3.780000000,3.780000000,3.780000000,3.780000000,5
2019-01-21T07:00:00Z,3.770000000,3.860000000,3.860000000,3.770000000,65
2019-01-22T07:00:00Z,3.870000000,3.870000000,3.870000000,3.870000000,3
2019-01-23T07:00:00Z,3.970000000,3.900000000,3.970000000,3.900000000,2
2019-01-24T07:00:00Z,3.960000000,4.100000000,4.150000000,3.940000000,106
2019-01-25T07:00:00Z,4.000000000,3.960000000,4.010000000,3.960000000,23
2019-01-28T07:00:00Z,3.970000000,3.970000000,3.970000000,3.970000000,1
2019-01-29T07:00:00Z,3.970000000,3.970000000,3.970000000,3.970000000,6
2019-01-30T07:00:00Z,4.000000000,4.020000000,4.020000000,4.000000000,6
2019-01-31T07:00:00Z,3.990000000,3.990000000,3.990000000,3.990000000,2
2019-02-01T07:00:00Z,4.030000000,4.050000000,4.050000000,4.030000000,30
2019-02-04T07:00:00Z,4.000000000,4.000000000,4.000000000,4.000000000,1
2019-02-05T07:00:00Z,4.030000000,4.050000000,4.190000000,3.960000000,118
2019-02-06T07:00:00Z,4.050000000,4.060000000,4.060000000,4.050000000,2
2019-02-07T07:00:00Z,4.000000000,4.000000000,4.000000000,4.000000000,1
2019-02-08T07:00:00Z,3.920000000,3.920000000,3.920000000,3.920000000,1
2019-02-11T07:00:00Z,3.800000000,4.090000000,4.110000000,3.800000000,8
2019-02-12T07:00:00Z,4.000000000,4.120000000,4.200000000,4.000000000,51
2019-02-13T07:00:00Z,4.200000000,4.150000000,4.540000000,4.070000000,115
2019-02-14T07:00:00Z,3.740000000,4.150000000,4.270000000,3.740000000,68
2019-02-15T07:00:00Z,4.070000000,4.190000000,4.190000000,4.070000000,7
2019-02-19T07:00:00Z,4.050000000,4.100000000,4.100000000,4.020000000,13
2019-02-22T07:00:00Z,4.150000000,4.050000000,4.170000000,4.050000000,11
2019-02-25T07:00:00Z,4.380000000,4.050000000,4.380000000,4.050000000,5
2019-02-26T07:00:00Z,3.940000000,4.000000000,4.100000000,3.940000000,24
2019-02-27T07:00:00Z,4.100000000,4.090000000,4.100000000,4.090000000,6
2019-03-01T07:00:00Z,4.090000000,4.100000000,4.100000000,4.060000000,10
2019-03-04T07:00:00Z,4.050000000,4.110000000,4.110000000,4.010000000,14
2019-03-05T07:00:00Z,4.240000000,4.100000000,4.240000000,3.980000000,10
2019-03-06T07:00:00Z,4.010000000,4.000000000,4.010000000,4.000000000,7
2019-03-07T07:00:00Z,4.020000000,4.020000000,4.020000000,4.020000000,1
2019-03-11T07:00:00Z,4.060000000,4.050000000,4.060000000,4.020000000,16
2019-03-12T07:00:00Z,4.010000000,4.010000000,4.010000000,4.010000000,9
2019-03-13T07:00:00Z,4.290000000,4.010000000,4.290000000,4.010000000,26
2019-03-14T07:00:00Z,4.090000000,4.100000000,4.100000000,4.090000000,4
2019-03-15T07:00:00Z,4.010000000,4.090000000,4.090000000,4.010000000,10
2019-03-18T07:00:00Z,4.020000000,4.170000000,4.260000000,4.020000000,71
2019-03-19T07:00:00Z,4.070000000,4.150000000,4.150000000,4.060000000,13
2019-03-20T07:00:00Z,4.050000000,4.110000000,4.110000000,4.050000000,3
2019-03-21T07:00:00Z,4.240000000,4.180000000,4.340000000,4.180000000,7
2019-03-22T07:00:00Z,4.100000000,4.100000000,4.100000000,4.100000000,1
2019-03-25T07:00:00Z,4.050000000,4.060000000,4.060000000,4.000000000,118
2019-03-26T07:00:00Z,4.060000000,4.040000000,4.060000000,4.040000000,3
2019-03-27T07:00:00Z,4.060000000,4.110000000,4.130000000,4.010000000,148
2019-03-28T07:00:00Z,4.050000000,4.070000000,4.140000000,4.000000000,32
2019-03-29T07:00:00Z,4.000000000,4.030000000,4.070000000,4.000000000,9
2019-04-01T07:00:00Z,4.050000000,4.060000000,4.060000000,4.000000000,10
2019-04-02T07:00:00Z,4.010000000,4.010000000,4.050000000,4.000000000,20
2019-04-03T07:00:00Z,4.010000000,4.010000000,4.010000000,4.010000000,14
2019-04-04T07:00:00Z,4.070000000,4.050000000,4.070000000,3.970000000,13
2019-04-05T07:00:00Z,4.030000000,4.020000000,4.040000000,4.020000000,9
2019-04-08T07:00:00Z,4.030000000,4.010000000,4.030000000,4.010000000,3
2019-04-09T07:00:00Z,4.060000000,4.060000000,4.070000000,4.060000000,12
2019-04-10T07:00:00Z,4.060000000,4.000000000,4.060000000,4.000000000,6
2019-04-11T07:00:00Z,4.070000000,4.060000000,4.070000000,4.060000000,2
2019-04-12T07:00:00Z,4.060000000,4.060000000,4.060000000,4.060000000,1
2019-04-15T07:00:00Z,4.050000000,4.060000000,4.060000000,4.050000000,12
2019-04-16T07:00:00Z,4.050000000,4.030000000,4.050000000,4.030000000,9
2019-04-19T07:00:00Z,4.020000000,4.010000000,4.020000000,4.010000000,5
2019-04-22T07:00:00Z,4.010000000,4.030000000,4.030000000,4.000000000,9
2019-04-23T07:00:00Z,4.010000000,4.010000000,4.010000000,4.010000000,1
2019-04-24T07:00:00Z,4.000000000,4.020000000,4.020000000,4.000000000,6
2019-04-29T07:00:00Z,4.050000000,4.040000000,4.050000000,4.000000000,5
2019-05-03T07:00:00Z,4.060000000,4.060000000,4.060000000,4.060000000,1
2019-05-07T07:00:00Z,4.010000000,4.050000000,4.050000000,4.010000000,5
2019-05-08T07:00:00Z,4.060000000,4.060000000,4.060000000,4.060000000,1
2019-05-10T07:00:00Z,4.000000000,4.000000000,4.000000000,3.800000000,11
2019-05-13T07:00:00Z,4.000000000,4.000000000,4.000000000,4.000000000,2
2019-05-14T07:00:00Z,3.960000000,3.960000000,3.960000000,3.960000000,1
2019-05-15T07:00:00Z,4.040000000,3.950000000,4.040000000,3.950000000,12
2019-05-16T07:00:00Z,4.000000000,4.050000000,4.060000000,4.000000000,13
2019-05-17T07:00:00Z,4.000000000,4.000000000,4.000000000,4.000000000,5
2019-05-20T07:00:00Z,3.890000000,4.000000000,4.070000000,3.890000000,36
2019-05-21T07:00:00Z,4.050000000,4.100000000,4.100000000,4.050000000,13
2019-05-22T07:00:00Z,4.020000000,4.350000000,4.550000000,4.020000000,389
2019-05-23T07:00:00Z,4.220000000,4.200000000,4.360000000,4.160000000,184
2019-05-24T07:00:00Z,4.120000000,4.200000000,4.200000000,4.120000000,3
2019-05-27T07:00:00Z,4.200000000,4.190000000,4.200000000,4.190000000,3
2019-05-28T07:00:00Z,4.190000000,4.190000000,4.190000000,4.190000000,2
2019-05-29T07:00:00Z,4.100000000,4.150000000,4.150000000,4.070000000,90
2019-05-31T07:00:00Z,4.150000000,4.160000000,4.160000000,4.150000000,2
2019-06-03T07:00:00Z,4.160000000,4.160000000,4.160000000,4.160000000,1
2019-06-04T07:00:00Z,4.100000000,4.130000000,4.140000000,4.100000000,13
2019-06-05T07:00:00Z,4.140000000,4.100000000,4.140000000,4.100000000,66
2019-06-06T07:00:00Z,4.050000000,4.110000000,4.110000000,4.040000000,4
2019-06-07T07:00:00Z,4.190000000,4.100000000,4.190000000,4.100000000,22
2019-06-10T07:00:00Z,4.130000000,4.100000000,4.140000000,4.100000000,32
2019-06-11T07:00:00Z,4.150000000,4.150000000,4.200000000,4.140000000,30
2019-06-13T07:00:00Z,4.180000000,4.120000000,4.190000000,4.000000000,182
2019-06-14T07:00:00Z,4.170000000,4.150000000,4.170000000,4.140000000,4
2019-06-17T07:00:00Z,4.150000000,4.170000000,4.170000000,4.150000000,33
2019-06-18T07:00:00Z,4.190000000,4.160000000,4.200000000,4.150000000,48
2019-06-19T07:00:00Z,4.190000000,4.140000000,4.220000000,4.140000000,32
2019-06-20T07:00:00Z,4.180000000,4.190000000,4.190000000,4.180000000,2
2019-06-21T07:00:00Z,4.190000000,4.150000000,4.220000000,4.150000000,190
2019-06-24T07:00:00Z,4.240000000,4.190000000,4.240000000,4.160000000,19
2019-06-25T07:00:00Z,4.160000000,4.160000000,4.160000000,4.130000000,26
2019-06-26T07:00:00Z,4.200000000,4.250000000,4.300000000,4.200000000,49
2019-06-27T07:00:00Z,4.220000000,4.290000000,4.290000000,4.220000000,11
2019-06-28T07:00:00Z,4.280000000,4.250000000,4.290000000,4.250000000,58
2019-07-01T07:00:00Z,4.200000000,4.190000000,4.200000000,4.190000000,2
2019-07-02T07:00:00Z,4.210000000,4.240000000,4.250000000,4.200000000,19
2019-07-03T07:00:00Z,4.320000000,4.250000000,4.330000000,4.200000000,68
2019-07-04T07:00:00Z,4.290000000,4.280000000,4.350000000,4.250000000,30
2019-07-05T07:00:00Z,4.210000000,4.300000000,4.380000000,4.210000000,170
2019-07-08T07:00:00Z,4.320000000,4.330000000,4.340000000,4.270000000,307
2019-07-09T07:00:00Z,3.980000000,3.980000000,4.010000000,3.940000000,211
2019-07-10T07:00:00Z,4.100000000,4.000000000,4.100000000,3.990000000,62
2019-07-11T07:00:00Z,3.990000000,4.000000000,4.000000000,3.970000000,32
2019-07-12T07:00:00Z,3.990000000,4.020000000,4.020000000,3.990000000,54
2019-07-15T07:00:00Z,3.960000000,3.940000000,3.970000000,3.940000000,9
2019-07-16T07:00:00Z,3.990000000,3.990000000,3.990000000,3.990000000,2
2019-07-17T07:00:00Z,3.960000000,3.960000000,4.010000000,3.920000000,11
2019-07-18T07:00:00Z,3.980000000,3.990000000,3.990000000,3.980000000,5
2019-07-19T07:00:00Z,3.980000000,3.990000000,3.990000000,3.930000000,23
2019-07-22T07:00:00Z,3.990000000,3.970000000,3.990000000,3.970000000,5
2019-07-23T07:00:00Z,3.950000000,4.000000000,4.000000000,3.950000000,27
2019-07-24T07:00:00Z,4.000000000,4.010000000,4.010000000,4.000000000,9
2019-07-25T07:00:00Z,4.000000000,4.010000000,4.010000000,4.000000000,6
2019-07-26T07:00:00Z,4.010000000,4.010000000,4.010000000,4.010000000,5
2019-07-29T07:00:00Z,4.000000000,4.060000000,4.070000000,4.000000000,97
2019-07-30T07:00:00Z,4.090000000,4.070000000,4.090000000,4.070000000,23
2019-07-31T07:00:00Z,4.080000000,4.060000000,4.080000000,4.050000000,8
2019-08-01T07:00:00Z,4.040000000,4.000000000,4.040000000,4.000000000,67
2019-08-02T07:00:00Z,3.990000000,3.990000000,3.990000000,3.990000000,1
2019-08-05T07:00:00Z,4.030000000,4.020000000,4.030000000,3.960000000,20
2019-08-07T07:00:00Z,3.960000000,4.000000000,4.020000000,3.950000000,6
2019-08-08T07:00:00Z,4.010000000,4.020000000,4.020000000,4.010000000,22
2019-08-12T07:00:00Z,4.020000000,4.060000000,4.060000000,4.020000000,3
2019-08-13T07:00:00Z,4.000000000,4.030000000,4.030000000,3.990000000,13
2019-08-14T07:00:00Z,4.110000000,4.010000000,4.110000000,4.010000000,5
2019-08-15T07:00:00Z,4.020000000,4.000000000,4.020000000,4.000000000,13
2019-08-16T07:00:00Z,4.000000000,3.980000000,4.010000000,3.980000000,22
2019-08-19T07:00:00Z,4.050000000,4.000000000,4.050000000,3.990000000,27
2019-08-21T07:00:00Z,4.000000000,4.030000000,4.030000000,4.000000000,17
2019-08-22T07:00:00Z,4.030000000,4.030000000,4.030000000,4.030000000,7
2019-08-23T07:00:00Z,4.010000000,4.000000000,4.010000000,4.000000000,30
2019-08-26T07:00:00Z,4.000000000,4.000000000,4.030000000,4.000000000,17
2019-08-27T07:00:00Z,4.000000000,4.030000000,4.030000000,4.000000000,27
2019-08-28T07:00:00Z,4.020000000,4.030000000,4.030000000,4.020000000,22
2019-08-29T07:00:00Z,4.040000000,4.010000000,4.090000000,4.010000000,15
2019-08-30T07:00:00Z,4.040000000,4.030000000,4.040000000,4.010000000,8
2019-09-02T07:00:00Z,4.030000000,4.040000000,4.080000000,4.030000000,24
2019-09-03T07:00:00Z,4.040000000,4.060000000,4.080000000,4.040000000,10
2019-09-05T07:00:00Z,4.080000000,4.100000000,4.100000000,4.080000000,14
2019-09-06T07:00:00Z,4.100000000,4.100000000,4.100000000,4.100000000,2
2019-09-09T07:00:00Z,4.030000000,4.060000000,4.060000000,4.000000000,7
2019-09-10T07:00:00Z,4.050000000,4.050000000,4.050000000,4.050000000,12
2019-09-11T07:00:00Z,4.050000000,4.030000000,4.100000000,4.030000000,20
2019-09-12T07:00:00Z,4.080000000,4.080000000,4.080000000,4.080000000,1
2019-09-16T07:00:00Z,4.080000000,4.040000000,4.120000000,4.040000000,27
2019-09-17T07:00:00Z,4.050000000,4.080000000,4.080000000,4.050000000,2
2019-09-18T07:00:00Z,4.070000000,4.070000000,4.070000000,4.070000000,10
2019-09-19T07:00:00Z,4.100000000,4.020000000,4.100000000,4.020000000,6
2019-09-23T07:00:00Z,4.100000000,4.020000000,4.100000000,4.020000000,2
2019-09-24T07:00:00Z,4.020000000,3.990000000,4.020000000,3.940000000,45
2019-09-25T07:00:00Z,4.000000000,3.990000000,4.000000000,3.970000000,14
2019-09-26T07:00:00Z,4.030000000,4.030000000,4.030000000,4.030000000,1
2019-09-27T07:00:00Z,4.060000000,3.940000000,4.060000000,3.940000000,2
2019-09-30T07:00:00Z,4.060000000,4.040000000,4.080000000,4.040000000,6
2019-10-02T07:00:00Z,4.000000000,3.950000000,4.050000000,3.880000000,8
2019-10-04T07:00:00Z,3.950000000,4.000000000,4.000000000,3.930000000,9
2019-10-07T07:00:00Z,3.950000000,4.030000000,4.040000000,3.950000000,5
2019-10-09T07:00:00Z,4.000000000,3.910000000,4.000000000,3.910000000,18
2019-10-10T07:00:00Z,3.920000000,3.950000000,4.000000000,3.920000000,5
2019-10-11T07:00:00Z,4.000000000,4.000000000,4.000000000,4.000000000,3
2019-10-14T07:00:00Z,4.030000000,3.930000000,4.030000000,3.930000000,4
2019-10-16T07:00:00Z,3.950000000,3.950000000,3.950000000,3.950000000,1
2019-10-17T07:00:00Z,4.010000000,4.010000000,4.010000000,4.010000000,1
2019-10-18T07:00:00Z,4.000000000,4.010000000,4.010000000,4.000000000,5
2019-10-21T07:00:00Z,4.030000000,4.040000000,4.050000000,4.030000000,16
2019-10-23T07:00:00Z,4.000000000,4.000000000,4.000000000,4.000000000,1
2019-10-24T07:00:00Z,4.020000000,3.990000000,4.020000000,3.990000000,2
2019-10-25T07:00:00Z,4.070000000,4.060000000,4.100000000,4.050000000,130
2019-10-28T07:00:00Z,4.100000000,4.070000000,4.100000000,4.070000000,3
2019-10-29T07:00:00Z,4.100000000,4.270000000,4.300000000,4.070000000,252
2019-10-31T07:00:00Z,4.040000000,4.250000000,4.350000000,4.040000000,132
2019-11-01T07:00:00Z,4.130000000,4.200000000,4.200000000,4.130000000,31
2019-11-05T07:00:00Z,4.280000000,4.270000000,4.290000000,4.250000000,28
2019-11-06T07:00:00Z,4.280000000,4.300000000,4.300000000,4.280000000,7
2019-11-07T07:00:00Z,4.220000000,4.220000000,4.220000000,4.220000000,2
2019-11-08T07:00:00Z,4.230000000,4.300000000,4.370000000,4.210000000,176
2019-11-11T07:00:00Z,4.370000000,4.390000000,4.400000000,4.310000000,35
2019-11-12T07:00:00Z,4.420000000,4.420000000,4.420000000,4.420000000,1
2019-11-13T07:00:00Z,4.480000000,4.270000000,4.480000000,4.270000000,11
2019-11-14T07:00:00Z,4.460000000,4.300000000,4.470000000,4.300000000,30
2019-11-15T07:00:00Z,4.390000000,4.500000000,4.510000000,4.320000000,239
2019-11-18T07:00:00Z,4.490000000,4.500000000,4.500000000,4.400000000,128
2019-11-19T07:00:00Z,4.370000000,4.500000000,4.500000000,4.350000000,56
2019-11-20T07:00:00Z,4.500000000,4.500000000,4.500000000,4.500000000,5
2019-11-21T07:00:00Z,4.540000000,4.440000000,4.540000000,4.430000000,12
2019-11-22T07:00:00Z,4.500000000,4.430000000,4.500000000,4.400000000,43
2019-11-25T07:00:00Z,4.470000000,4.490000000,4.500000000,4.470000000,14
2019-11-26T07:00:00Z,4.480000000,4.480000000,4.520000000,4.480000000,23
2019-11-27T07:00:00Z,4.480000000,4.450000000,4.480000000,4.450000000,2
2019-11-28T07:00:00Z,4.470000000,4.350000000,4.470000000,4.310000000,11
2019-11-29T07:00:00Z,4.390000000,4.480000000,4.480000000,4.390000000,5
2019-12-02T07:00:00Z,4.480000000,4.480000000,4.560000000,4.440000000,17
2019-12-03T07:00:00Z,4.460000000,4.470000000,4.510000000,4.460000000,9
2019-12-04T07:00:00Z,4.460000000,4.460000000,4.460000000,4.460000000,1
2019-12-05T07:00:00Z,4.440000000,4.440000000,4.440000000,4.440000000,4
2019-12-09T07:00:00Z,4.500000000,4.500000000,4.500000000,4.500000000,1
2019-12-10T07:00:00Z,4.500000000,4.490000000,4.500000000,4.430000000,25
2019-12-11T07:00:00Z,4.420000000,4.420000000,4.430000000,4.400000000,19
2019-12-12T07:00:00Z,4.460000000,4.460000000,4.540000000,4.460000000,15
2019-12-13T07:00:00Z,4.490000000,4.460000000,4.500000000,4.450000000,8
2019-12-16T07:00:00Z,4.420000000,4.500000000,4.500000000,4.410000000,20
2019-12-17T07:00:00Z,4.500000000,4.500000000,4.500000000,4.500000000,39
2019-12-18T07:00:00Z,4.500000000,4.540000000,4.540000000,4.450000000,23
2019-12-19T07:00:00Z,4.550000000,4.600000000,4.600000000,4.490000000,11
2019-12-20T07:00:00Z,4.600000000,4.600000000,4.600000000,4.600000000,2
2019-12-23T07:00:00Z,4.650000000,4.570000000,4.650000000,4.500000000,32
2019-12-24T07:00:00Z,4.570000000,4.640000000,4.700000000,4.570000000,109
2019-12-25T07:00:00Z,4.590000000,4.730000000,4.740000000,4.580000000,136
2019-12-26T07:00:00Z,4.790000000,4.870000000,4.870000000,4.700000000,41
2019-12-27T07:00:00Z,4.720000000,4.820000000,4.850000000,4.660000000,98
2019-12-30T07:00:00Z,4.850000000,4.870000000,4.890000000,4.690000000,23
2020-01-03T07:00:00Z,4.930000000,4.810000000,4.950000000,4.800000000,66
2020-01-06T07:00:00Z,4.810000000,4.810000000,4.930000000,4.800000000,35
2020-01-08T07:00:00Z,4.920000000,4.920000000,4.920000000,4.920000000,1
2020-01-09T07:00:00Z,4.930000000,4.810000000,4.960000000,4.800000000,34
2020-01-10T07:00:00Z,4.890000000,4.970000000,5.000000000,4.700000000,66
2020-01-13T07:00:00Z,4.900000000,5.210000000,5.270000000,4.900000000,80
2020-01-14T07:00:00Z,5.280000000,5.200000000,5.410000000,5.150000000,24
2020-01-15T07:00:00Z,5.150000000,5.250000000,5.350000000,5.150000000,18
2020-01-16T07:00:00Z,5.350000000,5.310000000,5.350000000,5.300000000,24
2020-01-17T07:00:00Z,5.180000000,5.450000000,5.470000000,5.180000000,52
2020-01-20T07:00:00Z,5.370000000,5.650000000,5.670000000,5.200000000,47
2020-01-21T07:00:00Z,5.540000000,5.500000000,5.690000000,5.350000000,27
2020-01-22T07:00:00Z,5.600000000,5.870000000,6.200000000,5.600000000,656
2020-01-23T07:00:00Z,5.940000000,5.710000000,6.020000000,5.700000000,163
2020-01-24T07:00:00Z,5.540000000,5.690000000,5.840000000,5.540000000,34
2020-01-27T07:00:00Z,5.330000000,5.690000000,5.760000000,5.220000000,46
2020-01-28T07:00:00Z,5.870000000,5.850000000,5.900000000,5.610000000,53
2020-01-29T07:00:00Z,5.680000000,5.700000000,5.940000000,5.520000000,58
2020-01-30T07:00:00Z,5.920000000,5.700000000,5.920000000,5.520000000,23
2020-01-31T07:00:00Z,5.810000000,5.590000000,5.890000000,5.530000000,101
2020-02-03T07:00:00Z,5.500000000,5.640000000,5.780000000,5.500000000,34
2020-02-04T07:00:00Z,5.640000000,5.750000000,5.750000000,5.600000000,32
2020-02-05T07:00:00Z,5.760000000,5.710000000,5.770000000,5.650000000,6
2020-02-06T07:00:00Z,5.760000000,5.710000000,5.770000000,5.650000000,44
2020-02-07T07:00:00Z,5.750000000,5.800000000,5.800000000,5.560000000,41
2020-02-10T07:00:00Z,5.820000000,6.070000000,6.460000000,5.800000000,168
2020-02-11T07:00:00Z,6.030000000,6.270000000,6.480000000,5.770000000,153
2020-02-12T07:00:00Z,6.050000000,6.080000000,6.480000000,6.050000000,49
2020-02-13T07:00:00Z,6.140000000,6.130000000,6.220000000,6.100000000,49
2020-02-14T07:00:00Z,6.090000000,6.100000000,6.130000000,6.010000000,25
2020-02-17T07:00:00Z,6.170000000,6.080000000,6.200000000,6.030000000,83
2020-02-18T07:00:00Z,6.140000000,6.170000000,6.220000000,6.050000000,21
2020-02-19T07:00:00Z,6.210000000,6.120000000,6.210000000,6.060000000,23
2020-02-20T07:00:00Z,6.120000000,6.170000000,6.180000000,6.010000000,62
2020-02-21T07:00:00Z,6.120000000,6.460000000,6.670000000,6.120000000,206
2020-02-25T07:00:00Z,6.460000000,6.180000000,6.460000000,6.180000000,24
2020-02-26T07:00:00Z,6.270000000,6.000000000,6.280000000,5.200000000,98
2020-02-27T07:00:00Z,6.050000000,5.820000000,6.050000000,5.700000000,57
2020-02-28T07:00:00Z,5.580000000,5.690000000,5.950000000,5.340000000,75
2020-03-02T07:00:00Z,5.820000000,5.640000000,5.940000000,5.590000000,73
2020-03-03T07:00:00Z,5.740000000,6.100000000,6.200000000,5.690000000,82
2020-03-04T07:00:00Z,6.350000000,6.230000000,7.370000000,6.000000000,213
2020-03-05T07:00:00Z,6.290000000,6.280000000,6.380000000,6.080000000,39
2020-03-06T07:00:00Z,6.030000000,5.840000000,6.200000000,5.790000000,102
2020-03-10T07:00:00Z,5.550000000,5.740000000,5.900000000,5.200000000,74
2020-03-11T07:00:00Z,5.670000000,5.560000000,5.730000000,5.300000000,107
2020-03-12T07:00:00Z,5.270000000,5.090000000,5.400000000,5.000000000,64
2020-03-13T07:00:00Z,5.020000000,5.180000000,5.490000000,5.020000000,46
2020-03-16T07:00:00Z,4.820000000,4.720000000,5.050000000,4.650000000,163
2020-03-17T07:00:00Z,4.780000000,4.770000000,4.850000000,4.660000000,30
2020-03-18T07:00:00Z,4.590000000,4.520000000,4.840000000,4.250000000,111
2020-03-19T07:00:00Z,4.440000000,4.940000000,4.980000000,4.200000000,83
2020-03-20T07:00:00Z,4.970000000,5.120000000,5.500000000,4.970000000,102
2020-03-23T07:00:00Z,5.000000000,5.100000000,5.190000000,4.980000000,38
2020-03-24T07:00:00Z,5.370000000,5.290000000,5.370000000,4.340000000,38
2020-03-25T07:00:00Z,5.040000000,5.260000000,5.380000000,4.810000000,42
2020-03-26T07:00:00Z,5.250000000,5.370000000,5.370000000,5.250000000,19
2020-03-27T07:00:00Z,5.370000000,5.190000000,5.370000000,5.070000000,13
2020-03-30T07:00:00Z,5.050000000,5.170000000,5.190000000,5.050000000,7
2020-03-31T07:00:00Z,5.390000000,5.280000000,5.390000000,5.030000000,23
2020-04-01T07:00:00Z,5.280000000,5.370000000,5.370000000,5.160000000,30
2020-04-02T07:00:00Z,5.400000000,5.360000000,5.400000000,5.100000000,18
2020-04-03T07:00:00Z,5.400000000,5.380000000,5.460000000,5.350000000,18
2020-04-06T07:00:00Z,5.470000000,5.540000000,5.540000000,5.230000000,75
2020-04-07T07:00:00Z,5.560000000,5.550000000,5.760000000,5.470000000,64
2020-04-08T07:00:00Z,5.150000000,5.540000000,5.550000000,5.150000000,32
2020-04-09T07:00:00Z,5.590000000,5.620000000,5.700000000,5.550000000,37
2020-04-10T07:00:00Z,5.500000000,5.680000000,5.740000000,5.490000000,83
2020-04-13T07:00:00Z,5.680000000,5.610000000,5.720000000,5.560000000,17
2020-04-14T07:00:00Z,5.500000000,5.780000000,5.890000000,5.500000000,53
2020-04-15T07:00:00Z,5.430000000,5.630000000,5.760000000,5.380000000,25
2020-04-16T07:00:00Z,5.210000000,5.650000000,5.850000000,5.210000000,75
2020-04-17T07:00:00Z,5.910000000,5.600000000,5.910000000,5.600000000,23
2020-04-20T07:00:00Z,5.530000000,5.680000000,5.700000000,5.500000000,67
2020-04-21T07:00:00Z,5.240000000,5.700000000,5.750000000,5.240000000,19
2020-04-22T07:00:00Z,5.780000000,5.780000000,5.790000000,5.670000000,19
2020-04-23T07:00:00Z,5.640000000,5.700000000,6.100000000,5.510000000,219
2020-04-24T07:00:00Z,5.690000000,5.630000000,5.690000000,5.390000000,40
2020-04-27T07:00:00Z,5.750000000,5.700000000,5.750000000,5.510000000,57
2020-04-28T07:00:00Z,5.990000000,5.900000000,5.990000000,5.770000000,400
2020-04-29T07:00:00Z,5.910000000,6.140000000,6.160000000,5.900000000,405
2020-04-30T07:00:00Z,6.160000000,6.300000000,6.410000000,6.160000000,164
2020-05-04T07:00:00Z,6.390000000,6.290000000,6.490000000,6.180000000,79
2020-05-05T07:00:00Z,6.340000000,6.270000000,6.350000000,6.250000000,96
2020-05-06T07:00:00Z,6.350000000,6.290000000,6.600000000,6.260000000,73
2020-05-07T07:00:00Z,6.320000000,6.260000000,6.350000000,6.010000000,109
2020-05-08T07:00:00Z,6.330000000,6.330000000,6.330000000,6.250000000,45
2020-05-12T07:00:00Z,6.350000000,6.360000000,6.430000000,6.310000000,31
2020-05-13T07:00:00Z,6.400000000,6.510000000,6.550000000,6.400000000,61
2020-05-14T07:00:00Z,6.520000000,6.380000000,6.600000000,6.300000000,108
2020-05-15T07:00:00Z,6.410000000,6.400000000,6.600000000,6.340000000,41
2020-05-18T07:00:00Z,6.450000000,6.460000000,6.600000000,6.380000000,62
2020-05-19T07:00:00Z,6.560000000,6.570000000,6.580000000,6.510000000,44
2020-05-20T07:00:00Z,6.620000000,6.670000000,6.680000000,6.510000000,67
2020-05-21T07:00:00Z,6.690000000,6.750000000,6.800000000,6.690000000,103
2020-05-22T07:00:00Z,6.740000000,6.830000000,6.950000000,6.700000000,101
2020-05-25T07:00:00Z,7.190000000,8.170000000,8.400000000,6.960000000,490
2020-05-26T07:00:00Z,8.040000000,8.580000000,9.280000000,8.040000000,1260
2020-05-27T07:00:00Z,8.760000000,8.350000000,9.200000000,8.130000000,425
2020-05-28T07:00:00Z,8.230000000,8.480000000,8.650000000,8.120000000,163
2020-05-29T07:00:00Z,8.420000000,8.680000000,8.800000000,8.200000000,272
2020-06-01T07:00:00Z,8.950000000,8.880000000,8.950000000,8.680000000,96
2020-06-02T07:00:00Z,8.570000000,8.560000000,8.950000000,8.510000000,158
2020-06-03T07:00:00Z,8.740000000,8.220000000,8.760000000,8.030000000,353
2020-06-04T07:00:00Z,8.100000000,7.950000000,8.270000000,7.900000000,291
2020-06-05T07:00:00Z,7.610000000,7.800000000,8.090000000,7.500000000,640
2020-06-08T07:00:00Z,7.890000000,8.000000000,8.240000000,7.780000000,260
2020-06-09T07:00:00Z,8.000000000,8.000000000,8.200000000,7.980000000,101
2020-06-10T07:00:00Z,8.000000000,7.880000000,8.100000000,7.840000000,116
2020-06-11T07:00:00Z,7.900000000,8.050000000,8.160000000,7.900000000,322
2020-06-15T07:00:00Z,8.170000000,7.940000000,8.170000000,7.540000000,398
2020-06-16T07:00:00Z,7.490000000,7.450000000,7.680000000,7.170000000,235
2020-06-17T07:00:00Z,7.540000000,7.450000000,7.550000000,7.450000000,37
2020-06-18T07:00:00Z,7.300000000,7.260000000,7.400000000,7.250000000,40
2020-06-19T07:00:00Z,7.290000000,7.400000000,7.420000000,7.180000000,120
2020-06-22T07:00:00Z,7.110000000,7.260000000,7.300000000,7.110000000,31
2020-06-23T07:00:00Z,7.250000000,7.370000000,7.370000000,7.200000000,12
2020-06-25T07:00:00Z,7.290000000,7.190000000,7.320000000,7.180000000,13
2020-06-26T07:00:00Z,7.150000000,7.200000000,7.280000000,7.090000000,27
2020-06-29T07:00:00Z,7.340000000,7.080000000,7.340000000,6.990000000,61
2020-06-30T07:00:00Z,7.110000000,7.050000000,7.200000000,7.040000000,19
2020-07-02T07:00:00Z,7.050000000,7.040000000,7.050000000,6.900000000,50
2020-07-03T07:00:00Z,6.990000000,7.040000000,7.060000000,6.950000000,19
2020-07-06T07:00:00Z,6.810000000,6.920000000,6.990000000,6.790000000,134
2020-07-07T07:00:00Z,6.970000000,6.920000000,7.010000000,6.860000000,24
2020-07-08T07:00:00Z,7.010000000,6.880000000,7.010000000,6.870000000,31
2020-07-09T07:00:00Z,6.960000000,6.800000000,7.090000000,6.760000000,51
2020-07-10T07:00:00Z,6.770000000,6.750000000,6.790000000,6.750000000,21
2020-07-13T07:00:00Z,6.720000000,6.610000000,6.750000000,6.540000000,52
2020-07-14T07:00:00Z,6.590000000,6.430000000,6.590000000,6.370000000,73
2020-07-15T07:00:00Z,6.490000000,6.420000000,6.490000000,6.420000000,21
2020-07-16T07:00:00Z,6.410000000,6.490000000,6.510000000,6.370000000,113
2020-07-17T07:00:00Z,6.610000000,6.660000000,6.930000000,6.610000000,38
2020-07-20T07:00:00Z,6.770000000,6.640000000,6.770000000,6.630000000,7
2020-07-21T07:00:00Z,6.620000000,6.530000000,6.820000000,6.480000000,41
2020-07-22T07:00:00Z,6.670000000,6.480000000,6.670000000,6.480000000,12
2020-07-23T07:00:00Z,6.430000000,6.490000000,6.600000000,6.430000000,27
2020-07-24T07:00:00Z,6.610000000,6.710000000,7.410000000,6.550000000,203
2020-07-27T07:00:00Z,6.610000000,6.560000000,6.780000000,6.460000000,69
2020-07-28T07:00:00Z,6.510000000,6.590000000,6.640000000,6.500000000,26
2020-07-29T07:00:00Z,6.510000000,6.680000000,6.700000000,6.510000000,115
2020-07-30T07:00:00Z,6.720000000,7.070000000,7.290000000,6.710000000,152
2020-07-31T07:00:00Z,7.160000000,6.960000000,7.210000000,6.900000000,68
2020-08-03T07:00:00Z,6.940000000,6.900000000,7.010000000,6.890000000,33
2020-08-04T07:00:00Z,6.950000000,7.120000000,7.120000000,6.910000000,53
2020-08-05T07:00:00Z,6.990000000,6.950000000,7.010000000,6.490000000,60
2020-08-06T07:00:00Z,7.000000000,7.100000000,7.160000000,6.960000000,53
2020-08-07T07:00:00Z,7.020000000,7.100000000,7.250000000,7.020000000,46
2020-08-10T07:00:00Z,7.100000000,7.360000000,7.360000000,7.010000000,80
2020-08-11T07:00:00Z,7.050000000,7.210000000,7.280000000,7.050000000,51
2020-08-12T07:00:00Z,7.230000000,7.410000000,7.440000000,7.230000000,140
2020-08-13T07:00:00Z,7.450000000,7.430000000,7.580000000,7.310000000,131
2020-08-14T07:00:00Z,7.270000000,7.370000000,7.540000000,7.270000000,28
2020-08-17T07:00:00Z,7.400000000,7.390000000,7.490000000,7.300000000,18
2020-08-18T07:00:00Z,7.330000000,7.350000000,7.440000000,7.310000000,13
2020-08-19T07:00:00Z,7.350000000,7.300000000,7.350000000,7.300000000,5
2020-08-20T07:00:00Z,7.230000000,7.220000000,7.320000000,7.200000000,28
2020-08-21T07:00:00Z,7.340000000,7.130000000,7.340000000,7.060000000,19
2020-08-24T07:00:00Z,7.110000000,7.060000000,7.110000000,7.030000000,22
2020-08-25T07:00:00Z,7.050000000,7.120000000,7.120000000,7.050000000,10
2020-08-26T07:00:00Z,7.110000000,7.200000000,7.200000000,7.040000000,32
2020-08-27T07:00:00Z,7.070000000,7.050000000,7.070000000,7.050000000,2
2020-08-28T07:00:00Z,7.030000000,7.110000000,7.170000000,7.020000000,15
2020-08-31T07:00:00Z,7.180000000,7.130000000,7.290000000,7.050000000,27
2020-09-01T07:00:00Z,7.130000000,7.080000000,7.220000000,7.070000000,273
2020-09-02T07:00:00Z,6.960000000,7.200000000,7.220000000,6.960000000,353
2020-09-03T07:00:00Z,7.270000000,6.970000000,7.270000000,6.900000000,294
2020-09-04T07:00:00Z,7.090000000,6.900000000,7.090000000,6.640000000,590
2020-09-07T07:00:00Z,6.950000000,6.910000000,7.010000000,6.900000000,247
2020-09-08T07:00:00Z,6.820000000,6.860000000,6.950000000,6.820000000,423
2020-09-09T07:00:00Z,6.990000000,6.880000000,6.990000000,6.850000000,37
2020-09-10T07:00:00Z,6.880000000,6.920000000,6.980000000,6.880000000,302
2020-09-11T07:00:00Z,6.950000000,7.010000000,7.070000000,6.950000000,204
2020-09-14T07:00:00Z,7.070000000,7.140000000,7.150000000,7.000000000,257
2020-09-15T07:00:00Z,7.180000000,7.250000000,7.250000000,7.110000000,192
2020-09-16T07:00:00Z,7.200000000,7.220000000,7.340000000,7.120000000,262
2020-09-17T07:00:00Z,7.060000000,7.440000000,7.500000000,7.050000000,371
2020-09-18T07:00:00Z,7.200000000,7.180000000,7.200000000,7.180000000,38
2020-09-21T07:00:00Z,7.140000000,7.090000000,7.270000000,7.010000000,124
2020-09-22T07:00:00Z,7.160000000,7.120000000,7.550000000,7.100000000,193
2020-09-23T07:00:00Z,7.190000000,7.120000000,7.210000000,7.110000000,25
2020-09-24T07:00:00Z,7.120000000,7.110000000,7.120000000,7.040000000,42
2020-09-25T07:00:00Z,7.020000000,7.100000000,7.210000000,7.020000000,126
2020-09-28T07:00:00Z,7.040000000,7.320000000,7.350000000,7.010000000,592
2020-09-29T07:00:00Z,7.140000000,7.230000000,7.390000000,7.040000000,290
2020-09-30T07:00:00Z,7.250000000,7.330000000,7.540000000,7.230000000,317
2020-10-01T07:00:00Z,7.310000000,7.210000000,7.350000000,7.210000000,152
2020-10-02T07:00:00Z,7.210000000,7.260000000,7.340000000,7.140000000,143
2020-10-05T07:00:00Z,7.340000000,7.250000000,7.340000000,7.140000000,34
2020-10-06T07:00:00Z,7.240000000,7.260000000,7.260000000,7.120000000,115
2020-10-07T07:00:00Z,7.150000000,7.190000000,7.230000000,7.130000000,36
2020-10-08T07:00:00Z,7.140000000,7.090000000,7.190000000,7.050000000,247
2020-10-09T07:00:00Z,7.100000000,7.050000000,7.100000000,7.040000000,46
2020-10-12T07:00:00Z,7.190000000,7.240000000,7.300000000,7.090000000,1140
2020-10-13T07:00:00Z,7.240000000,7.180000000,7.490000000,7.130000000,247
2020-10-14T07:00:00Z,7.180000000,7.120000000,7.180000000,7.050000000,226
2020-10-15T07:00:00Z,7.120000000,7.160000000,7.190000000,7.060000000,91
2020-10-16T07:00:00Z,7.100000000,7.100000000,7.140000000,7.040000000,157
2020-10-19T07:00:00Z,7.080000000,7.040000000,7.100000000,7.020000000,20
2020-10-20T07:00:00Z,7.050000000,7.050000000,7.070000000,7.050000000,7
2020-10-21T07:00:00Z,7.100000000,7.110000000,7.110000000,7.050000000,136
2020-10-22T07:00:00Z,7.550000000,7.160000000,7.550000000,7.120000000,48
2020-10-23T07:00:00Z,7.240000000,7.260000000,7.260000000,7.090000000,160
2020-10-26T07:00:00Z,7.360000000,7.300000000,7.360000000,7.280000000,143
2020-10-27T07:00:00Z,7.300000000,7.310000000,7.310000000,7.010000000,235
2020-10-28T07:00:00Z,7.250000000,7.120000000,7.250000000,7.110000000,143
2020-10-29T07:00:00Z,7.150000000,7.150000000,7.150000000,7.150000000,48
2020-10-30T07:00:00Z,7.040000000,7.080000000,7.100000000,7.000000000,174
2020-11-02T07:00:00Z,7.080000000,7.040000000,7.120000000,7.030000000,106
2020-11-03T07:00:00Z,7.000000000,7.100000000,7.210000000,7.000000000,593
2020-11-05T07:00:00Z,7.210000000,7.210000000,7.300000000,7.110000000,242
2020-11-06T07:00:00Z,7.380000000,7.240000000,7.380000000,7.150000000,20
2020-11-09T07:00:00Z,7.400000000,7.260000000,7.400000000,7.190000000,207
2020-11-10T07:00:00Z,7.180000000,7.320000000,7.360000000,7.150000000,366
2020-11-11T07:00:00Z,7.320000000,7.250000000,7.320000000,7.130000000,332
2020-11-12T07:00:00Z,7.290000000,7.350000000,7.360000000,7.240000000,98
2020-11-13T07:00:00Z,7.370000000,7.360000000,7.380000000,7.140000000,303
2020-11-16T07:00:00Z,7.360000000,7.380000000,7.430000000,7.300000000,274
2020-11-17T07:00:00Z,7.220000000,7.350000000,7.470000000,7.160000000,426
2020-11-18T07:00:00Z,7.460000000,7.310000000,7.460000000,7.290000000,291
2020-11-19T07:00:00Z,7.210000000,7.310000000,7.340000000,7.160000000,292
2020-11-20T07:00:00Z,7.320000000,7.260000000,7.340000000,7.110000000,164
2020-11-23T07:00:00Z,7.320000000,7.210000000,7.330000000,7.070000000,546
2020-11-24T07:00:00Z,7.310000000,7.270000000,7.310000000,7.100000000,241
2020-11-25T07:00:00Z,7.280000000,7.250000000,7.500000000,7.220000000,536
2020-11-26T07:00:00Z,7.290000000,7.380000000,7.440000000,7.290000000,303
2020-11-27T07:00:00Z,7.420000000,7.320000000,7.420000000,7.250000000,187
2020-11-30T07:00:00Z,7.340000000,7.460000000,7.470000000,7.300000000,252
2020-12-01T07:00:00Z,7.350000000,7.490000000,7.500000000,7.350000000,357
2020-12-02T07:00:00Z,7.510000000,7.470000000,7.510000000,7.360000000,195
2020-12-03T07:00:00Z,7.540000000,7.510000000,7.540000000,7.380000000,232
2020-12-04T07:00:00Z,7.490000000,7.550000000,7.600000000,7.410000000,105
2020-12-07T07:00:00Z,7.410000000,7.540000000,7.560000000,7.410000000,194
2020-12-08T07:00:00Z,7.400000000,7.490000000,7.680000000,7.400000000,77
2020-12-09T07:00:00Z,7.530000000,7.540000000,7.560000000,7.500000000,206
2020-12-10T07:00:00Z,7.680000000,7.690000000,7.710000000,7.400000000,360
2020-12-11T07:00:00Z,7.670000000,7.650000000,7.670000000,7.530000000,36
2020-12-14T07:00:00Z,7.500000000,7.730000000,7.820000000,7.500000000,613
2020-12-15T07:00:00Z,7.590000000,7.730000000,7.800000000,7.590000000,219
2020-12-16T07:00:00Z,7.730000000,7.700000000,7.740000000,7.640000000,45
2020-12-17T07:00:00Z,7.590000000,7.630000000,7.700000000,7.590000000,500
2020-12-18T07:00:00Z,7.620000000,7.630000000,7.710000000,7.610000000,169
2020-12-21T07:00:00Z,7.710000000,7.490000000,7.710000000,7.390000000,242
2020-12-22T07:00:00Z,7.400000000,7.400000000,7.520000000,7.390000000,82
2020-12-23T07:00:00Z,7.470000000,7.550000000,7.560000000,7.340000000,415
2020-12-24T07:00:00Z,7.570000000,7.460000000,7.570000000,7.110000000,746
2020-12-25T07:00:00Z,7.560000000,7.730000000,7.950000000,7.420000000,379
2020-12-28T07:00:00Z,7.480000000,7.950000000,8.100000000,7.480000000,1352
2020-12-29T07:00:00Z,7.950000000,8.350000000,8.500000000,7.940000000,3189
2020-12-30T07:00:00Z,8.350000000,8.000000000,8.350000000,8.000000000,707
2021-01-04T07:00:00Z,8.000000000,7.910000000,8.000000000,7.900000000,297
2021-01-05T07:00:00Z,8.100000000,7.960000000,8.100000000,7.780000000,916
2021-01-06T07:00:00Z,7.860000000,7.940000000,7.950000000,7.860000000,93
2021-01-08T07:00:00Z,7.820000000,8.080000000,8.080000000,7.820000000,163
2021-01-11T07:00:00Z,8.100000000,8.290000000,8.400000000,8.010000000,397
2021-01-12T07:00:00Z,8.110000000,8.200000000,8.380000000,8.110000000,449
2021-01-13T07:00:00Z,8.370000000,8.160000000,8.370000000,7.800000000,244
2021-01-14T07:00:00Z,8.270000000,8.130000000,8.270000000,8.010000000,386
2021-01-15T07:00:00Z,8.050000000,8.050000000,8.180000000,7.820000000,101
2021-01-18T07:00:00Z,8.020000000,8.050000000,8.080000000,8.000000000,40
2021-01-19T07:00:00Z,7.850000000,7.990000000,8.070000000,7.850000000,92
2021-01-20T07:00:00Z,8.000000000,8.190000000,8.230000000,8.000000000,163
2021-01-21T07:00:00Z,8.080000000,8.010000000,8.080000000,7.900000000,219
2021-01-22T07:00:00Z,8.090000000,7.940000000,8.090000000,7.810000000,261
2021-01-25T07:00:00Z,7.760000000,7.920000000,8.000000000,7.760000000,117
2021-01-26T07:00:00Z,7.820000000,7.980000000,8.000000000,7.810000000,221
2021-01-27T07:00:00Z,8.000000000,7.860000000,8.010000000,7.810000000,227
2021-01-28T07:00:00Z,7.810000000,7.990000000,7.990000000,7.810000000,401
2021-01-29T07:00:00Z,7.990000000,7.880000000,7.990000000,7.750000000,106
2021-02-01T07:00:00Z,7.880000000,7.860000000,7.980000000,7.850000000,42
2021-02-02T07:00:00Z,7.970000000,8.190000000,8.710000000,7.870000000,1197
2021-02-03T07:00:00Z,8.020000000,8.090000000,8.290000000,7.830000000,1302
2021-02-04T07:00:00Z,8.170000000,8.190000000,8.360000000,8.100000000,274
2021-02-05T07:00:00Z,8.220000000,8.200000000,8.910000000,8.160000000,1093
2021-02-08T07:00:00Z,8.290000000,8.250000000,8.360000000,8.120000000,146
2021-02-09T07:00:00Z,8.230000000,8.190000000,8.240000000,8.160000000,90
2021-02-10T07:00:00Z,8.270000000,8.220000000,8.290000000,8.140000000,160
2021-02-11T07:00:00Z,8.370000000,8.250000000,8.410000000,8.190000000,400
2021-02-12T07:00:00Z,8.280000000,8.390000000,8.870000000,8.260000000,939
2021-02-15T07:00:00Z,8.410000000,8.540000000,8.720000000,8.410000000,711
2021-02-16T07:00:00Z,8.550000000,8.550000000,8.660000000,8.400000000,218
2021-02-17T07:00:00Z,8.310000000,8.390000000,8.630000000,8.310000000,379
2021-02-18T07:00:00Z,8.540000000,8.250000000,8.540000000,8.100000000,456
2021-02-19T07:00:00Z,8.160000000,8.490000000,8.830000000,8.160000000,1625
2021-02-20T07:00:00Z,8.510000000,8.440000000,8.640000000,8.430000000,203
2021-02-22T07:00:00Z,8.650000000,8.440000000,8.650000000,8.440000000,55
2021-02-24T07:00:00Z,8.320000000,8.290000000,8.400000000,8.250000000,139
2021-02-25T07:00:00Z,8.450000000,8.550000000,8.640000000,8.330000000,762
2021-02-26T07:00:00Z,8.590000000,8.430000000,8.600000000,8.380000000,156
2021-03-01T07:00:00Z,8.290000000,8.820000000,8.820000000,8.290000000,1185
2021-03-02T07:00:00Z,8.840000000,8.840000000,8.960000000,8.660000000,605
2021-03-03T07:00:00Z,9.060000000,8.960000000,9.160000000,8.770000000,439
2021-03-04T07:00:00Z,8.960000000,8.990000000,9.270000000,8.870000000,291
2021-03-05T07:00:00Z,9.210000000,8.970000000,9.210000000,8.860000000,115
2021-03-09T07:00:00Z,8.980000000,9.180000000,9.250000000,8.700000000,774
2021-03-10T07:00:00Z,9.320000000,9.610000000,10.000000000,9.270000000,3046
2021-03-11T07:00:00Z,9.770000000,9.760000000,9.950000000,9.420000000,1814
2021-03-12T07:00:00Z,9.810000000,9.820000000,9.950000000,9.500000000,497
2021-03-15T07:00:00Z,9.980000000,9.800000000,10.030000000,9.800000000,842
2021-03-16T07:00:00Z,9.760000000,9.730000000,9.890000000,9.650000000,178
2021-03-17T07:00:00Z,9.650000000,9.810000000,9.820000000,9.640000000,259
2021-03-18T07:00:00Z,9.910000000,9.760000000,9.940000000,9.530000000,362
2021-03-19T07:00:00Z,9.790000000,9.650000000,9.850000000,9.640000000,322
2021-03-22T07:00:00Z,9.870000000,9.740000000,9.870000000,9.410000000,260
2021-03-23T07:00:00Z,9.450000000,9.560000000,9.650000000,9.430000000,316
2021-03-24T07:00:00Z,9.420000000,9.350000000,9.620000000,9.320000000,850
2021-03-25T07:00:00Z,9.540000000,9.180000000,9.540000000,9.110000000,713
2021-03-26T07:00:00Z,9.250000000,9.190000000,9.490000000,9.100000000,1208
2021-03-29T07:00:00Z,9.120000000,9.460000000,9.470000000,9.100000000,645
2021-03-30T07:00:00Z,9.390000000,9.370000000,9.390000000,9.250000000,245
2021-03-31T07:00:00Z,9.220000000,9.420000000,9.420000000,9.220000000,370
2021-04-01T07:00:00Z,9.250000000,9.770000000,10.000000000,9.250000000,804
2021-04-02T07:00:00Z,9.590000000,9.740000000,9.980000000,9.400000000,383
2021-04-05T07:00:00Z,9.620000000,9.600000000,9.790000000,9.600000000,106
2021-04-06T07:00:00Z,9.610000000,9.720000000,9.720000000,9.610000000,400
2021-04-07T07:00:00Z,9.720000000,9.750000000,9.750000000,9.500000000,461
2021-04-08T07:00:00Z,9.680000000,9.690000000,9.730000000,9.620000000,134
2021-04-09T07:00:00Z,9.700000000,9.580000000,9.700000000,9.550000000,119
2021-04-12T07:00:00Z,9.690000000,9.650000000,9.750000000,9.580000000,255
2021-04-13T07:00:00Z,9.650000000,9.740000000,9.740000000,9.650000000,531
2021-04-14T07:00:00Z,9.770000000,9.950000000,9.960000000,9.760000000,2394
2021-04-15T07:00:00Z,9.650000000,9.540000000,9.960000000,9.430000000,1405
2021-04-16T07:00:00Z,9.780000000,9.560000000,9.800000000,9.520000000,762
2021-04-19T07:00:00Z,9.520000000,9.730000000,9.790000000,9.500000000,454
2021-04-20T07:00:00Z,9.760000000,9.670000000,9.760000000,9.500000000,190
2021-04-21T07:00:00Z,9.570000000,9.800000000,9.870000000,9.570000000,611
2021-04-22T07:00:00Z,9.970000000,10.270000000,10.280000000,9.810000000,2324
2021-04-23T07:00:00Z,10.100000000,10.320000000,10.500000000,10.100000000,1115
2021-04-26T07:00:00Z,9.290000000,9.370000000,9.580000000,8.930000000,10746
2021-04-27T07:00:00Z,9.470000000,9.420000000,9.580000000,9.300000000,2766
2021-04-28T07:00:00Z,9.440000000,9.540000000,9.780000000,9.440000000,1166
2021-04-29T07:00:00Z,9.480000000,9.900000000,9.980000000,9.440000000,2141
2021-04-30T07:00:00Z,9.720000000,9.610000000,9.890000000,9.340000000,880
2021-05-04T07:00:00Z,9.660000000,9.710000000,9.800000000,9.600000000,1965
2021-05-05T07:00:00Z,9.810000000,9.720000000,9.810000000,9.580000000,786
2021-05-06T07:00:00Z,9.740000000,9.780000000,9.800000000,9.600000000,543
2021-05-07T07:00:00Z,9.810000000,9.900000000,9.980000000,9.700000000,970
2021-05-10T07:00:00Z,9.890000000,10.170000000,10.200000000,9.770000000,1426
2021-05-11T07:00:00Z,10.240000000,10.390000000,10.450000000,10.240000000,1140
2021-05-12T07:00:00Z,10.580000000,10.560000000,10.680000000,10.400000000,1385
2021-05-13T07:00:00Z,10.400000000,11.190000000,11.580000000,10.400000000,5643
2021-05-14T07:00:00Z,11.010000000,11.550000000,12.380000000,11.010000000,4398
2021-05-17T07:00:00Z,11.900000000,11.250000000,13.640000000,10.510000000,7585
2021-05-18T07:00:00Z,11.220000000,10.960000000,11.380000000,10.510000000,1468
2021-05-19T07:00:00Z,10.610000000,10.550000000,11.130000000,10.300000000,2218
2021-05-20T07:00:00Z,10.590000000,10.840000000,10.960000000,10.500000000,1025
2021-05-21T07:00:00Z,10.940000000,10.820000000,10.940000000,10.600000000,725
2021-05-24T07:00:00Z,10.760000000,10.570000000,10.760000000,10.440000000,989
2021-05-25T07:00:00Z,10.600000000,10.700000000,10.730000000,10.200000000,1639
2021-05-26T07:00:00Z,10.600000000,10.570000000,10.700000000,10.440000000,374
2021-05-27T07:00:00Z,10.610000000,10.260000000,10.760000000,10.250000000,1058
2021-05-28T07:00:00Z,10.350000000,10.350000000,10.540000000,10.060000000,1040
2021-05-31T07:00:00Z,10.500000000,10.950000000,11.200000000,10.320000000,3496
2021-06-01T07:00:00Z,11.030000000,11.240000000,11.340000000,10.900000000,3095
2021-06-02T07:00:00Z,11.200000000,11.370000000,11.680000000,11.200000000,3500
2021-06-03T07:00:00Z,11.250000000,11.070000000,11.580000000,10.840000000,4445
2021-06-04T07:00:00Z,11.090000000,10.790000000,11.200000000,10.610000000,7160
2021-06-07T07:00:00Z,10.020000000,9.670000000,10.050000000,9.500000000,6008
2021-06-08T07:00:00Z,9.890000000,9.530000000,9.890000000,9.400000000,1340
2021-06-09T07:00:00Z,9.510000000,9.490000000,9.670000000,9.300000000,846
2021-06-10T07:00:00Z,9.540000000,9.510000000,9.670000000,9.330000000,501
2021-06-11T07:00:00Z,9.530000000,9.490000000,9.590000000,9.350000000,635
2021-06-14T07:00:00Z,9.650000000,9.510000000,9.650000000,9.400000000,243
2021-06-15T07:00:00Z,9.500000000,9.560000000,9.820000000,9.370000000,809
2021-06-16T07:00:00Z,9.500000000,9.580000000,9.650000000,9.370000000,427
2021-06-17T07:00:00Z,9.550000000,9.460000000,9.580000000,9.310000000,299
2021-06-18T07:00:00Z,9.490000000,9.400000000,9.720000000,9.320000000,264
2021-06-21T07:00:00Z,9.330000000,9.260000000,9.330000000,9.150000000,438
2021-06-22T07:00:00Z,9.260000000,9.280000000,9.350000000,9.200000000,364
2021-06-23T07:00:00Z,9.400000000,9.400000000,9.500000000,9.370000000,358
2021-06-24T07:00:00Z,9.470000000,9.310000000,9.470000000,9.270000000,157
2021-06-25T07:00:00Z,9.330000000,9.220000000,9.330000000,9.060000000,402
2021-06-28T07:00:00Z,9.250000000,9.210000000,9.250000000,9.100000000,370
2021-06-29T07:00:00Z,9.260000000,9.150000000,9.270000000,9.000000000,1207
2021-06-30T07:00:00Z,9.160000000,9.190000000,9.240000000,9.150000000,287
2021-07-01T07:00:00Z,9.170000000,9.230000000,9.300000000,9.160000000,135
2021-07-02T07:00:00Z,9.200000000,9.200000000,9.240000000,9.130000000,150
2021-07-05T07:00:00Z,9.240000000,9.220000000,9.260000000,9.120000000,428
2021-07-06T07:00:00Z,9.210000000,9.040000000,9.230000000,9.010000000,749
2021-07-07T07:00:00Z,9.040000000,9.210000000,9.260000000,9.030000000,364
2021-07-08T07:00:00Z,9.090000000,9.210000000,9.210000000,9.060000000,65
2021-07-09T07:00:00Z,9.160000000,9.050000000,9.160000000,9.000000000,442
2021-07-12T07:00:00Z,9.080000000,9.080000000,9.150000000,9.030000000,218
2021-07-13T07:00:00Z,9.250000000,9.070000000,9.250000000,9.050000000,72
2021-07-14T07:00:00Z,9.080000000,9.070000000,9.130000000,9.020000000,138
2021-07-15T07:00:00Z,9.050000000,9.050000000,9.290000000,9.000000000,477
2021-07-16T07:00:00Z,9.200000000,9.050000000,9.200000000,9.020000000,120
2021-07-19T07:00:00Z,9.000000000,9.020000000,9.070000000,8.980000000,215
2021-07-20T07:00:00Z,9.020000000,9.090000000,9.120000000,9.020000000,64
2021-07-21T07:00:00Z,9.090000000,9.040000000,9.140000000,9.040000000,88
2021-07-22T07:00:00Z,9.100000000,9.050000000,9.110000000,9.010000000,79
2021-07-23T07:00:00Z,9.020000000,9.080000000,9.090000000,9.020000000,69
2021-07-26T07:00:00Z,9.030000000,9.060000000,9.140000000,9.010000000,62
2021-07-27T07:00:00Z,9.080000000,9.200000000,9.380000000,9.070000000,98
2021-07-28T07:00:00Z,9.400000000,9.220000000,9.680000000,9.170000000,140
2021-07-29T07:00:00Z,9.200000000,9.290000000,9.310000000,9.200000000,182
2021-07-30T07:00:00Z,9.280000000,9.190000000,9.280000000,9.020000000,196
2021-08-02T07:00:00Z,9.230000000,9.120000000,9.270000000,9.050000000,247
2021-08-03T07:00:00Z,9.120000000,9.290000000,9.600000000,9.090000000,1034
2021-08-04T07:00:00Z,9.330000000,9.230000000,9.330000000,9.170000000,92
2021-08-05T07:00:00Z,9.240000000,9.290000000,9.290000000,9.150000000,123
2021-08-06T07:00:00Z,9.290000000,9.220000000,9.300000000,9.220000000,62
2021-08-09T07:00:00Z,9.200000000,9.160000000,9.250000000,9.120000000,143
2021-08-10T07:00:00Z,9.140000000,9.150000000,9.240000000,9.120000000,99
2021-08-11T07:00:00Z,9.200000000,9.230000000,9.300000000,9.200000000,437
2021-08-12T07:00:00Z,9.290000000,9.160000000,9.310000000,9.100000000,186
2021-08-13T07:00:00Z,9.260000000,9.240000000,9.260000000,9.150000000,43
2021-08-16T07:00:00Z,9.150000000,9.210000000,9.230000000,9.150000000,58
2021-08-17T07:00:00Z,9.240000000,9.200000000,9.270000000,9.100000000,109
2021-08-18T07:00:00Z,9.170000000,9.100000000,9.230000000,9.000000000,615
2021-08-19T07:00:00Z,9.110000000,9.000000000,9.200000000,8.960000000,419
2021-08-20T07:00:00Z,9.060000000,8.990000000,9.060000000,8.910000000,136
2021-08-23T07:00:00Z,8.940000000,8.950000000,9.140000000,8.900000000,419
2021-08-24T07:00:00Z,9.000000000,9.050000000,9.050000000,8.980000000,377
2021-08-25T07:00:00Z,9.040000000,9.000000000,9.190000000,8.970000000,881
2021-08-26T07:00:00Z,9.010000000,9.070000000,9.090000000,9.000000000,107
2021-08-27T07:00:00Z,8.990000000,9.070000000,9.170000000,8.950000000,301
2021-08-30T07:00:00Z,9.030000000,9.110000000,9.230000000,9.000000000,478
2021-08-31T07:00:00Z,9.170000000,9.070000000,9.170000000,9.050000000,57
2021-09-01T07:00:00Z,9.170000000,9.170000000,9.240000000,9.100000000,354
2021-09-02T07:00:00Z,9.160000000,9.150000000,9.260000000,9.060000000,176
2021-09-03T07:00:00Z,9.150000000,9.120000000,9.200000000,8.900000000,731
2021-09-06T07:00:00Z,9.090000000,9.170000000,9.180000000,8.990000000,313
2021-09-07T07:00:00Z,9.180000000,9.100000000,9.200000000,9.070000000,376
2021-09-08T07:00:00Z,9.160000000,9.120000000,9.180000000,9.100000000,165
2021-09-09T07:00:00Z,9.170000000,9.060000000,9.170000000,8.890000000,202
2021-09-10T07:00:00Z,9.090000000,9.050000000,9.250000000,9.050000000,325
2021-09-13T07:00:00Z,9.010000000,9.060000000,9.170000000,8.930000000,442
2021-09-14T07:00:00Z,9.100000000,9.000000000,9.140000000,8.930000000,281
2021-09-15T07:00:00Z,8.980000000,8.980000000,9.020000000,8.920000000,247
2021-09-16T07:00:00Z,9.030000000,9.120000000,9.210000000,9.000000000,568
2021-09-17T07:00:00Z,9.160000000,9.050000000,9.160000000,9.050000000,45
2021-09-20T07:00:00Z,9.030000000,8.990000000,9.050000000,8.970000000,69
2021-09-21T07:00:00Z,9.070000000,9.020000000,9.070000000,9.020000000,31
2021-09-22T07:00:00Z,9.020000000,9.070000000,9.150000000,9.000000000,207
2021-09-23T07:00:00Z,9.010000000,9.050000000,9.090000000,9.000000000,221
2021-09-24T07:00:00Z,9.050000000,9.010000000,9.090000000,8.990000000,419
2021-09-27T07:00:00Z,9.020000000,9.040000000,9.080000000,9.000000000,565
2021-09-28T07:00:00Z,9.060000000,9.100000000,9.190000000,9.050000000,220
2021-09-29T07:00:00Z,9.120000000,9.050000000,9.150000000,9.020000000,162
2021-09-30T07:00:00Z,9.030000000,9.020000000,9.090000000,9.000000000,304
2021-10-01T07:00:00Z,9.030000000,9.020000000,9.080000000,8.900000000,462
2021-10-04T07:00:00Z,9.030000000,8.920000000,9.030000000,8.820000000,759
2021-10-05T07:00:00Z,8.980000000,8.640000000,9.070000000,8.430000000,2446
2021-10-06T07:00:00Z,8.670000000,8.560000000,8.730000000,8.450000000,1973
2021-10-07T07:00:00Z,8.510000000,8.920000000,8.990000000,8.510000000,1376
2021-10-08T07:00:00Z,8.960000000,8.900000000,9.010000000,8.800000000,800
2021-10-11T07:00:00Z,8.910000000,8.700000000,8.960000000,8.600000000,1006
2021-10-12T07:00:00Z,8.700000000,8.940000000,8.950000000,8.600000000,2231
2021-10-13T07:00:00Z,8.970000000,10.220000000,10.870000000,8.970000000,15294
2021-10-14T07:00:00Z,10.250000000,9.660000000,10.760000000,9.400000000,3671
2021-10-15T07:00:00Z,9.470000000,9.590000000,11.790000000,9.190000000,14768
2021-10-18T07:00:00Z,9.510000000,9.600000000,9.650000000,9.290000000,2119
2021-10-19T07:00:00Z,9.670000000,9.570000000,9.880000000,9.400000000,980
2021-10-20T07:00:00Z,9.460000000,9.520000000,9.600000000,9.440000000,631
2021-10-21T07:00:00Z,9.580000000,9.260000000,9.580000000,9.200000000,2670
2021-10-22T07:00:00Z,9.370000000,9.220000000,9.380000000,9.050000000,612
2021-10-25T07:00:00Z,9.250000000,9.230000000,9.330000000,9.050000000,459
2021-10-26T07:00:00Z,9.380000000,9.240000000,9.500000000,9.230000000,335
2021-10-27T07:00:00Z,9.160000000,9.150000000,9.350000000,9.060000000,382
2021-10-28T07:00:00Z,9.100000000,9.110000000,9.200000000,9.100000000,493
2021-10-29T07:00:00Z,9.050000000,9.280000000,9.800000000,9.040000000,1209
2021-11-01T07:00:00Z,9.260000000,9.330000000,9.390000000,9.260000000,103
2021-11-02T07:00:00Z,9.400000000,9.350000000,9.400000000,9.110000000,301
2021-11-03T07:00:00Z,9.380000000,9.220000000,9.380000000,9.200000000,83
2021-11-05T07:00:00Z,9.170000000,9.170000000,9.220000000,9.000000000,294
2021-11-08T07:00:00Z,9.080000000,9.070000000,9.400000000,9.020000000,502
2021-11-09T07:00:00Z,9.160000000,9.050000000,9.270000000,9.020000000,1590
2021-11-10T07:00:00Z,9.170000000,9.110000000,9.170000000,9.020000000,236
2021-11-11T07:00:00Z,9.050000000,9.020000000,9.110000000,8.900000000,954
2021-11-12T07:00:00Z,9.000000000,8.980000000,9.030000000,8.860000000,486
2021-11-15T07:00:00Z,9.090000000,8.620000000,9.090000000,8.250000000,5162
2021-11-16T07:00:00Z,8.680000000,8.770000000,8.850000000,8.620000000,811
2021-11-17T07:00:00Z,8.870000000,8.770000000,8.870000000,8.760000000,95
2021-11-18T07:00:00Z,8.730000000,8.700000000,8.870000000,8.700000000,94
2021-11-19T07:00:00Z,8.700000000,8.720000000,8.860000000,8.660000000,276
2021-11-22T07:00:00Z,8.610000000,8.660000000,8.800000000,8.580000000,252
2021-11-23T07:00:00Z,8.590000000,8.790000000,8.800000000,8.520000000,697
2021-11-24T07:00:00Z,8.840000000,8.820000000,8.840000000,8.730000000,71
2021-11-25T07:00:00Z,8.840000000,8.870000000,8.880000000,8.720000000,78
2021-11-26T07:00:00Z,8.880000000,8.550000000,8.880000000,8.540000000,231
2021-11-29T07:00:00Z,8.670000000,8.580000000,8.700000000,8.530000000,551
2021-11-30T07:00:00Z,8.580000000,8.570000000,8.600000000,8.430000000,217
2021-12-01T07:00:00Z,8.770000000,8.740000000,8.770000000,8.610000000,87
2021-12-02T07:00:00Z,8.810000000,8.730000000,8.810000000,8.610000000,62
2021-12-03T07:00:00Z,8.700000000,8.800000000,8.820000000,8.660000000,72
2021-12-06T07:00:00Z,8.690000000,8.680000000,8.900000000,8.510000000,778
2021-12-07T07:00:00Z,8.640000000,8.550000000,8.640000000,8.270000000,904
2021-12-08T07:00:00Z,8.500000000,8.450000000,8.550000000,8.400000000,64
2021-12-09T07:00:00Z,8.500000000,8.500000000,8.510000000,8.430000000,145
2021-12-10T07:00:00Z,8.560000000,8.410000000,8.560000000,8.400000000,78
2021-12-13T07:00:00Z,8.540000000,8.370000000,8.680000000,8.300000000,202
2021-12-14T07:00:00Z,8.290000000,8.040000000,8.290000000,8.010000000,885
2021-12-15T07:00:00Z,8.140000000,8.060000000,8.220000000,8.050000000,294
2021-12-16T07:00:00Z,8.160000000,8.380000000,8.810000000,8.160000000,709
2021-12-17T07:00:00Z,8.500000000,8.400000000,8.600000000,8.310000000,173
2021-12-20T07:00:00Z,8.290000000,8.320000000,8.530000000,8.050000000,235
2021-12-21T07:00:00Z,8.320000000,8.520000000,8.590000000,8.320000000,64
2021-12-22T07:00:00Z,8.400000000,8.550000000,8.680000000,8.120000000,114
2021-12-23T07:00:00Z,8.640000000,8.350000000,8.640000000,8.300000000,100
2021-12-24T07:00:00Z,8.310000000,8.280000000,8.360000000,8.120000000,107
2021-12-27T07:00:00Z,8.390000000,8.290000000,8.600000000,8.200000000,850
2021-12-28T07:00:00Z,8.290000000,8.380000000,8.490000000,8.290000000,686
2021-12-29T07:00:00Z,8.460000000,8.380000000,8.490000000,8.220000000,295
2021-12-30T07:00:00Z,8.470000000,8.630000000,8.640000000,8.350000000,245
2022-01-03T07:00:00Z,8.690000000,8.640000000,8.700000000,8.560000000,226
2022-01-04T07:00:00Z,8.610000000,8.760000000,8.850000000,8.600000000,203
2022-01-05T07:00:00Z,8.830000000,8.780000000,8.830000000,8.580000000,140
2022-01-06T07:00:00Z,8.640000000,8.730000000,8.740000000,8.640000000,17
2022-01-10T07:00:00Z,8.810000000,8.690000000,9.100000000,8.670000000,1571
2022-01-11T07:00:00Z,8.910000000,8.860000000,8.910000000,8.660000000,152
2022-01-12T07:00:00Z,8.960000000,8.860000000,9.350000000,8.700000000,628
2022-01-13T07:00:00Z,8.860000000,8.800000000,9.440000000,8.800000000,1327
2022-01-14T07:00:00Z,8.840000000,8.720000000,8.880000000,8.690000000,266
2022-01-17T07:00:00Z,8.820000000,8.650000000,8.940000000,8.600000000,258
2022-01-18T07:00:00Z,8.600000000,8.290000000,8.620000000,8.200000000,748
2022-01-19T07:00:00Z,8.250000000,8.460000000,8.480000000,8.170000000,1108
2022-01-20T07:00:00Z,8.430000000,8.360000000,8.690000000,8.100000000,430
2022-01-21T07:00:00Z,8.340000000,8.330000000,8.440000000,8.300000000,150
2022-01-24T07:00:00Z,8.400000000,7.910000000,8.400000000,7.390000000,1178
2022-01-25T07:00:00Z,7.910000000,7.790000000,8.160000000,7.790000000,270
2022-01-26T07:00:00Z,7.850000000,8.050000000,8.160000000,7.850000000,436
2022-01-27T07:00:00Z,8.040000000,8.180000000,8.200000000,8.030000000,232
2022-01-28T07:00:00Z,8.190000000,8.300000000,8.310000000,8.090000000,55
2022-01-31T07:00:00Z,8.330000000,8.460000000,8.640000000,8.330000000,227
2022-02-01T07:00:00Z,8.640000000,8.440000000,8.720000000,8.310000000,354
2022-02-02T07:00:00Z,8.490000000,8.550000000,8.740000000,8.490000000,69
2022-02-03T07:00:00Z,8.630000000,8.500000000,8.630000000,8.480000000,8
2022-02-04T07:00:00Z,8.500000000,8.480000000,8.510000000,8.400000000,55
2022-02-07T07:00:00Z,8.450000000,8.300000000,8.450000000,8.220000000,152
2022-02-08T07:00:00Z,8.550000000,8.370000000,8.550000000,8.280000000,25
2022-02-09T07:00:00Z,8.290000000,8.460000000,8.500000000,8.120000000,151
2022-02-10T07:00:00Z,8.560000000,8.500000000,8.560000000,8.320000000,130
2022-02-11T07:00:00Z,8.560000000,8.390000000,8.560000000,8.360000000,27
2022-02-14T07:00:00Z,8.200000000,8.270000000,8.490000000,8.110000000,480
2022-02-15T07:00:00Z,8.290000000,8.270000000,8.420000000,8.200000000,214
2022-02-16T07:00:00Z,8.430000000,8.360000000,8.630000000,8.260000000,315
2022-02-17T07:00:00Z,8.490000000,8.290000000,8.490000000,8.290000000,64
2022-02-18T07:00:00Z,8.360000000,8.060000000,8.590000000,7.980000000,356
2022-02-21T07:00:00Z,8.090000000,7.690000000,8.090000000,7.410000000,1030
2022-02-22T07:00:00Z,7.410000000,8.170000000,8.190000000,6.670000000,999
2022-02-24T07:00:00Z,7.240000000,5.040000000,7.300000000,4.900000000,2925
2022-02-25T07:00:00Z,5.430000000,5.990000000,6.700000000,5.430000000,845
