2018-03-12T07:00:00Z,1.015000000,1.015000000,1.030000000,1.015000000,1
2018-03-13T07:00:00Z,0.995000000,1.010000000,1.015000000,0.995000000,3
2018-03-14T07:00:00Z,1.010000000,1.020000000,1.030000000,1.010000000,6
2018-03-15T07:00:00Z,1.015000000,1.005000000,1.015000000,1.005000000,2
2018-03-20T07:00:00Z,0.985000000,0.975000000,0.985000000,0.975000000,17
2018-03-23T07:00:00Z,0.975000000,0.950000000,0.975000000,0.915000000,37
2018-03-26T07:00:00Z,0.910000000,0.950000000,0.950000000,0.910000000,6
2018-03-27T07:00:00Z,0.950000000,0.940000000,0.950000000,0.910000000,17
2018-03-29T07:00:00Z,0.940000000,0.950000000,0.950000000,0.900000000,17
2018-03-30T07:00:00Z,0.910000000,0.940000000,0.965000000,0.910000000,19
2018-04-03T07:00:00Z,0.915000000,0.970000000,0.970000000,0.910000000,6
2018-04-04T07:00:00Z,0.915000000,0.920000000,0.925000000,0.915000000,2
2018-04-05T07:00:00Z,0.915000000,0.920000000,0.960000000,0.915000000,2
2018-04-06T07:00:00Z,0.925000000,0.925000000,0.925000000,0.925000000,2
2018-04-09T07:00:00Z,0.905000000,0.895000000,0.940000000,0.895000000,25
2018-04-10T07:00:00Z,0.890000000,0.890000000,0.890000000,0.890000000,2
2018-04-12T07:00:00Z,0.890000000,0.910000000,0.910000000,0.870000000,7
2018-04-13T07:00:00Z,0.865000000,0.865000000,0.880000000,0.855000000,13
2018-04-16T07:00:00Z,0.815000000,0.855000000,0.855000000,0.815000000,12
2018-04-17T07:00:00Z,0.850000000,0.850000000,0.850000000,0.825000000,45
2018-04-18T07:00:00Z,0.820000000,0.845000000,0.845000000,0.820000000,3
2018-04-20T07:00:00Z,0.825000000,0.820000000,0.825000000,0.820000000,8
2018-04-23T07:00:00Z,0.860000000,0.845000000,0.860000000,0.845000000,2
2018-04-24T07:00:00Z,0.845000000,0.840000000,0.850000000,0.840000000,6
2018-04-25T07:00:00Z,0.845000000,0.845000000,0.850000000,0.845000000,12
2018-04-28T07:00:00Z,0.925000000,0.915000000,0.925000000,0.860000000,9
2018-05-02T07:00:00Z,0.915000000,0.915000000,0.915000000,0.915000000,1
2018-05-10T07:00:00Z,0.835000000,0.840000000,0.890000000,0.835000000,96
2018-05-11T07:00:00Z,0.870000000,0.880000000,0.880000000,0.845000000,64
2018-05-14T07:00:00Z,0.880000000,0.880000000,0.915000000,0.880000000,1
2018-05-15T07:00:00Z,0.880000000,0.910000000,0.915000000,0.880000000,7
2018-05-16T07:00:00Z,0.915000000,0.915000000,0.915000000,0.860000000,1
2018-05-18T07:00:00Z,0.830000000,0.860000000,0.860000000,0.830000000,2
2018-05-22T07:00:00Z,0.840000000,0.840000000,0.840000000,0.840000000,1
2018-05-29T07:00:00Z,0.925000000,0.880000000,0.925000000,0.880000000,6
2018-05-30T07:00:00Z,0.915000000,0.900000000,0.915000000,0.900000000,2
2018-05-31T07:00:00Z,0.850000000,0.930000000,0.930000000,0.850000000,5
2018-06-01T07:00:00Z,0.910000000,0.900000000,0.910000000,0.900000000,20
2018-06-04T07:00:00Z,0.900000000,0.900000000,0.900000000,0.900000000,1
2018-06-08T07:00:00Z,0.865000000,0.850000000,0.865000000,0.850000000,19
2018-06-09T07:00:00Z,0.830000000,0.830000000,0.830000000,0.830000000,1
2018-06-13T07:00:00Z,0.835000000,0.830000000,0.840000000,0.830000000,7
2018-06-15T07:00:00Z,0.890000000,0.860000000,0.900000000,0.860000000,28
2018-06-20T07:00:00Z,0.835000000,0.840000000,0.850000000,0.835000000,13
2018-06-26T07:00:00Z,0.855000000,0.825000000,0.855000000,0.780000000,18
2018-06-28T07:00:00Z,0.770000000,0.840000000,0.855000000,0.770000000,4
2018-06-29T07:00:00Z,0.825000000,0.825000000,0.825000000,0.825000000,2
2018-07-03T07:00:00Z,0.810000000,0.810000000,0.810000000,0.810000000,3
2018-07-04T07:00:00Z,0.860000000,0.840000000,0.860000000,0.840000000,2
2018-07-05T07:00:00Z,0.840000000,0.845000000,0.845000000,0.760000000,5
2018-07-09T07:00:00Z,0.860000000,0.860000000,0.860000000,0.860000000,4
2018-07-16T07:00:00Z,0.860000000,0.835000000,0.860000000,0.835000000,6
2018-07-17T07:00:00Z,0.805000000,0.805000000,0.805000000,0.805000000,1
2018-07-18T07:00:00Z,0.805000000,0.840000000,0.840000000,0.805000000,4
2018-07-19T07:00:00Z,0.845000000,0.840000000,0.845000000,0.840000000,2
2018-07-20T07:00:00Z,0.860000000,0.860000000,0.860000000,0.860000000,2
2018-07-23T07:00:00Z,0.800000000,0.810000000,0.840000000,0.800000000,11
2018-07-24T07:00:00Z,0.770000000,0.820000000,0.820000000,0.770000000,30
2018-07-25T07:00:00Z,0.820000000,0.815000000,0.820000000,0.755000000,8
2018-07-26T07:00:00Z,0.825000000,0.825000000,0.825000000,0.825000000,1
2018-07-30T07:00:00Z,0.825000000,0.825000000,0.825000000,0.825000000,3
2018-08-01T07:00:00Z,0.825000000,0.825000000,0.825000000,0.825000000,15
2018-08-02T07:00:00Z,0.850000000,0.850000000,0.850000000,0.850000000,10
2018-08-03T07:00:00Z,0.850000000,0.850000000,0.850000000,0.850000000,1
2018-08-08T07:00:00Z,0.920000000,0.920000000,0.920000000,0.860000000,26
2018-08-09T07:00:00Z,0.795000000,0.875000000,0.900000000,0.790000000,10
2018-08-14T07:00:00Z,0.875000000,0.780000000,0.875000000,0.780000000,24
2018-08-15T07:00:00Z,0.785000000,0.800000000,0.800000000,0.755000000,25
2018-08-16T07:00:00Z,0.780000000,0.780000000,0.780000000,0.780000000,1
2018-08-17T07:00:00Z,0.760000000,0.820000000,0.865000000,0.760000000,22
2018-08-20T07:00:00Z,0.820000000,0.820000000,0.820000000,0.820000000,1
2018-08-21T07:00:00Z,0.790000000,0.790000000,0.790000000,0.790000000,16
2018-08-23T07:00:00Z,0.815000000,0.815000000,0.815000000,0.815000000,4
2018-08-24T07:00:00Z,0.790000000,0.790000000,0.790000000,0.790000000,1
2018-08-27T07:00:00Z,0.830000000,0.800000000,0.845000000,0.800000000,5
2018-08-28T07:00:00Z,0.800000000,0.795000000,0.800000000,0.795000000,5
2018-09-03T07:00:00Z,0.780000000,0.780000000,0.780000000,0.780000000,28
2018-09-05T07:00:00Z,0.795000000,0.795000000,0.800000000,0.795000000,7
2018-09-14T07:00:00Z,0.860000000,0.800000000,0.860000000,0.800000000,2
2018-09-19T07:00:00Z,0.790000000,0.785000000,0.795000000,0.780000000,21
2018-09-20T07:00:00Z,0.810000000,0.815000000,0.815000000,0.810000000,2
2018-09-24T07:00:00Z,0.850000000,0.850000000,0.850000000,0.850000000,1
2018-09-25T07:00:00Z,0.820000000,0.800000000,0.835000000,0.755000000,105
2018-09-26T07:00:00Z,0.770000000,0.810000000,0.810000000,0.770000000,2
2018-09-27T07:00:00Z,0.765000000,0.780000000,0.780000000,0.745000000,27
2018-09-28T07:00:00Z,0.660000000,0.750000000,0.780000000,0.660000000,14
2018-10-01T07:00:00Z,0.745000000,0.745000000,0.745000000,0.745000000,23
2018-10-02T07:00:00Z,0.715000000,0.795000000,0.795000000,0.715000000,40
2018-10-04T07:00:00Z,0.780000000,0.790000000,0.805000000,0.780000000,16
2018-10-05T07:00:00Z,0.785000000,0.805000000,0.805000000,0.770000000,11
2018-10-08T07:00:00Z,0.800000000,0.800000000,0.830000000,0.760000000,12
2018-10-09T07:00:00Z,0.785000000,0.785000000,0.785000000,0.785000000,1
2018-10-10T07:00:00Z,0.755000000,0.740000000,0.755000000,0.725000000,50
2018-10-11T07:00:00Z,0.745000000,0.755000000,0.755000000,0.745000000,4
2018-10-16T07:00:00Z,0.795000000,0.780000000,0.795000000,0.760000000,3
2018-10-18T07:00:00Z,0.725000000,0.740000000,0.760000000,0.725000000,5
2018-10-22T07:00:00Z,0.730000000,0.750000000,0.750000000,0.725000000,10
2018-10-24T07:00:00Z,0.750000000,0.750000000,0.750000000,0.750000000,3
2018-10-26T07:00:00Z,0.720000000,0.720000000,0.720000000,0.720000000,6
2018-10-29T07:00:00Z,0.765000000,0.780000000,0.890000000,0.760000000,111
2018-10-30T07:00:00Z,0.815000000,0.835000000,0.850000000,0.790000000,78
2018-10-31T07:00:00Z,0.850000000,0.835000000,0.880000000,0.835000000,34
2018-11-01T07:00:00Z,0.835000000,0.780000000,0.835000000,0.740000000,31
2018-11-07T07:00:00Z,0.765000000,0.765000000,0.765000000,0.765000000,8
2018-11-12T07:00:00Z,0.765000000,0.760000000,0.765000000,0.760000000,4
2018-11-13T07:00:00Z,0.795000000,0.820000000,0.820000000,0.795000000,30
2018-11-14T07:00:00Z,0.755000000,0.795000000,0.850000000,0.755000000,32
2018-11-15T07:00:00Z,0.795000000,1.050000000,1.110000000,0.795000000,1491
2018-11-16T07:00:00Z,1.060000000,1.005000000,1.290000000,0.970000000,1125
2018-11-19T07:00:00Z,0.910000000,0.915000000,0.995000000,0.890000000,438
2018-11-20T07:00:00Z,0.900000000,0.855000000,0.910000000,0.835000000,363
2018-11-21T07:00:00Z,0.835000000,0.820000000,0.845000000,0.820000000,28
2018-11-22T07:00:00Z,0.805000000,0.820000000,0.820000000,0.765000000,140
2018-11-23T07:00:00Z,0.825000000,0.800000000,0.825000000,0.800000000,4
2018-11-27T07:00:00Z,0.785000000,0.785000000,0.785000000,0.780000000,17
2018-11-28T07:00:00Z,0.775000000,0.780000000,0.780000000,0.770000000,49
2018-11-29T07:00:00Z,0.765000000,0.780000000,0.790000000,0.765000000,41
2018-11-30T07:00:00Z,0.770000000,0.780000000,0.780000000,0.770000000,5
2018-12-03T07:00:00Z,0.795000000,0.780000000,0.795000000,0.780000000,36
2018-12-04T07:00:00Z,0.770000000,0.765000000,0.770000000,0.765000000,9
2018-12-05T07:00:00Z,0.765000000,0.765000000,0.765000000,0.765000000,1
2018-12-06T07:00:00Z,0.795000000,0.800000000,0.800000000,0.795000000,8
2018-12-10T07:00:00Z,0.755000000,0.755000000,0.755000000,0.755000000,8
2018-12-11T07:00:00Z,0.790000000,0.780000000,0.790000000,0.780000000,5
2018-12-14T07:00:00Z,0.755000000,0.780000000,0.780000000,0.755000000,2
2018-12-18T07:00:00Z,0.790000000,0.790000000,0.790000000,0.790000000,2
2018-12-20T07:00:00Z,0.765000000,0.760000000,0.765000000,0.760000000,9
2018-12-21T07:00:00Z,0.795000000,0.780000000,0.795000000,0.750000000,3
2019-01-03T07:00:00Z,0.780000000,0.780000000,0.780000000,0.780000000,2
2019-01-08T07:00:00Z,0.770000000,0.800000000,0.805000000,0.770000000,49
2019-01-09T07:00:00Z,0.785000000,0.820000000,0.830000000,0.785000000,29
2019-01-10T07:00:00Z,0.800000000,0.830000000,0.830000000,0.800000000,23
2019-01-11T07:00:00Z,0.800000000,0.795000000,0.800000000,0.795000000,40
2019-01-14T07:00:00Z,0.775000000,0.800000000,0.800000000,0.775000000,12
2019-01-16T07:00:00Z,0.805000000,0.800000000,0.805000000,0.800000000,45
2019-01-17T07:00:00Z,0.810000000,0.810000000,0.810000000,0.810000000,2
2019-01-18T07:00:00Z,0.810000000,0.815000000,0.965000000,0.810000000,345
2019-01-21T07:00:00Z,0.920000000,0.850000000,0.920000000,0.825000000,83
2019-01-22T07:00:00Z,0.825000000,0.845000000,0.845000000,0.825000000,2
2019-01-23T07:00:00Z,0.830000000,0.845000000,0.845000000,0.815000000,4
2019-01-24T07:00:00Z,0.850000000,1.180000000,1.180000000,0.820000000,763
2019-01-25T07:00:00Z,1.295000000,1.080000000,1.395000000,1.010000000,868
2019-01-28T07:00:00Z,1.100000000,0.960000000,1.100000000,0.960000000,50
2019-01-29T07:00:00Z,1.000000000,1.010000000,1.030000000,0.980000000,130
2019-01-30T07:00:00Z,0.960000000,0.995000000,1.040000000,0.905000000,139
2019-01-31T07:00:00Z,0.905000000,1.000000000,1.025000000,0.905000000,10
2019-02-01T07:00:00Z,1.008000000,1.004000000,1.040000000,0.912000000,53
2019-02-04T07:00:00Z,0.984000000,0.984000000,0.984000000,0.984000000,10
2019-02-05T07:00:00Z,0.820000000,1.270000000,1.276000000,0.820000000,258
2019-02-06T07:00:00Z,1.276000000,1.196000000,1.278000000,1.084000000,200
2019-02-07T07:00:00Z,1.100000000,1.118000000,1.142000000,1.018000000,286
2019-02-08T07:00:00Z,1.096000000,1.152000000,1.256000000,1.062000000,97
2019-02-11T07:00:00Z,1.144000000,1.134000000,1.152000000,1.062000000,30
2019-02-12T07:00:00Z,1.068000000,1.128000000,1.580000000,1.058000000,259
2019-02-13T07:00:00Z,1.102000000,1.100000000,1.122000000,1.100000000,13
2019-02-14T07:00:00Z,1.068000000,1.068000000,1.068000000,1.066000000,24
2019-02-15T07:00:00Z,1.024000000,0.966000000,1.124000000,0.966000000,63
2019-02-19T07:00:00Z,1.040000000,0.958000000,1.044000000,0.958000000,24
2019-02-20T07:00:00Z,0.958000000,0.958000000,0.958000000,0.958000000,1
2019-02-21T07:00:00Z,0.962000000,0.998000000,1.044000000,0.962000000,11
2019-02-22T07:00:00Z,1.036000000,1.018000000,1.280000000,1.000000000,664
2019-02-25T07:00:00Z,0.958000000,1.096000000,1.224000000,0.958000000,346
2019-02-26T07:00:00Z,1.090000000,1.038000000,1.090000000,1.028000000,35
2019-02-27T07:00:00Z,1.040000000,1.142000000,1.380000000,1.010000000,304
2019-02-28T07:00:00Z,1.060000000,1.100000000,1.100000000,1.046000000,60
2019-03-01T07:00:00Z,1.150000000,1.398000000,1.430000000,1.114000000,239
2019-03-04T07:00:00Z,1.394000000,1.954000000,1.954000000,1.394000000,2669
2019-03-05T07:00:00Z,2.148000000,2.734000000,2.734000000,2.148000000,2314
2019-03-06T07:00:00Z,2.880000000,2.002000000,3.000000000,1.912000000,3181
2019-03-07T07:00:00Z,1.950000000,1.844000000,2.086000000,1.808000000,285
2019-03-11T07:00:00Z,1.832000000,1.696000000,1.848000000,1.618000000,384
2019-03-12T07:00:00Z,1.798000000,1.864000000,1.864000000,1.744000000,354
2019-03-13T07:00:00Z,1.960000000,2.048000000,2.048000000,1.912000000,879
2019-03-14T07:00:00Z,2.048000000,1.832000000,2.048000000,1.816000000,384
2019-03-15T07:00:00Z,1.982000000,1.900000000,1.982000000,1.600000000,220
2019-03-18T07:00:00Z,1.916000000,1.920000000,1.940000000,1.856000000,68
2019-03-19T07:00:00Z,1.836000000,1.864000000,1.946000000,1.836000000,26
2019-03-20T07:00:00Z,1.970000000,2.420000000,2.608000000,1.970000000,3796
2019-03-21T07:00:00Z,2.420000000,2.138000000,2.520000000,2.138000000,810
2019-03-22T07:00:00Z,2.110000000,2.000000000,2.110000000,1.900000000,296
2019-03-25T07:00:00Z,1.914000000,1.894000000,1.962000000,1.842000000,136
2019-03-26T07:00:00Z,1.892000000,1.906000000,1.954000000,1.862000000,73
2019-03-27T07:00:00Z,1.966000000,1.902000000,1.966000000,1.870000000,23
2019-03-28T07:00:00Z,1.952000000,1.884000000,1.960000000,1.826000000,40
2019-03-29T07:00:00Z,1.976000000,2.030000000,2.400000000,1.976000000,795
2019-04-01T07:00:00Z,2.000000000,1.980000000,2.000000000,1.858000000,133
2019-04-02T07:00:00Z,2.122000000,2.008000000,2.122000000,1.910000000,189
2019-04-03T07:00:00Z,2.032000000,1.988000000,2.068000000,1.988000000,69
2019-04-04T07:00:00Z,1.956000000,1.962000000,1.996000000,1.802000000,227
2019-04-05T07:00:00Z,1.874000000,1.922000000,2.038000000,1.874000000,33
2019-04-08T07:00:00Z,1.890000000,1.900000000,1.984000000,1.890000000,13
2019-04-10T07:00:00Z,1.920000000,1.900000000,1.982000000,1.896000000,30
2019-04-11T07:00:00Z,1.950000000,1.892000000,2.048000000,1.852000000,33
2019-04-12T07:00:00Z,1.900000000,1.912000000,1.962000000,1.892000000,11
2019-04-15T07:00:00Z,1.950000000,1.918000000,1.998000000,1.862000000,76
2019-04-16T07:00:00Z,1.956000000,1.926000000,1.964000000,1.926000000,10
2019-04-17T07:00:00Z,1.900000000,1.944000000,1.944000000,1.850000000,27
2019-04-18T07:00:00Z,1.900000000,1.986000000,1.986000000,1.900000000,29
2019-04-19T07:00:00Z,1.950000000,1.992000000,1.996000000,1.906000000,30
2019-04-22T07:00:00Z,1.990000000,2.048000000,2.574000000,1.938000000,1074
2019-04-23T07:00:00Z,2.100000000,2.080000000,2.280000000,1.952000000,427
2019-04-24T07:00:00Z,2.120000000,1.954000000,2.120000000,1.864000000,62
2019-04-25T07:00:00Z,1.976000000,1.976000000,1.976000000,1.976000000,1
2019-04-26T07:00:00Z,1.902000000,1.910000000,1.926000000,1.874000000,33
2019-04-29T07:00:00Z,1.912000000,2.048000000,2.180000000,1.912000000,86
2019-04-30T07:00:00Z,1.978000000,1.974000000,1.978000000,1.974000000,6
2019-05-02T07:00:00Z,1.974000000,2.064000000,2.064000000,1.972000000,24
2019-05-03T07:00:00Z,1.888000000,1.920000000,1.972000000,1.850000000,53
2019-05-06T07:00:00Z,1.882000000,1.916000000,1.922000000,1.882000000,16
2019-05-07T07:00:00Z,1.946000000,1.924000000,1.946000000,1.876000000,12
2019-05-10T07:00:00Z,1.882000000,1.888000000,1.890000000,1.862000000,17
2019-05-13T07:00:00Z,1.892000000,1.880000000,1.892000000,1.868000000,13
2019-05-14T07:00:00Z,1.920000000,1.880000000,1.920000000,1.850000000,17
2019-05-15T07:00:00Z,1.850000000,1.898000000,1.898000000,1.850000000,8
2019-05-16T07:00:00Z,1.862000000,1.868000000,1.900000000,1.840000000,28
2019-05-17T07:00:00Z,1.840000000,1.800000000,1.848000000,1.798000000,41
2019-05-21T07:00:00Z,1.800000000,1.720000000,1.800000000,1.720000000,56
2019-05-22T07:00:00Z,1.732000000,1.740000000,1.772000000,1.730000000,19
2019-05-23T07:00:00Z,1.734000000,1.768000000,1.768000000,1.734000000,2
2019-05-24T07:00:00Z,1.770000000,1.838000000,1.876000000,1.770000000,15
2019-05-27T07:00:00Z,1.800000000,1.794000000,1.800000000,1.794000000,3
2019-05-28T07:00:00Z,1.748000000,1.740000000,1.750000000,1.740000000,10
2019-05-29T07:00:00Z,1.746000000,1.748000000,1.792000000,1.746000000,3
2019-05-30T07:00:00Z,1.750000000,1.748000000,1.750000000,1.730000000,14
2019-05-31T07:00:00Z,1.754000000,1.720000000,1.754000000,1.720000000,27
2019-06-03T07:00:00Z,1.720000000,1.600000000,1.736000000,1.592000000,143
2019-06-04T07:00:00Z,1.600000000,1.520000000,1.600000000,1.520000000,31
2019-06-05T07:00:00Z,1.576000000,1.576000000,1.576000000,1.576000000,2
2019-06-06T07:00:00Z,1.578000000,1.602000000,1.602000000,1.572000000,6
2019-06-07T07:00:00Z,1.610000000,1.600000000,1.610000000,1.600000000,2
2019-06-10T07:00:00Z,1.560000000,1.784000000,1.976000000,1.560000000,233
2019-06-11T07:00:00Z,1.730000000,1.822000000,1.868000000,1.674000000,249
2019-06-13T07:00:00Z,1.820000000,1.824000000,1.850000000,1.716000000,266
2019-06-14T07:00:00Z,1.796000000,1.848000000,1.890000000,1.674000000,391
2019-06-17T07:00:00Z,1.850000000,1.782000000,1.882000000,1.750000000,152
2019-06-18T07:00:00Z,1.800000000,1.848000000,1.848000000,1.798000000,5
2019-06-19T07:00:00Z,1.838000000,1.796000000,1.840000000,1.734000000,29
2019-06-20T07:00:00Z,1.816000000,1.864000000,2.078000000,1.750000000,934
2019-06-21T07:00:00Z,1.848000000,1.822000000,1.848000000,1.790000000,44
2019-06-24T07:00:00Z,1.830000000,1.824000000,1.830000000,1.790000000,7
2019-06-25T07:00:00Z,1.808000000,1.790000000,1.836000000,1.772000000,15
2019-06-26T07:00:00Z,1.802000000,1.804000000,1.808000000,1.800000000,18
2019-06-27T07:00:00Z,1.800000000,1.800000000,1.800000000,1.800000000,4
2019-06-28T07:00:00Z,1.816000000,1.800000000,1.886000000,1.780000000,78
2019-07-01T07:00:00Z,1.794000000,1.798000000,1.808000000,1.794000000,7
2019-07-02T07:00:00Z,1.796000000,1.846000000,1.890000000,1.796000000,50
2019-07-03T07:00:00Z,1.828000000,1.824000000,1.918000000,1.820000000,101
2019-07-04T07:00:00Z,1.800000000,1.844000000,1.906000000,1.780000000,158
2019-07-05T07:00:00Z,1.828000000,1.828000000,1.828000000,1.828000000,3
2019-07-08T07:00:00Z,1.844000000,1.802000000,1.844000000,1.802000000,2
2019-07-09T07:00:00Z,1.810000000,1.798000000,1.810000000,1.798000000,26
2019-07-10T07:00:00Z,1.800000000,1.782000000,1.800000000,1.780000000,16
2019-07-11T07:00:00Z,1.780000000,1.780000000,1.780000000,1.780000000,16
2019-07-12T07:00:00Z,1.772000000,1.868000000,1.880000000,1.766000000,99
2019-07-15T07:00:00Z,1.870000000,1.890000000,1.890000000,1.870000000,39
2019-07-16T07:00:00Z,1.826000000,1.826000000,1.826000000,1.826000000,7
2019-07-17T07:00:00Z,1.824000000,1.800000000,1.824000000,1.800000000,20
2019-07-18T07:00:00Z,1.822000000,1.822000000,1.822000000,1.822000000,1
2019-07-19T07:00:00Z,1.792000000,1.822000000,1.822000000,1.790000000,11
2019-07-22T07:00:00Z,1.846000000,1.800000000,1.862000000,1.800000000,13
2019-07-23T07:00:00Z,1.846000000,1.802000000,1.848000000,1.802000000,12
2019-07-24T07:00:00Z,1.802000000,1.802000000,1.802000000,1.800000000,3
2019-07-25T07:00:00Z,1.800000000,1.806000000,1.806000000,1.800000000,9
2019-07-26T07:00:00Z,1.800000000,1.800000000,1.800000000,1.800000000,11
2019-07-29T07:00:00Z,1.854000000,1.848000000,1.854000000,1.848000000,3
2019-07-30T07:00:00Z,1.796000000,1.792000000,1.796000000,1.792000000,10
2019-07-31T07:00:00Z,1.792000000,1.792000000,1.792000000,1.792000000,5
2019-08-01T07:00:00Z,1.790000000,1.790000000,1.790000000,1.790000000,1
2019-08-02T07:00:00Z,1.780000000,1.755000000,1.780000000,1.755000000,9
2019-08-05T07:00:00Z,1.785000000,1.785000000,1.785000000,1.785000000,3
2019-08-06T07:00:00Z,1.780000000,1.765000000,1.780000000,1.765000000,24
2019-08-07T07:00:00Z,1.770000000,1.770000000,1.770000000,1.770000000,1
2019-08-12T07:00:00Z,1.745000000,1.720000000,1.750000000,1.720000000,14
2019-08-13T07:00:00Z,1.710000000,1.660000000,1.710000000,1.655000000,34
2019-08-14T07:00:00Z,1.690000000,1.630000000,1.690000000,1.630000000,11
2019-08-15T07:00:00Z,1.620000000,1.675000000,1.730000000,1.620000000,37
2019-08-16T07:00:00Z,1.620000000,1.700000000,1.700000000,1.620000000,3
2019-08-19T07:00:00Z,1.625000000,1.610000000,1.650000000,1.610000000,44
2019-08-20T07:00:00Z,1.715000000,1.675000000,1.715000000,1.675000000,3
2019-08-21T07:00:00Z,1.600000000,1.600000000,1.630000000,1.590000000,43
2019-08-22T07:00:00Z,1.635000000,1.570000000,1.635000000,1.515000000,57
2019-08-23T07:00:00Z,1.535000000,1.595000000,1.600000000,1.535000000,46
2019-08-26T07:00:00Z,1.595000000,1.595000000,1.595000000,1.595000000,10
2019-08-27T07:00:00Z,1.540000000,1.600000000,1.600000000,1.530000000,47
2019-08-28T07:00:00Z,1.605000000,1.545000000,1.605000000,1.540000000,47
2019-08-29T07:00:00Z,1.535000000,1.535000000,1.535000000,1.535000000,1
2019-08-30T07:00:00Z,1.625000000,1.570000000,1.665000000,1.570000000,44
2019-09-02T07:00:00Z,1.570000000,1.660000000,1.675000000,1.570000000,41
2019-09-03T07:00:00Z,1.625000000,1.640000000,1.720000000,1.600000000,63
2019-09-04T07:00:00Z,1.705000000,1.710000000,1.715000000,1.630000000,24
2019-09-05T07:00:00Z,1.670000000,1.720000000,1.885000000,1.670000000,198
2019-09-06T07:00:00Z,1.725000000,1.660000000,1.725000000,1.650000000,18
2019-09-09T07:00:00Z,1.630000000,1.645000000,1.645000000,1.590000000,22
2019-09-11T07:00:00Z,1.630000000,1.630000000,1.630000000,1.630000000,4
2019-09-12T07:00:00Z,1.580000000,1.595000000,1.595000000,1.580000000,56
2019-09-13T07:00:00Z,1.595000000,1.585000000,1.595000000,1.585000000,6
2019-09-16T07:00:00Z,1.580000000,1.665000000,1.665000000,1.580000000,87
2019-09-17T07:00:00Z,1.645000000,1.640000000,1.645000000,1.580000000,22
2019-09-19T07:00:00Z,1.680000000,1.615000000,1.680000000,1.615000000,2
2019-09-20T07:00:00Z,1.605000000,1.620000000,1.625000000,1.600000000,11
2019-09-23T07:00:00Z,1.600000000,1.600000000,1.600000000,1.600000000,2
2019-09-24T07:00:00Z,1.590000000,1.590000000,1.590000000,1.590000000,1
2019-09-25T07:00:00Z,1.590000000,1.600000000,1.655000000,1.520000000,35
2019-09-27T07:00:00Z,1.610000000,1.605000000,1.610000000,1.605000000,3
2019-09-30T07:00:00Z,1.625000000,1.590000000,1.645000000,1.590000000,18
2019-10-01T07:00:00Z,1.585000000,1.575000000,1.585000000,1.575000000,24
2019-10-02T07:00:00Z,1.580000000,1.635000000,1.635000000,1.580000000,14
2019-10-03T07:00:00Z,1.645000000,1.555000000,1.645000000,1.535000000,16
2019-10-04T07:00:00Z,1.580000000,1.575000000,1.625000000,1.575000000,9
2019-10-09T07:00:00Z,1.595000000,1.590000000,1.595000000,1.590000000,6
2019-10-10T07:00:00Z,1.565000000,1.580000000,1.580000000,1.555000000,25
2019-10-11T07:00:00Z,1.570000000,1.570000000,1.570000000,1.535000000,25
2019-10-14T07:00:00Z,1.540000000,1.550000000,1.550000000,1.540000000,2
2019-10-15T07:00:00Z,1.555000000,1.555000000,1.555000000,1.555000000,2
2019-10-16T07:00:00Z,1.535000000,1.565000000,1.565000000,1.535000000,3
2019-10-17T07:00:00Z,1.550000000,1.555000000,1.555000000,1.550000000,4
2019-10-18T07:00:00Z,1.540000000,1.540000000,1.540000000,1.540000000,7
2019-10-21T07:00:00Z,1.565000000,1.560000000,1.565000000,1.560000000,6
2019-10-22T07:00:00Z,1.550000000,1.545000000,1.550000000,1.540000000,11
2019-10-23T07:00:00Z,1.540000000,1.530000000,1.540000000,1.480000000,71
2019-10-25T07:00:00Z,1.500000000,1.500000000,1.500000000,1.500000000,1
2019-10-28T07:00:00Z,1.505000000,1.505000000,1.505000000,1.505000000,3
2019-10-29T07:00:00Z,1.610000000,1.540000000,1.610000000,1.535000000,10
2019-10-30T07:00:00Z,1.505000000,1.505000000,1.505000000,1.505000000,1
2019-10-31T07:00:00Z,1.505000000,1.505000000,1.505000000,1.505000000,14
2019-11-06T07:00:00Z,1.500000000,1.500000000,1.500000000,1.500000000,1
2019-11-07T07:00:00Z,1.500000000,1.690000000,1.800000000,1.490000000,425
2019-11-08T07:00:00Z,1.630000000,1.600000000,1.630000000,1.545000000,53
2019-11-11T07:00:00Z,1.605000000,1.560000000,1.635000000,1.500000000,65
2019-11-12T07:00:00Z,1.560000000,1.555000000,1.560000000,1.510000000,19
2019-11-13T07:00:00Z,1.520000000,1.545000000,1.555000000,1.520000000,14
2019-11-15T07:00:00Z,1.515000000,1.540000000,1.575000000,1.490000000,20
2019-11-20T07:00:00Z,1.475000000,1.530000000,1.530000000,1.475000000,6
2019-11-22T07:00:00Z,1.500000000,1.560000000,1.560000000,1.495000000,12
2019-11-25T07:00:00Z,1.495000000,1.535000000,1.565000000,1.495000000,19
2019-11-26T07:00:00Z,1.540000000,1.520000000,1.540000000,1.520000000,10
2019-11-27T07:00:00Z,1.565000000,1.525000000,1.580000000,1.510000000,22
2019-11-28T07:00:00Z,1.525000000,1.510000000,1.525000000,1.510000000,2
2019-11-29T07:00:00Z,1.555000000,1.495000000,1.555000000,1.485000000,14
2019-12-02T07:00:00Z,1.530000000,1.560000000,1.660000000,1.530000000,89
2019-12-03T07:00:00Z,1.525000000,1.515000000,1.530000000,1.500000000,44
2019-12-04T07:00:00Z,1.485000000,1.485000000,1.485000000,1.485000000,4
2019-12-06T07:00:00Z,1.525000000,1.495000000,1.530000000,1.495000000,18
2019-12-09T07:00:00Z,1.555000000,1.505000000,1.560000000,1.495000000,7
2019-12-10T07:00:00Z,1.510000000,1.510000000,1.510000000,1.510000000,1
2019-12-11T07:00:00Z,1.545000000,1.500000000,1.545000000,1.500000000,9
2019-12-12T07:00:00Z,1.485000000,1.490000000,1.500000000,1.485000000,17
2019-12-13T07:00:00Z,1.530000000,1.495000000,1.530000000,1.495000000,6
2019-12-16T07:00:00Z,1.505000000,1.505000000,1.505000000,1.505000000,5
2019-12-17T07:00:00Z,1.505000000,1.505000000,1.505000000,1.505000000,3
2019-12-18T07:00:00Z,1.495000000,1.520000000,1.520000000,1.490000000,22
2019-12-20T07:00:00Z,1.500000000,1.500000000,1.500000000,1.500000000,10
2019-12-23T07:00:00Z,1.480000000,1.490000000,1.505000000,1.480000000,70
2019-12-24T07:00:00Z,1.535000000,1.530000000,1.535000000,1.530000000,2
2019-12-25T07:00:00Z,1.490000000,1.495000000,1.510000000,1.420000000,38
2019-12-26T07:00:00Z,1.540000000,1.505000000,1.540000000,1.480000000,25
2020-01-09T07:00:00Z,1.525000000,1.525000000,1.525000000,1.525000000,12
2020-01-10T07:00:00Z,1.525000000,1.840000000,2.130000000,1.515000000,1929
2020-01-13T07:00:00Z,1.840000000,1.730000000,1.870000000,1.710000000,138
2020-01-14T07:00:00Z,1.735000000,1.710000000,1.745000000,1.685000000,99
2020-01-15T07:00:00Z,1.735000000,1.690000000,1.920000000,1.650000000,309
2020-01-16T07:00:00Z,1.745000000,1.660000000,1.745000000,1.660000000,64
2020-01-17T07:00:00Z,1.655000000,1.660000000,1.725000000,1.565000000,564
2020-01-20T07:00:00Z,1.655000000,1.680000000,1.720000000,1.650000000,72
2020-01-21T07:00:00Z,1.690000000,1.685000000,1.690000000,1.640000000,10
2020-01-22T07:00:00Z,1.685000000,1.650000000,1.750000000,1.630000000,83
2020-01-23T07:00:00Z,1.680000000,1.640000000,1.680000000,1.635000000,53
2020-01-24T07:00:00Z,1.660000000,1.685000000,1.685000000,1.645000000,12
2020-01-27T07:00:00Z,1.630000000,1.660000000,1.700000000,1.625000000,9
2020-01-28T07:00:00Z,1.675000000,1.655000000,1.685000000,1.630000000,16
2020-01-29T07:00:00Z,1.650000000,1.710000000,1.725000000,1.620000000,134
2020-01-30T07:00:00Z,1.675000000,1.665000000,1.690000000,1.650000000,78
2020-01-31T07:00:00Z,1.695000000,1.665000000,1.695000000,1.630000000,17
2020-02-03T07:00:00Z,1.650000000,1.695000000,1.695000000,1.650000000,5
2020-02-04T07:00:00Z,1.680000000,1.690000000,1.735000000,1.680000000,108
2020-02-05T07:00:00Z,1.700000000,1.680000000,1.705000000,1.675000000,31
2020-02-06T07:00:00Z,1.700000000,1.665000000,1.700000000,1.665000000,55
2020-02-07T07:00:00Z,1.670000000,1.670000000,1.670000000,1.670000000,1
2020-02-10T07:00:00Z,1.685000000,1.700000000,1.700000000,1.670000000,76
2020-02-11T07:00:00Z,1.710000000,1.715000000,1.715000000,1.680000000,19
2020-02-12T07:00:00Z,1.715000000,1.740000000,1.740000000,1.680000000,65
2020-02-13T07:00:00Z,1.740000000,1.750000000,1.750000000,1.720000000,12
2020-02-14T07:00:00Z,1.725000000,1.745000000,1.780000000,1.725000000,77
2020-02-17T07:00:00Z,1.740000000,1.715000000,1.980000000,1.695000000,300
2020-02-18T07:00:00Z,1.705000000,1.735000000,1.745000000,1.705000000,69
2020-02-20T07:00:00Z,1.715000000,1.795000000,2.040000000,1.705000000,1125
2020-02-21T07:00:00Z,1.750000000,1.770000000,1.800000000,1.705000000,254
2020-02-25T07:00:00Z,1.695000000,1.700000000,1.760000000,1.670000000,135
2020-02-26T07:00:00Z,1.725000000,1.700000000,1.745000000,1.655000000,73
2020-02-27T07:00:00Z,1.680000000,1.650000000,1.685000000,1.590000000,104
2020-02-28T07:00:00Z,1.580000000,1.575000000,1.610000000,1.560000000,50
2020-03-02T07:00:00Z,1.625000000,1.625000000,1.630000000,1.625000000,25
2020-03-03T07:00:00Z,1.680000000,1.690000000,1.700000000,1.625000000,40
2020-03-04T07:00:00Z,1.705000000,1.700000000,1.705000000,1.625000000,23
2020-03-05T07:00:00Z,1.700000000,1.700000000,1.700000000,1.700000000,1
2020-03-06T07:00:00Z,1.640000000,1.650000000,1.660000000,1.640000000,3
2020-03-10T07:00:00Z,1.570000000,1.570000000,1.580000000,1.525000000,72
2020-03-11T07:00:00Z,1.650000000,1.650000000,1.650000000,1.650000000,1
2020-03-12T07:00:00Z,1.535000000,1.380000000,1.535000000,1.300000000,112
2020-03-13T07:00:00Z,1.275000000,1.355000000,1.365000000,1.275000000,39
2020-03-16T07:00:00Z,1.285000000,1.225000000,1.350000000,1.200000000,23
2020-03-17T07:00:00Z,1.330000000,1.210000000,1.330000000,1.185000000,38
2020-03-18T07:00:00Z,1.160000000,1.160000000,1.160000000,1.160000000,1
2020-03-19T07:00:00Z,1.235000000,1.155000000,1.275000000,1.130000000,10
2020-03-20T07:00:00Z,1.170000000,1.385000000,1.530000000,1.160000000,135
2020-03-23T07:00:00Z,1.335000000,1.440000000,1.560000000,1.335000000,233
2020-03-24T07:00:00Z,1.570000000,1.455000000,1.570000000,1.370000000,27
2020-03-26T07:00:00Z,1.395000000,1.455000000,1.455000000,1.395000000,23
2020-03-27T07:00:00Z,1.405000000,1.390000000,1.405000000,1.390000000,10
2020-03-31T07:00:00Z,1.375000000,1.400000000,1.400000000,1.375000000,102
2020-04-01T07:00:00Z,1.410000000,1.365000000,1.410000000,1.350000000,7
2020-04-02T07:00:00Z,1.350000000,1.385000000,1.400000000,1.350000000,14
2020-04-03T07:00:00Z,1.385000000,1.395000000,1.395000000,1.385000000,3
2020-04-06T07:00:00Z,1.260000000,1.440000000,1.445000000,1.005000000,65
2020-04-07T07:00:00Z,1.345000000,1.435000000,1.515000000,1.345000000,60
2020-04-08T07:00:00Z,1.440000000,1.465000000,1.470000000,1.440000000,17
2020-04-09T07:00:00Z,1.475000000,1.435000000,1.475000000,1.435000000,17
2020-04-10T07:00:00Z,1.445000000,1.440000000,1.445000000,1.440000000,5
2020-04-13T07:00:00Z,1.455000000,1.490000000,1.490000000,1.455000000,29
2020-04-14T07:00:00Z,1.490000000,1.470000000,1.490000000,1.430000000,16
2020-04-15T07:00:00Z,1.535000000,1.555000000,1.910000000,1.400000000,2763
2020-04-16T07:00:00Z,1.495000000,1.475000000,1.640000000,1.445000000,264
2020-04-17T07:00:00Z,1.455000000,1.495000000,1.500000000,1.420000000,84
2020-04-20T07:00:00Z,1.495000000,1.430000000,1.495000000,1.430000000,34
2020-04-21T07:00:00Z,1.335000000,1.375000000,1.425000000,1.335000000,57
2020-04-22T07:00:00Z,1.385000000,1.390000000,1.475000000,1.385000000,69
2020-04-23T07:00:00Z,1.415000000,1.430000000,1.525000000,1.415000000,106
2020-04-24T07:00:00Z,1.425000000,1.425000000,1.430000000,1.420000000,18
2020-04-27T07:00:00Z,1.445000000,1.420000000,1.445000000,1.420000000,9
2020-04-28T07:00:00Z,1.440000000,1.535000000,1.580000000,1.440000000,61
2020-04-29T07:00:00Z,1.540000000,1.500000000,1.540000000,1.470000000,27
2020-04-30T07:00:00Z,1.465000000,1.465000000,1.465000000,1.465000000,3
2020-05-04T07:00:00Z,1.450000000,1.465000000,1.465000000,1.445000000,34
2020-05-05T07:00:00Z,1.445000000,1.505000000,1.535000000,1.445000000,5
2020-05-07T07:00:00Z,1.525000000,1.520000000,1.530000000,1.450000000,50
2020-05-08T07:00:00Z,1.460000000,1.465000000,1.480000000,1.460000000,30
2020-05-12T07:00:00Z,1.535000000,1.510000000,1.710000000,1.460000000,575
2020-05-13T07:00:00Z,1.475000000,1.505000000,1.505000000,1.440000000,73
2020-05-14T07:00:00Z,1.455000000,1.460000000,1.500000000,1.455000000,7
2020-05-15T07:00:00Z,1.470000000,1.435000000,1.470000000,1.435000000,19
2020-05-18T07:00:00Z,1.490000000,1.645000000,1.795000000,1.490000000,492
2020-05-19T07:00:00Z,1.710000000,1.610000000,1.790000000,1.500000000,1150
2020-05-20T07:00:00Z,1.640000000,1.570000000,1.640000000,1.540000000,104
2020-05-21T07:00:00Z,1.590000000,1.585000000,1.665000000,1.570000000,21
2020-05-22T07:00:00Z,1.565000000,1.560000000,1.730000000,1.510000000,80
2020-05-25T07:00:00Z,1.590000000,1.550000000,1.600000000,1.540000000,25
2020-05-26T07:00:00Z,1.600000000,1.750000000,1.750000000,1.600000000,585
2020-05-27T07:00:00Z,1.640000000,1.680000000,1.745000000,1.600000000,294
2020-05-28T07:00:00Z,1.635000000,1.630000000,1.700000000,1.600000000,105
2020-05-29T07:00:00Z,1.705000000,1.630000000,1.950000000,1.600000000,832
2020-06-01T07:00:00Z,1.655000000,1.665000000,1.720000000,1.630000000,109
2020-06-02T07:00:00Z,1.730000000,1.735000000,1.750000000,1.630000000,49
2020-06-03T07:00:00Z,1.665000000,1.685000000,1.725000000,1.650000000,112
2020-06-04T07:00:00Z,1.665000000,1.675000000,1.690000000,1.635000000,18
2020-06-08T07:00:00Z,1.610000000,1.670000000,1.680000000,1.585000000,98
2020-06-09T07:00:00Z,1.675000000,1.665000000,1.830000000,1.635000000,108
2020-06-10T07:00:00Z,1.730000000,1.645000000,1.735000000,1.570000000,226
2020-06-11T07:00:00Z,1.670000000,1.685000000,1.705000000,1.630000000,38
2020-06-15T07:00:00Z,1.735000000,1.655000000,1.945000000,1.610000000,300
2020-06-16T07:00:00Z,1.650000000,1.690000000,1.690000000,1.650000000,16
2020-06-17T07:00:00Z,1.690000000,1.670000000,1.690000000,1.660000000,50
2020-06-18T07:00:00Z,1.680000000,1.635000000,1.680000000,1.635000000,34
2020-06-19T07:00:00Z,1.650000000,1.645000000,1.705000000,1.620000000,62
2020-06-22T07:00:00Z,1.635000000,1.635000000,1.645000000,1.630000000,38
2020-06-23T07:00:00Z,1.645000000,1.630000000,1.690000000,1.610000000,85
2020-06-25T07:00:00Z,1.680000000,1.615000000,1.680000000,1.615000000,9
2020-06-26T07:00:00Z,1.610000000,1.600000000,1.620000000,1.600000000,22
2020-06-29T07:00:00Z,1.600000000,1.595000000,1.600000000,1.595000000,5
2020-06-30T07:00:00Z,1.590000000,1.570000000,1.590000000,1.570000000,49
2020-07-02T07:00:00Z,1.580000000,1.580000000,1.580000000,1.575000000,12
2020-07-03T07:00:00Z,1.550000000,1.575000000,1.605000000,1.550000000,3250
2020-07-06T07:00:00Z,1.565000000,1.665000000,2.070000000,1.555000000,2096
2020-07-07T07:00:00Z,1.800000000,1.610000000,1.800000000,1.605000000,791
2020-07-08T07:00:00Z,1.615000000,1.610000000,1.620000000,1.585000000,72
2020-07-09T07:00:00Z,1.590000000,1.590000000,1.620000000,1.570000000,100
2020-07-10T07:00:00Z,1.585000000,1.570000000,1.735000000,1.555000000,1080
2020-07-13T07:00:00Z,1.580000000,1.585000000,1.705000000,1.575000000,3155
2020-07-14T07:00:00Z,1.595000000,1.615000000,1.640000000,1.570000000,2868
2020-07-15T07:00:00Z,1.615000000,1.625000000,1.655000000,1.580000000,2310
2020-07-16T07:00:00Z,1.665000000,1.665000000,1.710000000,1.630000000,2021
2020-07-17T07:00:00Z,1.650000000,1.665000000,1.700000000,1.640000000,80
2020-07-20T07:00:00Z,1.640000000,1.615000000,1.650000000,1.615000000,29
2020-07-21T07:00:00Z,1.610000000,1.600000000,1.620000000,1.600000000,77
2020-07-22T07:00:00Z,1.595000000,1.600000000,1.615000000,1.595000000,35
2020-07-23T07:00:00Z,1.600000000,1.590000000,1.600000000,1.580000000,60
2020-07-24T07:00:00Z,1.575000000,1.650000000,1.665000000,1.575000000,109
2020-07-27T07:00:00Z,1.670000000,1.635000000,1.670000000,1.620000000,34
2020-07-28T07:00:00Z,1.665000000,1.655000000,1.665000000,1.640000000,13
2020-07-29T07:00:00Z,1.675000000,1.705000000,1.950000000,1.670000000,935
2020-07-30T07:00:00Z,1.670000000,1.705000000,1.835000000,1.665000000,202
2020-07-31T07:00:00Z,1.705000000,1.710000000,1.900000000,1.700000000,1798
2020-08-03T07:00:00Z,1.765000000,1.720000000,1.770000000,1.710000000,54
2020-08-04T07:00:00Z,1.780000000,2.400000000,2.400000000,1.760000000,7573
2020-08-05T07:00:00Z,2.605000000,2.750000000,3.125000000,2.430000000,5602
2020-08-06T07:00:00Z,2.885000000,3.845000000,3.845000000,2.620000000,6738
2020-08-07T07:00:00Z,4.230000000,3.415000000,5.380000000,3.410000000,3880
2020-08-10T07:00:00Z,3.415000000,4.775000000,4.775000000,3.120000000,3229
2020-08-11T07:00:00Z,5.090000000,4.520000000,6.580000000,4.330000000,4767
2020-08-12T07:00:00Z,4.610000000,5.380000000,6.105000000,4.610000000,3017
2020-08-13T07:00:00Z,5.500000000,5.920000000,6.445000000,5.500000000,2086
2020-08-14T07:00:00Z,6.000000000,5.660000000,6.150000000,5.395000000,812
2020-08-17T07:00:00Z,5.695000000,5.365000000,6.010000000,5.250000000,637
2020-08-18T07:00:00Z,5.275000000,5.000000000,5.275000000,4.950000000,503
2020-08-19T07:00:00Z,4.990000000,4.905000000,5.490000000,4.500000000,1391
2020-08-20T07:00:00Z,4.920000000,4.840000000,5.180000000,4.730000000,106
2020-08-21T07:00:00Z,4.730000000,4.510000000,4.730000000,4.505000000,101
2020-08-24T07:00:00Z,4.600000000,4.280000000,4.650000000,4.160000000,291
2020-08-25T07:00:00Z,4.320000000,4.670000000,5.280000000,4.260000000,1156
2020-08-26T07:00:00Z,4.970000000,4.510000000,4.970000000,4.300000000,722
2020-08-27T07:00:00Z,4.600000000,4.340000000,4.600000000,4.300000000,191
2020-08-28T07:00:00Z,4.340000000,4.195000000,4.340000000,3.975000000,110
2020-08-31T07:00:00Z,4.200000000,4.250000000,4.290000000,4.200000000,15
2020-09-01T07:00:00Z,4.380000000,4.150000000,4.380000000,4.150000000,48
2020-09-02T07:00:00Z,4.350000000,4.135000000,4.360000000,3.955000000,89
2020-09-03T07:00:00Z,4.095000000,4.000000000,4.300000000,4.000000000,55
2020-09-04T07:00:00Z,3.945000000,3.815000000,4.000000000,3.660000000,190
2020-09-07T07:00:00Z,3.840000000,3.845000000,4.200000000,3.680000000,251
2020-09-08T07:00:00Z,4.080000000,4.535000000,5.280000000,4.000000000,4099
2020-09-09T07:00:00Z,4.785000000,4.085000000,4.840000000,4.005000000,760
2020-09-10T07:00:00Z,4.005000000,4.345000000,4.880000000,4.000000000,2651
2020-09-11T07:00:00Z,4.405000000,4.255000000,4.700000000,4.100000000,797
2020-09-14T07:00:00Z,4.340000000,4.145000000,4.495000000,4.075000000,363
2020-09-15T07:00:00Z,4.135000000,4.135000000,4.245000000,4.100000000,195
2020-09-16T07:00:00Z,4.145000000,4.125000000,4.300000000,4.085000000,87
2020-09-17T07:00:00Z,4.130000000,4.060000000,4.130000000,4.055000000,57
2020-09-18T07:00:00Z,4.060000000,4.150000000,4.785000000,4.015000000,1273
2020-09-21T07:00:00Z,4.200000000,4.065000000,5.170000000,4.015000000,799
2020-09-22T07:00:00Z,4.070000000,4.070000000,4.195000000,4.020000000,73
2020-09-23T07:00:00Z,4.160000000,4.035000000,4.160000000,4.000000000,169
2020-09-24T07:00:00Z,4.040000000,4.105000000,4.105000000,4.000000000,106
2020-09-25T07:00:00Z,4.035000000,4.060000000,4.100000000,4.010000000,53
2020-09-28T07:00:00Z,4.020000000,4.020000000,4.145000000,4.005000000,58
2020-09-29T07:00:00Z,4.010000000,4.020000000,4.025000000,4.005000000,12
2020-09-30T07:00:00Z,4.025000000,4.015000000,4.025000000,4.015000000,8
2020-10-01T07:00:00Z,4.080000000,3.980000000,4.085000000,3.975000000,25
2020-10-02T07:00:00Z,3.945000000,4.000000000,4.180000000,3.945000000,251
2020-10-05T07:00:00Z,3.945000000,4.000000000,4.000000000,3.945000000,20
2020-10-06T07:00:00Z,4.035000000,4.015000000,4.100000000,4.000000000,71
2020-10-07T07:00:00Z,4.000000000,3.965000000,4.000000000,3.945000000,35
2020-10-08T07:00:00Z,3.995000000,3.965000000,3.995000000,3.940000000,17
2020-10-09T07:00:00Z,3.950000000,3.920000000,3.950000000,3.920000000,23
2020-10-12T07:00:00Z,3.880000000,3.860000000,3.895000000,3.800000000,40
2020-10-13T07:00:00Z,3.875000000,3.895000000,3.900000000,3.865000000,25
2020-10-14T07:00:00Z,3.885000000,3.990000000,4.300000000,3.800000000,172
2020-10-15T07:00:00Z,4.000000000,3.800000000,4.095000000,3.705000000,192
2020-10-16T07:00:00Z,3.950000000,3.835000000,3.980000000,3.815000000,25
2020-10-19T07:00:00Z,3.800000000,3.800000000,3.800000000,3.800000000,2
2020-10-20T07:00:00Z,3.975000000,3.755000000,3.975000000,3.755000000,32
2020-10-21T07:00:00Z,3.790000000,3.790000000,3.790000000,3.790000000,2
2020-10-22T07:00:00Z,3.755000000,3.795000000,3.795000000,3.700000000,34
2020-10-23T07:00:00Z,3.760000000,3.735000000,3.930000000,3.730000000,45
2020-10-26T07:00:00Z,3.750000000,3.640000000,3.855000000,3.640000000,25
2020-10-27T07:00:00Z,3.740000000,3.720000000,3.765000000,3.640000000,47
2020-10-28T07:00:00Z,3.730000000,3.705000000,3.735000000,3.650000000,13
2020-10-29T07:00:00Z,3.825000000,3.700000000,3.825000000,3.700000000,4
2020-10-30T07:00:00Z,3.595000000,3.790000000,3.790000000,3.595000000,17
2020-11-02T07:00:00Z,3.775000000,3.765000000,3.775000000,3.760000000,10
2020-11-03T07:00:00Z,3.670000000,3.740000000,3.775000000,3.670000000,9
2020-11-05T07:00:00Z,3.740000000,3.710000000,3.775000000,3.655000000,97
2020-11-06T07:00:00Z,3.775000000,3.760000000,4.115000000,3.750000000,201
2020-11-09T07:00:00Z,3.810000000,3.820000000,3.890000000,3.755000000,96
2020-11-10T07:00:00Z,3.895000000,3.890000000,4.090000000,3.835000000,125
2020-11-11T07:00:00Z,3.860000000,3.870000000,4.020000000,3.750000000,245
2020-11-12T07:00:00Z,3.985000000,3.900000000,4.000000000,3.810000000,94
2020-11-13T07:00:00Z,3.905000000,3.910000000,3.920000000,3.810000000,70
2020-11-16T07:00:00Z,3.835000000,3.905000000,3.980000000,3.835000000,61
2020-11-17T07:00:00Z,3.895000000,3.935000000,3.975000000,3.895000000,54
2020-11-18T07:00:00Z,3.850000000,3.865000000,3.975000000,3.800000000,145
2020-11-19T07:00:00Z,3.855000000,3.835000000,3.890000000,3.780000000,81
2020-11-20T07:00:00Z,3.765000000,3.850000000,3.885000000,3.765000000,77
2020-11-23T07:00:00Z,3.805000000,3.820000000,3.920000000,3.800000000,103
2020-11-24T07:00:00Z,3.780000000,3.720000000,3.865000000,3.715000000,101
2020-11-25T07:00:00Z,3.775000000,3.725000000,3.850000000,3.660000000,127
2020-11-26T07:00:00Z,3.700000000,3.725000000,3.765000000,3.655000000,89
2020-11-27T07:00:00Z,3.720000000,3.720000000,3.770000000,3.665000000,103
2020-11-30T07:00:00Z,3.660000000,3.660000000,3.760000000,3.660000000,106
2020-12-01T07:00:00Z,3.670000000,3.685000000,3.735000000,3.635000000,183
2020-12-02T07:00:00Z,3.650000000,3.660000000,3.720000000,3.620000000,294
2020-12-03T07:00:00Z,3.625000000,3.650000000,3.680000000,3.600000000,197
2020-12-04T07:00:00Z,3.600000000,3.660000000,3.660000000,3.600000000,153
2020-12-07T07:00:00Z,3.645000000,3.600000000,3.645000000,3.570000000,142
2020-12-08T07:00:00Z,3.635000000,3.580000000,3.675000000,3.580000000,69
2020-12-09T07:00:00Z,3.560000000,3.605000000,3.645000000,3.560000000,107
2020-12-10T07:00:00Z,3.655000000,3.590000000,3.655000000,3.590000000,42
2020-12-11T07:00:00Z,3.620000000,3.580000000,3.645000000,3.580000000,33
2020-12-14T07:00:00Z,3.580000000,3.575000000,3.720000000,3.575000000,128
2020-12-15T07:00:00Z,3.555000000,3.605000000,3.605000000,3.555000000,2
2020-12-16T07:00:00Z,3.565000000,3.560000000,3.635000000,3.560000000,53
2020-12-17T07:00:00Z,3.625000000,3.605000000,3.720000000,3.595000000,151
2020-12-18T07:00:00Z,3.570000000,3.565000000,3.595000000,3.545000000,132
2020-12-21T07:00:00Z,3.540000000,3.540000000,3.585000000,3.470000000,142
2020-12-22T07:00:00Z,3.400000000,3.490000000,3.650000000,3.355000000,180
2020-12-23T07:00:00Z,3.430000000,3.500000000,3.510000000,3.410000000,148
2020-12-24T07:00:00Z,3.500000000,3.465000000,3.595000000,3.355000000,94
2020-12-25T07:00:00Z,3.450000000,3.495000000,3.570000000,3.425000000,95
2020-12-28T07:00:00Z,3.685000000,3.450000000,3.685000000,3.375000000,132
2020-12-29T07:00:00Z,3.540000000,3.520000000,3.655000000,3.505000000,127
2020-12-30T07:00:00Z,3.415000000,3.465000000,3.525000000,3.415000000,56
2021-01-04T07:00:00Z,3.595000000,3.480000000,3.595000000,3.470000000,7
2021-01-05T07:00:00Z,3.435000000,3.555000000,3.675000000,3.435000000,144
2021-01-06T07:00:00Z,3.610000000,3.585000000,3.660000000,3.525000000,104
2021-01-08T07:00:00Z,3.630000000,3.545000000,3.695000000,3.545000000,17
2021-01-11T07:00:00Z,3.605000000,3.695000000,3.980000000,3.515000000,346
2021-01-12T07:00:00Z,3.700000000,3.740000000,4.055000000,3.665000000,348
2021-01-13T07:00:00Z,3.555000000,3.625000000,3.745000000,3.555000000,189
2021-01-14T07:00:00Z,3.600000000,3.720000000,4.030000000,3.550000000,305
2021-01-15T07:00:00Z,3.750000000,3.645000000,3.750000000,3.575000000,182
2021-01-18T07:00:00Z,3.620000000,3.645000000,3.700000000,3.610000000,125
2021-01-19T07:00:00Z,3.650000000,3.825000000,4.370000000,3.650000000,1970
2021-01-20T07:00:00Z,3.880000000,3.865000000,3.945000000,3.755000000,267
2021-01-21T07:00:00Z,3.895000000,3.780000000,3.940000000,3.720000000,251
2021-01-22T07:00:00Z,3.760000000,3.860000000,4.040000000,3.750000000,242
2021-01-25T07:00:00Z,3.930000000,3.830000000,4.000000000,3.750000000,297
2021-01-26T07:00:00Z,3.770000000,3.745000000,3.825000000,3.730000000,70
2021-01-27T07:00:00Z,3.720000000,3.690000000,3.720000000,3.650000000,22
2021-01-28T07:00:00Z,3.650000000,3.640000000,3.650000000,3.355000000,59
2021-01-29T07:00:00Z,3.625000000,3.790000000,4.785000000,3.625000000,3266
2021-02-01T07:00:00Z,3.765000000,3.905000000,4.140000000,3.765000000,423
2021-02-02T07:00:00Z,3.815000000,3.860000000,3.915000000,3.760000000,183
2021-02-03T07:00:00Z,3.910000000,3.940000000,4.580000000,3.910000000,1182
2021-02-04T07:00:00Z,3.920000000,3.865000000,3.920000000,3.800000000,164
2021-02-05T07:00:00Z,4.050000000,3.865000000,4.050000000,3.865000000,151
2021-02-08T07:00:00Z,3.840000000,3.935000000,3.935000000,3.825000000,73
2021-02-09T07:00:00Z,4.000000000,4.285000000,4.970000000,3.995000000,2768
2021-02-10T07:00:00Z,4.280000000,4.240000000,4.410000000,4.115000000,296
2021-02-11T07:00:00Z,4.300000000,4.465000000,4.875000000,4.155000000,934
2021-02-12T07:00:00Z,4.545000000,4.400000000,5.250000000,4.255000000,979
2021-02-15T07:00:00Z,4.595000000,4.580000000,4.645000000,4.335000000,474
2021-02-16T07:00:00Z,4.580000000,4.495000000,4.670000000,4.465000000,197
2021-02-17T07:00:00Z,4.450000000,4.230000000,4.735000000,4.230000000,526
2021-02-18T07:00:00Z,4.355000000,4.315000000,4.355000000,4.220000000,164
2021-02-19T07:00:00Z,4.225000000,4.240000000,4.345000000,4.055000000,137
2021-02-20T07:00:00Z,4.155000000,4.070000000,4.200000000,4.070000000,104
2021-02-22T07:00:00Z,4.340000000,4.295000000,4.630000000,4.030000000,890
2021-02-24T07:00:00Z,4.370000000,4.290000000,4.470000000,4.100000000,392
2021-02-25T07:00:00Z,4.255000000,4.265000000,4.345000000,4.200000000,112
2021-02-26T07:00:00Z,4.275000000,4.175000000,4.320000000,4.150000000,229
2021-03-01T07:00:00Z,4.170000000,4.120000000,4.215000000,4.100000000,100
2021-03-02T07:00:00Z,4.115000000,4.125000000,4.295000000,4.115000000,197
2021-03-03T07:00:00Z,4.165000000,4.230000000,4.485000000,4.165000000,105
2021-03-04T07:00:00Z,4.235000000,4.125000000,4.235000000,4.120000000,83
2021-03-05T07:00:00Z,4.165000000,4.110000000,4.285000000,4.080000000,100
2021-03-09T07:00:00Z,4.125000000,4.085000000,4.220000000,4.080000000,115
2021-03-10T07:00:00Z,4.070000000,4.040000000,4.195000000,4.010000000,64
2021-03-11T07:00:00Z,4.030000000,4.045000000,4.075000000,4.020000000,88
2021-03-12T07:00:00Z,4.075000000,4.075000000,4.360000000,4.055000000,217
2021-03-15T07:00:00Z,4.050000000,4.010000000,4.450000000,3.910000000,1034
2021-03-16T07:00:00Z,4.045000000,3.885000000,4.090000000,3.800000000,429
2021-03-17T07:00:00Z,4.060000000,3.875000000,4.060000000,3.855000000,91
2021-03-18T07:00:00Z,3.910000000,3.825000000,3.910000000,3.815000000,113
2021-03-19T07:00:00Z,3.845000000,3.875000000,3.880000000,3.820000000,101
2021-03-22T07:00:00Z,3.830000000,3.870000000,3.870000000,3.830000000,73
2021-03-23T07:00:00Z,3.835000000,3.890000000,3.890000000,3.835000000,19
2021-03-24T07:00:00Z,3.840000000,3.870000000,3.925000000,3.840000000,17
2021-03-25T07:00:00Z,3.870000000,3.880000000,3.890000000,3.840000000,48
2021-03-26T07:00:00Z,3.855000000,3.865000000,3.880000000,3.845000000,70
2021-03-29T07:00:00Z,3.900000000,3.885000000,3.915000000,3.850000000,76
2021-03-30T07:00:00Z,3.870000000,3.885000000,3.905000000,3.860000000,77
2021-03-31T07:00:00Z,3.860000000,3.915000000,3.915000000,3.860000000,84
2021-04-01T07:00:00Z,3.890000000,3.875000000,3.910000000,3.875000000,97
2021-04-02T07:00:00Z,3.870000000,3.890000000,3.910000000,3.865000000,89
2021-04-05T07:00:00Z,3.875000000,3.885000000,3.895000000,3.860000000,89
2021-04-06T07:00:00Z,3.865000000,4.080000000,4.205000000,3.865000000,689
2021-04-07T07:00:00Z,3.950000000,4.035000000,4.110000000,3.930000000,208
2021-04-08T07:00:00Z,4.025000000,3.970000000,4.025000000,3.965000000,107
2021-04-09T07:00:00Z,3.975000000,4.040000000,4.045000000,3.975000000,102
2021-04-12T07:00:00Z,3.975000000,3.950000000,3.990000000,3.930000000,127
2021-04-13T07:00:00Z,3.990000000,4.000000000,4.000000000,3.960000000,102
2021-04-14T07:00:00Z,3.965000000,3.905000000,4.000000000,3.900000000,136
2021-04-15T07:00:00Z,3.915000000,3.930000000,3.980000000,3.915000000,114
2021-04-16T07:00:00Z,3.910000000,3.925000000,3.975000000,3.900000000,125
2021-04-19T07:00:00Z,3.925000000,3.915000000,3.945000000,3.905000000,154
2021-04-20T07:00:00Z,3.915000000,3.815000000,3.920000000,3.800000000,158
2021-04-21T07:00:00Z,3.910000000,3.905000000,3.960000000,3.845000000,197
2021-04-22T07:00:00Z,3.925000000,3.945000000,4.020000000,3.885000000,136
2021-04-23T07:00:00Z,3.945000000,3.860000000,3.945000000,3.825000000,184
2021-04-26T07:00:00Z,3.860000000,3.860000000,3.870000000,3.860000000,8
2021-04-27T07:00:00Z,3.840000000,3.885000000,3.895000000,3.830000000,116
2021-04-28T07:00:00Z,3.855000000,3.890000000,3.890000000,3.820000000,129
2021-04-29T07:00:00Z,3.895000000,3.935000000,3.935000000,3.895000000,66
2021-04-30T07:00:00Z,3.895000000,3.870000000,3.895000000,3.855000000,132
2021-05-04T07:00:00Z,3.895000000,3.820000000,3.895000000,3.820000000,140
2021-05-05T07:00:00Z,3.850000000,3.870000000,3.885000000,3.845000000,129
2021-05-06T07:00:00Z,3.845000000,3.885000000,3.890000000,3.845000000,128
2021-05-07T07:00:00Z,3.865000000,3.850000000,3.865000000,3.845000000,134
2021-05-10T07:00:00Z,3.860000000,3.850000000,3.860000000,3.845000000,11
2021-05-11T07:00:00Z,3.845000000,3.835000000,3.865000000,3.805000000,137
2021-05-12T07:00:00Z,3.825000000,3.825000000,3.825000000,3.735000000,141
2021-05-13T07:00:00Z,3.815000000,3.770000000,4.075000000,3.765000000,143
2021-05-14T07:00:00Z,3.810000000,3.700000000,3.835000000,3.700000000,41
2021-05-17T07:00:00Z,3.780000000,3.750000000,3.790000000,3.740000000,23
2021-05-18T07:00:00Z,3.780000000,3.760000000,3.790000000,3.735000000,12
2021-05-19T07:00:00Z,3.730000000,3.700000000,3.730000000,3.690000000,22
2021-05-20T07:00:00Z,3.725000000,3.720000000,3.740000000,3.620000000,28
2021-05-21T07:00:00Z,3.715000000,3.640000000,3.715000000,3.640000000,4
2021-05-24T07:00:00Z,3.700000000,3.600000000,3.700000000,3.600000000,17
2021-05-25T07:00:00Z,3.640000000,3.665000000,3.665000000,3.635000000,24
2021-05-26T07:00:00Z,3.670000000,3.670000000,3.670000000,3.625000000,13
2021-05-27T07:00:00Z,3.670000000,3.630000000,3.670000000,3.630000000,2
2021-05-28T07:00:00Z,3.670000000,3.585000000,3.670000000,3.570000000,16
2021-05-31T07:00:00Z,3.600000000,3.550000000,3.600000000,3.550000000,13
2021-06-01T07:00:00Z,3.530000000,3.480000000,3.530000000,3.480000000,37
2021-06-02T07:00:00Z,3.495000000,3.495000000,3.500000000,3.485000000,24
2021-06-03T07:00:00Z,3.500000000,3.500000000,3.500000000,3.495000000,26
2021-06-04T07:00:00Z,3.600000000,3.740000000,4.090000000,3.525000000,384
2021-06-07T07:00:00Z,3.720000000,3.745000000,3.940000000,3.720000000,53
2021-06-08T07:00:00Z,3.700000000,3.580000000,3.780000000,3.540000000,43
2021-06-09T07:00:00Z,3.735000000,3.700000000,3.735000000,3.600000000,19
2021-06-10T07:00:00Z,3.625000000,3.720000000,3.740000000,3.625000000,6
2021-06-11T07:00:00Z,3.700000000,3.710000000,3.740000000,3.700000000,20
2021-06-14T07:00:00Z,3.630000000,3.610000000,3.795000000,3.600000000,22
2021-06-15T07:00:00Z,3.700000000,3.745000000,3.835000000,3.700000000,60
2021-06-16T07:00:00Z,3.745000000,3.755000000,3.980000000,3.700000000,17
2021-06-17T07:00:00Z,3.850000000,3.730000000,3.850000000,3.730000000,16
2021-06-18T07:00:00Z,3.730000000,3.670000000,3.730000000,3.640000000,21
2021-06-21T07:00:00Z,3.660000000,3.640000000,3.810000000,3.620000000,29
2021-06-22T07:00:00Z,3.610000000,3.625000000,3.640000000,3.610000000,11
2021-06-23T07:00:00Z,3.645000000,3.765000000,3.765000000,3.645000000,19
2021-06-24T07:00:00Z,3.740000000,3.725000000,3.745000000,3.645000000,12
2021-06-25T07:00:00Z,3.740000000,3.740000000,3.740000000,3.740000000,2
2021-06-28T07:00:00Z,3.810000000,3.680000000,3.810000000,3.675000000,5
2021-06-29T07:00:00Z,3.735000000,3.715000000,3.810000000,3.710000000,12
2021-06-30T07:00:00Z,3.695000000,3.710000000,3.710000000,3.695000000,2
2021-07-01T07:00:00Z,3.715000000,3.715000000,3.715000000,3.715000000,1
2021-07-02T07:00:00Z,3.675000000,3.655000000,3.695000000,3.600000000,27
2021-07-05T07:00:00Z,3.600000000,3.650000000,3.650000000,3.600000000,15
2021-07-06T07:00:00Z,3.595000000,3.670000000,3.670000000,3.595000000,35
2021-07-07T07:00:00Z,3.765000000,3.625000000,3.765000000,3.520000000,16
2021-07-08T07:00:00Z,3.565000000,3.680000000,3.685000000,3.565000000,8
2021-07-09T07:00:00Z,3.710000000,3.605000000,3.840000000,3.560000000,61
2021-07-12T07:00:00Z,3.580000000,3.615000000,3.740000000,3.530000000,76
2021-07-13T07:00:00Z,3.585000000,3.695000000,3.695000000,3.560000000,41
2021-07-14T07:00:00Z,3.645000000,3.645000000,3.645000000,3.645000000,1
2021-07-15T07:00:00Z,3.660000000,3.420000000,3.685000000,3.420000000,24
2021-07-16T07:00:00Z,3.465000000,3.600000000,3.635000000,3.465000000,32
2021-07-19T07:00:00Z,3.530000000,3.545000000,3.605000000,3.460000000,27
2021-07-20T07:00:00Z,3.560000000,3.560000000,3.560000000,3.560000000,1
2021-07-21T07:00:00Z,3.635000000,3.475000000,3.635000000,3.415000000,39
2021-07-22T07:00:00Z,3.500000000,3.475000000,3.555000000,3.440000000,18
2021-07-23T07:00:00Z,3.535000000,3.535000000,3.535000000,3.535000000,1
2021-07-26T07:00:00Z,3.465000000,3.535000000,3.535000000,3.460000000,10
2021-07-27T07:00:00Z,3.465000000,3.535000000,3.535000000,3.455000000,12
2021-07-29T07:00:00Z,3.605000000,3.600000000,3.620000000,3.600000000,40
2021-07-30T07:00:00Z,3.630000000,3.600000000,3.630000000,3.600000000,23
2021-08-02T07:00:00Z,3.470000000,3.540000000,3.585000000,3.470000000,4
2021-08-03T07:00:00Z,3.710000000,3.500000000,3.710000000,3.495000000,46
2021-08-04T07:00:00Z,3.580000000,3.700000000,4.000000000,3.580000000,504
2021-08-05T07:00:00Z,3.665000000,3.650000000,3.765000000,3.555000000,111
2021-08-06T07:00:00Z,3.645000000,3.625000000,3.645000000,3.510000000,65
2021-08-09T07:00:00Z,3.605000000,3.590000000,3.690000000,3.530000000,22
2021-08-10T07:00:00Z,3.585000000,3.575000000,3.670000000,3.555000000,11
2021-08-11T07:00:00Z,3.645000000,3.580000000,3.645000000,3.580000000,7
2021-08-12T07:00:00Z,3.550000000,3.565000000,3.630000000,3.550000000,8
2021-08-13T07:00:00Z,3.545000000,3.570000000,3.985000000,3.510000000,250
2021-08-16T07:00:00Z,3.560000000,3.585000000,3.640000000,3.555000000,29
2021-08-17T07:00:00Z,3.675000000,3.610000000,3.715000000,3.590000000,40
2021-08-18T07:00:00Z,3.600000000,3.670000000,3.715000000,3.600000000,45
2021-08-19T07:00:00Z,3.690000000,3.655000000,3.700000000,3.635000000,13
2021-08-20T07:00:00Z,3.835000000,3.620000000,3.835000000,3.575000000,6
2021-08-23T07:00:00Z,3.880000000,3.670000000,3.880000000,3.565000000,53
2021-08-24T07:00:00Z,3.630000000,3.645000000,3.660000000,3.610000000,10
2021-08-25T07:00:00Z,3.625000000,3.625000000,3.625000000,3.600000000,22
2021-08-26T07:00:00Z,3.630000000,3.615000000,3.640000000,3.615000000,21
2021-08-27T07:00:00Z,3.635000000,3.585000000,4.475000000,3.585000000,1744
2021-08-30T07:00:00Z,3.590000000,3.565000000,3.620000000,3.535000000,126
2021-08-31T07:00:00Z,3.575000000,3.590000000,3.610000000,3.570000000,61
2021-09-01T07:00:00Z,3.575000000,3.575000000,3.625000000,3.545000000,53
2021-09-02T07:00:00Z,3.560000000,3.665000000,3.735000000,3.530000000,97
2021-09-03T07:00:00Z,3.625000000,3.600000000,3.645000000,3.600000000,7
2021-09-06T07:00:00Z,3.600000000,3.560000000,3.625000000,3.550000000,65
2021-09-07T07:00:00Z,3.545000000,3.565000000,3.635000000,3.545000000,16
2021-09-08T07:00:00Z,3.660000000,3.610000000,3.685000000,3.545000000,58
2021-09-09T07:00:00Z,3.555000000,3.575000000,3.620000000,3.550000000,33
2021-09-10T07:00:00Z,3.610000000,3.615000000,4.110000000,3.600000000,391
2021-09-13T07:00:00Z,3.600000000,3.600000000,3.640000000,3.550000000,57
2021-09-14T07:00:00Z,3.600000000,3.630000000,3.710000000,3.590000000,69
2021-09-15T07:00:00Z,3.600000000,3.655000000,4.070000000,3.580000000,323
2021-09-16T07:00:00Z,3.680000000,3.700000000,3.725000000,3.555000000,108
2021-09-17T07:00:00Z,3.735000000,3.615000000,3.735000000,3.600000000,31
2021-09-20T07:00:00Z,3.675000000,3.660000000,4.080000000,3.600000000,509
2021-09-21T07:00:00Z,3.685000000,3.800000000,4.090000000,3.685000000,244
2021-09-22T07:00:00Z,3.750000000,3.780000000,3.800000000,3.735000000,30
2021-09-23T07:00:00Z,3.770000000,3.735000000,3.865000000,3.730000000,30
2021-09-24T07:00:00Z,3.755000000,3.930000000,4.270000000,3.755000000,1008
2021-09-27T07:00:00Z,4.025000000,3.870000000,4.130000000,3.800000000,180
2021-09-28T07:00:00Z,3.970000000,3.845000000,3.970000000,3.785000000,83
2021-09-29T07:00:00Z,3.870000000,3.880000000,3.885000000,3.860000000,7
2021-09-30T07:00:00Z,3.830000000,3.890000000,3.910000000,3.780000000,26
2021-10-01T07:00:00Z,3.830000000,3.810000000,3.915000000,3.805000000,27
2021-10-04T07:00:00Z,3.885000000,3.970000000,4.100000000,3.885000000,256
2021-10-05T07:00:00Z,4.200000000,3.935000000,4.200000000,3.920000000,24
2021-10-06T07:00:00Z,3.950000000,3.900000000,3.950000000,3.815000000,46
2021-10-07T07:00:00Z,3.945000000,4.010000000,4.185000000,3.845000000,215
2021-10-08T07:00:00Z,4.065000000,4.060000000,4.240000000,3.960000000,230
2021-10-11T07:00:00Z,4.020000000,3.925000000,4.030000000,3.855000000,158
2021-10-12T07:00:00Z,3.920000000,3.965000000,3.970000000,3.890000000,64
2021-10-13T07:00:00Z,3.970000000,5.540000000,5.540000000,3.970000000,4042
2021-10-14T07:00:00Z,6.090000000,4.905000000,7.325000000,4.615000000,5012
2021-10-15T07:00:00Z,5.035000000,4.705000000,5.035000000,4.300000000,981
2021-10-18T07:00:00Z,4.620000000,5.850000000,6.580000000,4.460000000,4794
2021-10-19T07:00:00Z,6.095000000,5.500000000,6.230000000,5.070000000,1767
2021-10-20T07:00:00Z,5.495000000,4.985000000,5.650000000,4.705000000,1315
2021-10-21T07:00:00Z,5.010000000,5.005000000,5.325000000,4.925000000,213
2021-10-22T07:00:00Z,4.880000000,4.840000000,6.040000000,4.610000000,2315
2021-10-25T07:00:00Z,5.020000000,4.980000000,5.685000000,4.850000000,2375
2021-10-26T07:00:00Z,4.970000000,5.250000000,5.720000000,4.905000000,1637
2021-10-27T07:00:00Z,5.250000000,5.130000000,5.670000000,5.020000000,313
2021-10-28T07:00:00Z,5.155000000,4.940000000,5.500000000,4.805000000,437
2021-10-29T07:00:00Z,5.090000000,5.055000000,5.225000000,5.055000000,91
2021-11-01T07:00:00Z,5.005000000,4.905000000,5.125000000,4.800000000,221
2021-11-02T07:00:00Z,4.900000000,4.920000000,5.325000000,4.860000000,938
2021-11-03T07:00:00Z,5.120000000,4.880000000,5.180000000,4.805000000,156
2021-11-05T07:00:00Z,4.870000000,4.840000000,4.870000000,4.670000000,179
2021-11-08T07:00:00Z,4.850000000,4.770000000,4.875000000,4.740000000,54
2021-11-09T07:00:00Z,4.740000000,4.710000000,4.890000000,4.705000000,47
2021-11-10T07:00:00Z,4.710000000,4.585000000,4.710000000,4.550000000,106
2021-11-11T07:00:00Z,4.680000000,4.485000000,4.680000000,4.455000000,85
2021-11-12T07:00:00Z,4.440000000,4.395000000,4.580000000,4.385000000,50
2021-11-15T07:00:00Z,4.420000000,4.190000000,4.670000000,3.900000000,513
2021-11-16T07:00:00Z,4.225000000,4.130000000,4.300000000,4.090000000,57
2021-11-17T07:00:00Z,4.190000000,4.030000000,4.190000000,4.030000000,53
2021-11-18T07:00:00Z,4.075000000,4.170000000,4.500000000,4.055000000,190
2021-11-19T07:00:00Z,4.270000000,3.895000000,4.275000000,3.885000000,204
2021-11-22T07:00:00Z,3.910000000,3.990000000,4.450000000,3.895000000,755
2021-11-23T07:00:00Z,3.930000000,4.195000000,4.200000000,3.930000000,107
2021-11-24T07:00:00Z,4.235000000,4.085000000,4.360000000,4.020000000,43
2021-11-25T07:00:00Z,4.155000000,4.945000000,5.300000000,4.010000000,2860
2021-11-26T07:00:00Z,4.765000000,4.445000000,4.765000000,4.120000000,486
2021-11-29T07:00:00Z,4.860000000,4.065000000,4.860000000,4.065000000,473
2021-11-30T07:00:00Z,4.120000000,4.260000000,4.800000000,4.120000000,1672
2021-12-01T07:00:00Z,4.420000000,4.390000000,4.800000000,4.105000000,1071
2021-12-02T07:00:00Z,4.300000000,4.200000000,4.415000000,4.105000000,273
2021-12-03T07:00:00Z,4.255000000,4.080000000,4.275000000,4.065000000,263
2021-12-06T07:00:00Z,4.120000000,4.045000000,4.305000000,4.000000000,312
2021-12-07T07:00:00Z,4.110000000,4.035000000,4.200000000,3.915000000,196
2021-12-08T07:00:00Z,4.115000000,4.185000000,4.185000000,3.960000000,94
2021-12-09T07:00:00Z,4.165000000,4.065000000,4.180000000,3.965000000,84
2021-12-10T07:00:00Z,4.005000000,4.045000000,4.195000000,3.975000000,206
2021-12-13T07:00:00Z,4.010000000,4.135000000,4.165000000,3.900000000,106
2021-12-14T07:00:00Z,4.020000000,3.950000000,4.095000000,3.930000000,66
2021-12-15T07:00:00Z,4.065000000,3.900000000,4.130000000,3.900000000,121
2021-12-16T07:00:00Z,3.985000000,3.875000000,4.030000000,3.805000000,113
2021-12-17T07:00:00Z,3.870000000,3.820000000,3.870000000,3.765000000,133
2021-12-20T07:00:00Z,3.795000000,3.650000000,3.820000000,3.600000000,192
2021-12-21T07:00:00Z,3.625000000,3.590000000,3.625000000,3.515000000,39
2021-12-22T07:00:00Z,3.600000000,3.575000000,3.650000000,3.570000000,37
2021-12-23T07:00:00Z,3.615000000,3.680000000,3.935000000,3.585000000,282
2021-12-24T07:00:00Z,3.720000000,3.800000000,3.940000000,3.680000000,163
2021-12-27T07:00:00Z,3.810000000,4.235000000,4.450000000,3.800000000,1078
2021-12-28T07:00:00Z,4.170000000,3.940000000,4.220000000,3.940000000,213
2021-12-29T07:00:00Z,3.975000000,3.825000000,3.975000000,3.800000000,72
2021-12-30T07:00:00Z,3.820000000,3.800000000,3.860000000,3.690000000,150
2022-01-03T07:00:00Z,3.905000000,3.895000000,3.905000000,3.790000000,36
2022-01-04T07:00:00Z,3.915000000,3.890000000,3.915000000,3.840000000,61
2022-01-05T07:00:00Z,3.805000000,3.905000000,3.905000000,3.700000000,50
2022-01-06T07:00:00Z,3.800000000,3.800000000,3.845000000,3.790000000,44
2022-01-10T07:00:00Z,3.830000000,3.750000000,3.830000000,3.730000000,28
2022-01-11T07:00:00Z,3.795000000,3.760000000,3.795000000,3.750000000,9
2022-01-12T07:00:00Z,3.780000000,3.785000000,3.900000000,3.740000000,26
2022-01-13T07:00:00Z,3.790000000,3.785000000,3.840000000,3.780000000,12
2022-01-14T07:00:00Z,3.790000000,3.670000000,3.790000000,3.650000000,49
2022-01-17T07:00:00Z,3.675000000,3.660000000,3.690000000,3.605000000,29
2022-01-18T07:00:00Z,3.700000000,3.495000000,3.700000000,3.495000000,110
2022-01-19T07:00:00Z,3.580000000,3.575000000,3.595000000,3.555000000,24
2022-01-20T07:00:00Z,3.585000000,3.605000000,3.645000000,3.585000000,9
2022-01-21T07:00:00Z,3.595000000,3.600000000,3.610000000,3.560000000,32
2022-01-24T07:00:00Z,3.685000000,3.410000000,3.700000000,3.400000000,80
2022-01-25T07:00:00Z,3.460000000,3.425000000,3.545000000,3.380000000,22
2022-01-26T07:00:00Z,3.410000000,3.400000000,3.485000000,3.380000000,34
2022-01-27T07:00:00Z,3.480000000,3.945000000,4.500000000,3.480000000,1768
2022-01-28T07:00:00Z,3.960000000,4.080000000,5.545000000,3.575000000,5679
2022-01-31T07:00:00Z,4.180000000,4.280000000,4.600000000,3.920000000,1062
2022-02-01T07:00:00Z,4.145000000,4.135000000,4.450000000,4.060000000,280
2022-02-02T07:00:00Z,4.135000000,4.020000000,4.180000000,4.000000000,132
2022-02-03T07:00:00Z,4.125000000,3.995000000,4.125000000,3.995000000,24
2022-02-04T07:00:00Z,4.005000000,3.985000000,4.010000000,3.945000000,32
2022-02-07T07:00:00Z,4.015000000,3.925000000,4.015000000,3.925000000,91
2022-02-08T07:00:00Z,3.950000000,4.200000000,4.300000000,3.860000000,90
2022-02-09T07:00:00Z,4.365000000,4.115000000,4.400000000,4.045000000,114
2022-02-10T07:00:00Z,4.180000000,4.050000000,4.180000000,4.035000000,49
2022-02-11T07:00:00Z,4.155000000,4.135000000,4.400000000,4.055000000,125
2022-02-14T07:00:00Z,4.125000000,3.970000000,4.125000000,3.900000000,107
2022-02-15T07:00:00Z,3.970000000,4.045000000,4.110000000,3.955000000,15
2022-02-16T07:00:00Z,4.010000000,3.985000000,4.010000000,3.920000000,13
2022-02-17T07:00:00Z,3.870000000,3.945000000,4.040000000,3.870000000,10
2022-02-18T07:00:00Z,3.925000000,3.905000000,3.925000000,3.905000000,3
2022-02-21T07:00:00Z,4.025000000,3.665000000,4.135000000,3.665000000,111
2022-02-22T07:00:00Z,3.600000000,3.720000000,3.800000000,3.445000000,52
2022-02-24T07:00:00Z,3.440000000,2.665000000,3.500000000,2.360000000,144
2022-02-25T07:00:00Z,3.645000000,2.910000000,3.645000000,2.850000000,55
