2018-03-07T07:00:00Z,0.214000000,0.210500000,0.215000000,0.208500000,6285
2018-03-09T07:00:00Z,0.207000000,0.209500000,0.211500000,0.207000000,4475
2018-03-12T07:00:00Z,0.212500000,0.202000000,0.212500000,0.199500000,17583
2018-03-13T07:00:00Z,0.202500000,0.205500000,0.206000000,0.200000000,19992
2018-03-14T07:00:00Z,0.205000000,0.198500000,0.209000000,0.197000000,35293
2018-03-15T07:00:00Z,0.199000000,0.187000000,0.199000000,0.185000000,19339
2018-03-16T07:00:00Z,0.187000000,0.188000000,0.195000000,0.183000000,14543
2018-03-19T07:00:00Z,0.187000000,0.181500000,0.187000000,0.177500000,11525
2018-03-20T07:00:00Z,0.182000000,0.183500000,0.183500000,0.175500000,18764
2018-03-21T07:00:00Z,0.183500000,0.179500000,0.185000000,0.178000000,11377
2018-03-22T07:00:00Z,0.179000000,0.177500000,0.182000000,0.174500000,11564
2018-03-23T07:00:00Z,0.177500000,0.175500000,0.180500000,0.175000000,4040
2018-03-26T07:00:00Z,0.176000000,0.169500000,0.176500000,0.168500000,6423
2018-03-27T07:00:00Z,0.169500000,0.163500000,0.171000000,0.155000000,36834
2018-03-28T07:00:00Z,0.163500000,0.159000000,0.167000000,0.152500000,18155
2018-03-29T07:00:00Z,0.159000000,0.160000000,0.166000000,0.156000000,19433
2018-03-30T07:00:00Z,0.159000000,0.159000000,0.163000000,0.158500000,9953
2018-04-02T07:00:00Z,0.158000000,0.159000000,0.159500000,0.157500000,3282
2018-04-03T07:00:00Z,0.158000000,0.149000000,0.158000000,0.147500000,26626
2018-04-04T07:00:00Z,0.148500000,0.144000000,0.149500000,0.138500000,54678
2018-04-05T07:00:00Z,0.143500000,0.151500000,0.152000000,0.143500000,14279
2018-04-06T07:00:00Z,0.150000000,0.146000000,0.150500000,0.146000000,17911
2018-04-09T07:00:00Z,0.147000000,0.121500000,0.147000000,0.111500000,50702
2018-04-10T07:00:00Z,0.122000000,0.123000000,0.170000000,0.115000000,56393
2018-04-11T07:00:00Z,0.124000000,0.124000000,0.139000000,0.122500000,30395
2018-04-12T07:00:00Z,0.124000000,0.132500000,0.141500000,0.121000000,34535
2018-04-13T07:00:00Z,0.132500000,0.142500000,0.155000000,0.132500000,44502
2018-04-16T07:00:00Z,0.171000000,0.183000000,0.184500000,0.156000000,61580
2018-04-17T07:00:00Z,0.183500000,0.180000000,0.185500000,0.168500000,48118
2018-04-18T07:00:00Z,0.178500000,0.162000000,0.179500000,0.160000000,33818
2018-04-19T07:00:00Z,0.162500000,0.161500000,0.167000000,0.157500000,12112
2018-04-20T07:00:00Z,0.161000000,0.163000000,0.170500000,0.156000000,11870
2018-04-23T07:00:00Z,0.163500000,0.165000000,0.174000000,0.162500000,9118
2018-04-24T07:00:00Z,0.164500000,0.164000000,0.167000000,0.162000000,8770
2018-04-25T07:00:00Z,0.163000000,0.171000000,0.179000000,0.163000000,26286
2018-04-26T07:00:00Z,0.169500000,0.167500000,0.171000000,0.164500000,8809
2018-04-27T07:00:00Z,0.166500000,0.160500000,0.167500000,0.159500000,18068
2018-04-28T07:00:00Z,0.160500000,0.155500000,0.168500000,0.155000000,30371
2018-04-30T07:00:00Z,0.155500000,0.155500000,0.157000000,0.154000000,1618
2018-05-02T07:00:00Z,0.154500000,0.155000000,0.157000000,0.153500000,1751
2018-05-03T07:00:00Z,0.153500000,0.154000000,0.155000000,0.147000000,3431
2018-05-04T07:00:00Z,0.153500000,0.153500000,0.169500000,0.151500000,10429
2018-05-07T07:00:00Z,0.153500000,0.164500000,0.173500000,0.153500000,22312
2018-05-08T07:00:00Z,0.163500000,0.161500000,0.167000000,0.157500000,15763
2018-05-10T07:00:00Z,0.220000000,0.161500000,0.220000000,0.157000000,2948
2018-05-11T07:00:00Z,0.161000000,0.160500000,0.164000000,0.157000000,5011
2018-05-14T07:00:00Z,0.150000000,0.160500000,0.162000000,0.150000000,7638
2018-05-15T07:00:00Z,0.160500000,0.158500000,0.163500000,0.158000000,8088
2018-05-16T07:00:00Z,0.158000000,0.154500000,0.159000000,0.151500000,10055
2018-05-17T07:00:00Z,0.154000000,0.150500000,0.154500000,0.149000000,12725
2018-05-18T07:00:00Z,0.150000000,0.147000000,0.159500000,0.145000000,9596
2018-05-21T07:00:00Z,0.147000000,0.145000000,0.147500000,0.140000000,11863
2018-05-22T07:00:00Z,0.145000000,0.144000000,0.150000000,0.142500000,9878
2018-05-23T07:00:00Z,0.143500000,0.141000000,0.145500000,0.138500000,18182
2018-05-24T07:00:00Z,0.140500000,0.137500000,0.153500000,0.084000000,10815
2018-05-25T07:00:00Z,0.138000000,0.137000000,0.139500000,0.136500000,9565
2018-05-28T07:00:00Z,0.139000000,0.141500000,0.158000000,0.131000000,40980
2018-05-29T07:00:00Z,0.140500000,0.133000000,0.142500000,0.132000000,24747
2018-05-30T07:00:00Z,0.133500000,0.133500000,0.137000000,0.131500000,8004
2018-05-31T07:00:00Z,0.133000000,0.130500000,0.157500000,0.129000000,10217
2018-06-01T07:00:00Z,0.131000000,0.129000000,0.131500000,0.126500000,8073
2018-06-04T07:00:00Z,0.131500000,0.129500000,0.135000000,0.128000000,4496
2018-06-05T07:00:00Z,0.129500000,0.136000000,0.145000000,0.127500000,16815
2018-06-06T07:00:00Z,0.136000000,0.133500000,0.139500000,0.128000000,10328
2018-06-07T07:00:00Z,0.133500000,0.133000000,0.133500000,0.130000000,2094
2018-06-08T07:00:00Z,0.132500000,0.127000000,0.133500000,0.125500000,9812
2018-06-09T07:00:00Z,0.127000000,0.126000000,0.127500000,0.125000000,4658
2018-06-11T07:00:00Z,0.126500000,0.125000000,0.127000000,0.122500000,4278
2018-06-13T07:00:00Z,0.125500000,0.125000000,0.128000000,0.122500000,6430
2018-06-14T07:00:00Z,0.123000000,0.123500000,0.124500000,0.121000000,4328
2018-06-15T07:00:00Z,0.127000000,0.125000000,0.135000000,0.122000000,14515
2018-06-18T07:00:00Z,0.126000000,0.125500000,0.127000000,0.124000000,4024
2018-06-19T07:00:00Z,0.124000000,0.126000000,0.134000000,0.124000000,11539
2018-06-20T07:00:00Z,0.130000000,0.125500000,0.130000000,0.124500000,4297
2018-06-21T07:00:00Z,0.111500000,0.127500000,0.128000000,0.111500000,8221
2018-06-22T07:00:00Z,0.128500000,0.129500000,0.134000000,0.125500000,11077
2018-06-25T07:00:00Z,0.128000000,0.129000000,0.133000000,0.127000000,5507
2018-06-26T07:00:00Z,0.127500000,0.128000000,0.133000000,0.126000000,7331
2018-06-27T07:00:00Z,0.127000000,0.130000000,0.133500000,0.127000000,10270
2018-06-28T07:00:00Z,0.129500000,0.133500000,0.139000000,0.129500000,26167
2018-06-29T07:00:00Z,0.132000000,0.125500000,0.133000000,0.124000000,28643
2018-07-02T07:00:00Z,0.124000000,0.122000000,0.127000000,0.119000000,12899
2018-07-03T07:00:00Z,0.124000000,0.120500000,0.124000000,0.120000000,4938
2018-07-04T07:00:00Z,0.121000000,0.119500000,0.123000000,0.118500000,7197
2018-07-05T07:00:00Z,0.119500000,0.117500000,0.120500000,0.115500000,7249
2018-07-06T07:00:00Z,0.118500000,0.116500000,0.119000000,0.113000000,9842
2018-07-09T07:00:00Z,0.112500000,0.118500000,0.120000000,0.112500000,6032
2018-07-10T07:00:00Z,0.118000000,0.116500000,0.121500000,0.116000000,8040
2018-07-11T07:00:00Z,0.163000000,0.113000000,0.163000000,0.112500000,8988
2018-07-12T07:00:00Z,0.090000000,0.114000000,0.116000000,0.090000000,5828
2018-07-13T07:00:00Z,0.116500000,0.114000000,0.116500000,0.112500000,7360
2018-07-16T07:00:00Z,0.114000000,0.115500000,0.119500000,0.114000000,7370
2018-07-17T07:00:00Z,0.115000000,0.115500000,0.117500000,0.113500000,6273
2018-07-18T07:00:00Z,0.116000000,0.114500000,0.116000000,0.113000000,5105
2018-07-19T07:00:00Z,0.113500000,0.117000000,0.124000000,0.112500000,33608
2018-07-20T07:00:00Z,0.119000000,0.117500000,0.124000000,0.115000000,30372
2018-07-23T07:00:00Z,0.118500000,0.117500000,0.120000000,0.114500000,6795
2018-07-24T07:00:00Z,0.117500000,0.116000000,0.119000000,0.115000000,3053
2018-07-25T07:00:00Z,0.117500000,0.110500000,0.117500000,0.109500000,15117
2018-07-26T07:00:00Z,0.112000000,0.112000000,0.115000000,0.109000000,4987
2018-07-27T07:00:00Z,0.115000000,0.113000000,0.115000000,0.110000000,4669
2018-07-30T07:00:00Z,0.114500000,0.114000000,0.115500000,0.113000000,2817
2018-07-31T07:00:00Z,0.113500000,0.111500000,0.114000000,0.109500000,11101
2018-08-01T07:00:00Z,0.112000000,0.112000000,0.113000000,0.110000000,3671
2018-08-02T07:00:00Z,0.112000000,0.111500000,0.113000000,0.109500000,8765
2018-08-03T07:00:00Z,0.111000000,0.110000000,0.112500000,0.108500000,5441
2018-08-06T07:00:00Z,0.113500000,0.110500000,0.113500000,0.105500000,7330
2018-08-07T07:00:00Z,0.108000000,0.109500000,0.111500000,0.105000000,13032
2018-08-08T07:00:00Z,0.107500000,0.106000000,0.109500000,0.105500000,4612
2018-08-09T07:00:00Z,0.105500000,0.104500000,0.108500000,0.101500000,9090
2018-08-10T07:00:00Z,0.102500000,0.103500000,0.114500000,0.101500000,28781
2018-08-13T07:00:00Z,0.103500000,0.105500000,0.110500000,0.103000000,10905
2018-08-14T07:00:00Z,0.105000000,0.104500000,0.106000000,0.103000000,5193
2018-08-15T07:00:00Z,0.103000000,0.102500000,0.105000000,0.100500000,8006
2018-08-16T07:00:00Z,0.100500000,0.102000000,0.103000000,0.099500000,11095
2018-08-17T07:00:00Z,0.101000000,0.104500000,0.108500000,0.100500000,13269
2018-08-20T07:00:00Z,0.107000000,0.120500000,0.133500000,0.103500000,104915
2018-08-21T07:00:00Z,0.126000000,0.119500000,0.127000000,0.118500000,24844
2018-08-22T07:00:00Z,0.119500000,0.116000000,0.120500000,0.113500000,14366
2018-08-23T07:00:00Z,0.121000000,0.122000000,0.123000000,0.108000000,29618
2018-08-24T07:00:00Z,0.118500000,0.123500000,0.128000000,0.116500000,30128
2018-08-27T07:00:00Z,0.123500000,0.136000000,0.142000000,0.122500000,55624
2018-08-28T07:00:00Z,0.121000000,0.130000000,0.141000000,0.121000000,39897
2018-08-29T07:00:00Z,0.130500000,0.133000000,0.133000000,0.121000000,34015
2018-08-30T07:00:00Z,0.134000000,0.136500000,0.141500000,0.129500000,48465
2018-08-31T07:00:00Z,0.117000000,0.130000000,0.140000000,0.117000000,12861
2018-09-03T07:00:00Z,0.128500000,0.124000000,0.134500000,0.124000000,10370
2018-09-04T07:00:00Z,0.125000000,0.123500000,0.126500000,0.122500000,7098
2018-09-05T07:00:00Z,0.124000000,0.124500000,0.128000000,0.120000000,13078
2018-09-06T07:00:00Z,0.125000000,0.127000000,0.134500000,0.124000000,20516
2018-09-07T07:00:00Z,0.126000000,0.124500000,0.127000000,0.122000000,4720
2018-09-10T07:00:00Z,0.125000000,0.125500000,0.128000000,0.121000000,16131
2018-09-11T07:00:00Z,0.125500000,0.120500000,0.128000000,0.118000000,8098
2018-09-12T07:00:00Z,0.120000000,0.121000000,0.124500000,0.118000000,9283
2018-09-13T07:00:00Z,0.118500000,0.118500000,0.122500000,0.116500000,10710
2018-09-14T07:00:00Z,0.117500000,0.119000000,0.124500000,0.117500000,10308
2018-09-17T07:00:00Z,0.117500000,0.118000000,0.120500000,0.117000000,6218
2018-09-18T07:00:00Z,0.117500000,0.118500000,0.120000000,0.116500000,5569
2018-09-19T07:00:00Z,0.119000000,0.124000000,0.124500000,0.117500000,11464
2018-09-20T07:00:00Z,0.121500000,0.122500000,0.130000000,0.121500000,15360
2018-09-21T07:00:00Z,0.122000000,0.121500000,0.124000000,0.120500000,13879
2018-09-24T07:00:00Z,0.122500000,0.119500000,0.123000000,0.118500000,6022
2018-09-25T07:00:00Z,0.118000000,0.119000000,0.122500000,0.118000000,9822
2018-09-26T07:00:00Z,0.120000000,0.120000000,0.120500000,0.119000000,14318
2018-09-27T07:00:00Z,0.120000000,0.117500000,0.122000000,0.117500000,21452
2018-09-28T07:00:00Z,0.119000000,0.123000000,0.139500000,0.117000000,76831
2018-10-01T07:00:00Z,0.126500000,0.124000000,0.131000000,0.118000000,21023
2018-10-02T07:00:00Z,0.120000000,0.123500000,0.128500000,0.120000000,18893
2018-10-03T07:00:00Z,0.124000000,0.133000000,0.146500000,0.124000000,91159
2018-10-04T07:00:00Z,0.133000000,0.124500000,0.135500000,0.124500000,20499
2018-10-05T07:00:00Z,0.126500000,0.129500000,0.133000000,0.122500000,14717
2018-10-08T07:00:00Z,0.131500000,0.129500000,0.135000000,0.125500000,13416
2018-10-09T07:00:00Z,0.132000000,0.124000000,0.132000000,0.123500000,9765
2018-10-10T07:00:00Z,0.126000000,0.122000000,0.126000000,0.121000000,13359
2018-10-11T07:00:00Z,0.122500000,0.122500000,0.134500000,0.116500000,79424
2018-10-12T07:00:00Z,0.123000000,0.122000000,0.123500000,0.120000000,10811
2018-10-15T07:00:00Z,0.122500000,0.122500000,0.125000000,0.120500000,11380
2018-10-16T07:00:00Z,0.129000000,0.119500000,0.129000000,0.119000000,10597
2018-10-17T07:00:00Z,0.121500000,0.120000000,0.123500000,0.119000000,15700
2018-10-18T07:00:00Z,0.120000000,0.121000000,0.123500000,0.119000000,19339
2018-10-19T07:00:00Z,0.122500000,0.119500000,0.122500000,0.119000000,8574
2018-10-22T07:00:00Z,0.120500000,0.116500000,0.121000000,0.116500000,8450
2018-10-23T07:00:00Z,0.117000000,0.116000000,0.119500000,0.113000000,8589
2018-10-24T07:00:00Z,0.118500000,0.117500000,0.119000000,0.115000000,11376
2018-10-25T07:00:00Z,0.116000000,0.117500000,0.117500000,0.115500000,8576
2018-10-26T07:00:00Z,0.118000000,0.116500000,0.118000000,0.115000000,5107
2018-10-29T07:00:00Z,0.115500000,0.116500000,0.118000000,0.115500000,4933
2018-10-30T07:00:00Z,0.116500000,0.116500000,0.117000000,0.116000000,3645
2018-10-31T07:00:00Z,0.116500000,0.118500000,0.119500000,0.116500000,19875
2018-11-01T07:00:00Z,0.119300000,0.118500000,0.119300000,0.117050000,5048
2018-11-02T07:00:00Z,0.118650000,0.118800000,0.118950000,0.118000000,6344
2018-11-06T07:00:00Z,0.118900000,0.117900000,0.118900000,0.117150000,2174
2018-11-07T07:00:00Z,0.117250000,0.117650000,0.118000000,0.117050000,3759
2018-11-08T07:00:00Z,0.164000000,0.117600000,0.164000000,0.112900000,4956
2018-11-09T07:00:00Z,0.117100000,0.117500000,0.117950000,0.116050000,7897
2018-11-12T07:00:00Z,0.115500000,0.116750000,0.117000000,0.115050000,2922
2018-11-13T07:00:00Z,0.117300000,0.116700000,0.117300000,0.115150000,3128
2018-11-14T07:00:00Z,0.116000000,0.113000000,0.116000000,0.112350000,13286
2018-11-15T07:00:00Z,0.113000000,0.112000000,0.113100000,0.111800000,21791
2018-11-16T07:00:00Z,0.095100000,0.112000000,0.112950000,0.095100000,5964
2018-11-19T07:00:00Z,0.112900000,0.111750000,0.112900000,0.111650000,3063
2018-11-20T07:00:00Z,0.112300000,0.111250000,0.113500000,0.110850000,3598
2018-11-21T07:00:00Z,0.111000000,0.112000000,0.112450000,0.110050000,3766
2018-11-22T07:00:00Z,0.111550000,0.109200000,0.112400000,0.109000000,5042
2018-11-23T07:00:00Z,0.109500000,0.110550000,0.112000000,0.109050000,5217
2018-11-26T07:00:00Z,0.115500000,0.109000000,0.120000000,0.108800000,11609
2018-11-27T07:00:00Z,0.100000000,0.109400000,0.110450000,0.100000000,9019
2018-11-28T07:00:00Z,0.118000000,0.118650000,0.129950000,0.109550000,158464
2018-11-29T07:00:00Z,0.131950000,0.120500000,0.131950000,0.118650000,33336
2018-11-30T07:00:00Z,0.120000000,0.119200000,0.122900000,0.117050000,12668
2018-12-03T07:00:00Z,0.119200000,0.119500000,0.121600000,0.118100000,20249
2018-12-04T07:00:00Z,0.119950000,0.118300000,0.120000000,0.117000000,3178
2018-12-05T07:00:00Z,0.118950000,0.115700000,0.119700000,0.113950000,8447
2018-12-06T07:00:00Z,0.112000000,0.110950000,0.160000000,0.069450000,16180
2018-12-07T07:00:00Z,0.110500000,0.111000000,0.112050000,0.109050000,10430
2018-12-10T07:00:00Z,0.110100000,0.107900000,0.111400000,0.106350000,8119
2018-12-11T07:00:00Z,0.108950000,0.109350000,0.110700000,0.106200000,10007
2018-12-12T07:00:00Z,0.110000000,0.109500000,0.110000000,0.108000000,10777
2018-12-13T07:00:00Z,0.110650000,0.106700000,0.111250000,0.105500000,7358
2018-12-14T07:00:00Z,0.107050000,0.103700000,0.107450000,0.101000000,9073
2018-12-17T07:00:00Z,0.104900000,0.104300000,0.105350000,0.104000000,3864
2018-12-18T07:00:00Z,0.104850000,0.103850000,0.105850000,0.102500000,9927
2018-12-19T07:00:00Z,0.103100000,0.101500000,0.104250000,0.100000000,11161
2018-12-20T07:00:00Z,0.100100000,0.102600000,0.115300000,0.099500000,31722
2018-12-21T07:00:00Z,0.102500000,0.101450000,0.102750000,0.099800000,6576
2018-12-24T07:00:00Z,0.103000000,0.102200000,0.107400000,0.100000000,7554
2018-12-25T07:00:00Z,0.100650000,0.101450000,0.102350000,0.097000000,10003
2018-12-26T07:00:00Z,0.102200000,0.100600000,0.102200000,0.100000000,3475
2018-12-27T07:00:00Z,0.100500000,0.100250000,0.101950000,0.100000000,8773
2018-12-28T07:00:00Z,0.100150000,0.101000000,0.101650000,0.098900000,15581
2018-12-29T07:00:00Z,0.099700000,0.102150000,0.102200000,0.099300000,5227
2019-01-03T07:00:00Z,0.102200000,0.102800000,0.104350000,0.101300000,6756
2019-01-04T07:00:00Z,0.099050000,0.100700000,0.103000000,0.099050000,1227
2019-01-08T07:00:00Z,0.101500000,0.102100000,0.103950000,0.101050000,4330
2019-01-09T07:00:00Z,0.102500000,0.103950000,0.108200000,0.102000000,18635
2019-01-10T07:00:00Z,0.102750000,0.103700000,0.104650000,0.102050000,4981
2019-01-11T07:00:00Z,0.102050000,0.111050000,0.118750000,0.102050000,48837
2019-01-14T07:00:00Z,0.090000000,0.117550000,0.122500000,0.090000000,44415
2019-01-15T07:00:00Z,0.117600000,0.116900000,0.120000000,0.115300000,14881
2019-01-16T07:00:00Z,0.116650000,0.114550000,0.119500000,0.110000000,25728
2019-01-17T07:00:00Z,0.116300000,0.114600000,0.117950000,0.112000000,24417
2019-01-18T07:00:00Z,0.091550000,0.112450000,0.117300000,0.091550000,11083
2019-01-21T07:00:00Z,0.110600000,0.120500000,0.140000000,0.110600000,73655
2019-01-22T07:00:00Z,0.127500000,0.115400000,0.132000000,0.115250000,31678
2019-01-23T07:00:00Z,0.117800000,0.114900000,0.118200000,0.113550000,14037
2019-01-24T07:00:00Z,0.114900000,0.116250000,0.117550000,0.111000000,11986
2019-01-25T07:00:00Z,0.116000000,0.113400000,0.119900000,0.112400000,11300
2019-01-28T07:00:00Z,0.113000000,0.113000000,0.114400000,0.111900000,12992
2019-01-29T07:00:00Z,0.112900000,0.113800000,0.115300000,0.112650000,10868
2019-01-30T07:00:00Z,0.112250000,0.113400000,0.114500000,0.112150000,4682
2019-01-31T07:00:00Z,0.113150000,0.113950000,0.114300000,0.113150000,7417
2019-02-01T07:00:00Z,0.113200000,0.111400000,0.114700000,0.110000000,17165
2019-02-04T07:00:00Z,0.113000000,0.111400000,0.113900000,0.110600000,9726
2019-02-05T07:00:00Z,0.113100000,0.112000000,0.113100000,0.110600000,6675
2019-02-06T07:00:00Z,0.111800000,0.112000000,0.112000000,0.110000000,10384
2019-02-07T07:00:00Z,0.111900000,0.111900000,0.113900000,0.110900000,9508
2019-02-08T07:00:00Z,0.111400000,0.109600000,0.112800000,0.109300000,26692
2019-02-11T07:00:00Z,0.109500000,0.109900000,0.110000000,0.108600000,6863
2019-02-12T07:00:00Z,0.109800000,0.109500000,0.112400000,0.108000000,12331
2019-02-13T07:00:00Z,0.107000000,0.110000000,0.110900000,0.107000000,16111
2019-02-14T07:00:00Z,0.111400000,0.109200000,0.114000000,0.108500000,15410
2019-02-15T07:00:00Z,0.109100000,0.109400000,0.112200000,0.108700000,10424
2019-02-18T07:00:00Z,0.111000000,0.108700000,0.111000000,0.105700000,12784
2019-02-19T07:00:00Z,0.108600000,0.104900000,0.108900000,0.104500000,10408
2019-02-20T07:00:00Z,0.105200000,0.106100000,0.108500000,0.104200000,15431
2019-02-21T07:00:00Z,0.106200000,0.106100000,0.107600000,0.105000000,6385
2019-02-22T07:00:00Z,0.105100000,0.106400000,0.107600000,0.105100000,2046
2019-02-25T07:00:00Z,0.106100000,0.106100000,0.107500000,0.105200000,3929
2019-02-26T07:00:00Z,0.107400000,0.105200000,0.107400000,0.104400000,10249
2019-02-27T07:00:00Z,0.105200000,0.105200000,0.107300000,0.104500000,17132
2019-02-28T07:00:00Z,0.105900000,0.101900000,0.105900000,0.100000000,20923
2019-03-01T07:00:00Z,0.103000000,0.102800000,0.105100000,0.101700000,28853
2019-03-04T07:00:00Z,0.104000000,0.102600000,0.104000000,0.101800000,5431
2019-03-05T07:00:00Z,0.104000000,0.101500000,0.104100000,0.100800000,7985
2019-03-06T07:00:00Z,0.102000000,0.100900000,0.102000000,0.100000000,9426
2019-03-07T07:00:00Z,0.102000000,0.100900000,0.102300000,0.100200000,3335
2019-03-11T07:00:00Z,0.101000000,0.100800000,0.101900000,0.100200000,16676
2019-03-12T07:00:00Z,0.100800000,0.100300000,0.102000000,0.100200000,14085
2019-03-13T07:00:00Z,0.100100000,0.104000000,0.109900000,0.100000000,52616
2019-03-14T07:00:00Z,0.102000000,0.102800000,0.105100000,0.102000000,25985
2019-03-15T07:00:00Z,0.102500000,0.103000000,0.104500000,0.102300000,27442
2019-03-18T07:00:00Z,0.103000000,0.103000000,0.103400000,0.102000000,13784
2019-03-19T07:00:00Z,0.102600000,0.103100000,0.103500000,0.102600000,10581
2019-03-20T07:00:00Z,0.103600000,0.103300000,0.104500000,0.102700000,6520
2019-03-21T07:00:00Z,0.103100000,0.103600000,0.103700000,0.102900000,6826
2019-03-22T07:00:00Z,0.103500000,0.103700000,0.104100000,0.103200000,8664
2019-03-25T07:00:00Z,0.101100000,0.103700000,0.112800000,0.101100000,11092
2019-03-26T07:00:00Z,0.103400000,0.103500000,0.104100000,0.103000000,18164
2019-03-27T07:00:00Z,0.103100000,0.102600000,0.104100000,0.102300000,8971
2019-03-28T07:00:00Z,0.102200000,0.098800000,0.102900000,0.096000000,37687
2019-03-29T07:00:00Z,0.060100000,0.088200000,0.101600000,0.060100000,77389
2019-04-01T07:00:00Z,0.088800000,0.087800000,0.089300000,0.086500000,13794
2019-04-02T07:00:00Z,0.088600000,0.088400000,0.090000000,0.087500000,7806
2019-04-03T07:00:00Z,0.088600000,0.088800000,0.089900000,0.088300000,10062
2019-04-04T07:00:00Z,0.087200000,0.089300000,0.089700000,0.085000000,6199
2019-04-05T07:00:00Z,0.089300000,0.088800000,0.089700000,0.088400000,6573
2019-04-08T07:00:00Z,0.089400000,0.088900000,0.089400000,0.088100000,7553
2019-04-09T07:00:00Z,0.088300000,0.088800000,0.089100000,0.087700000,6594
2019-04-10T07:00:00Z,0.087500000,0.087800000,0.089300000,0.065000000,16710
2019-04-11T07:00:00Z,0.087800000,0.086100000,0.088800000,0.085800000,13333
2019-04-12T07:00:00Z,0.087100000,0.086000000,0.088000000,0.084500000,15721
2019-04-15T07:00:00Z,0.083800000,0.085200000,0.088900000,0.083800000,8154
2019-04-16T07:00:00Z,0.085000000,0.084900000,0.086200000,0.084500000,3668
2019-04-17T07:00:00Z,0.084500000,0.084400000,0.085700000,0.084400000,7746
2019-04-18T07:00:00Z,0.085700000,0.079700000,0.085700000,0.079500000,11180
2019-04-19T07:00:00Z,0.079300000,0.079100000,0.081900000,0.078200000,37183
2019-04-22T07:00:00Z,0.067200000,0.079000000,0.079900000,0.067200000,11246
2019-04-23T07:00:00Z,0.079400000,0.075600000,0.079400000,0.074200000,43735
2019-04-24T07:00:00Z,0.045500000,0.071800000,0.076100000,0.045500000,25846
2019-04-25T07:00:00Z,0.071700000,0.070300000,0.074900000,0.068700000,31128
2019-04-26T07:00:00Z,0.077100000,0.087800000,0.094500000,0.068500000,97749
2019-04-29T07:00:00Z,0.087900000,0.080700000,0.093400000,0.078000000,70840
2019-04-30T07:00:00Z,0.080600000,0.084200000,0.085000000,0.079000000,25277
2019-05-02T07:00:00Z,0.083200000,0.091700000,0.099500000,0.081300000,40755
2019-05-03T07:00:00Z,0.091900000,0.097600000,0.097600000,0.089600000,23527
2019-05-06T07:00:00Z,0.091800000,0.096400000,0.112900000,0.091800000,61302
2019-05-07T07:00:00Z,0.100000000,0.094100000,0.102000000,0.092400000,23909
2019-05-08T07:00:00Z,0.094500000,0.087000000,0.094500000,0.086000000,20889
2019-05-10T07:00:00Z,0.087800000,0.086500000,0.088600000,0.086500000,7838
2019-05-13T07:00:00Z,0.089900000,0.086500000,0.089900000,0.085600000,7457
2019-05-14T07:00:00Z,0.083000000,0.089000000,0.096500000,0.082600000,22814
2019-05-15T07:00:00Z,0.088000000,0.093000000,0.103900000,0.088000000,38040
2019-05-16T07:00:00Z,0.093100000,0.093800000,0.099500000,0.092200000,27229
2019-05-17T07:00:00Z,0.092200000,0.091700000,0.094400000,0.089500000,19837
2019-05-20T07:00:00Z,0.091900000,0.090500000,0.093600000,0.088500000,54409
2019-05-21T07:00:00Z,0.091600000,0.083000000,0.092300000,0.081200000,21907
2019-05-22T07:00:00Z,0.083000000,0.081500000,0.083500000,0.081000000,34881
2019-05-23T07:00:00Z,0.052000000,0.079500000,0.081700000,0.052000000,14731
2019-05-24T07:00:00Z,0.080900000,0.079600000,0.081000000,0.079000000,15895
2019-05-27T07:00:00Z,0.079500000,0.080000000,0.082000000,0.079500000,7733
2019-05-28T07:00:00Z,0.080200000,0.080600000,0.081200000,0.079800000,12376
2019-05-29T07:00:00Z,0.079100000,0.080500000,0.081200000,0.079100000,7244
2019-05-30T07:00:00Z,0.078000000,0.080100000,0.081300000,0.078000000,10000
2019-05-31T07:00:00Z,0.080200000,0.078800000,0.081000000,0.076400000,11288
2019-06-03T07:00:00Z,0.079000000,0.077400000,0.079300000,0.076100000,16511
2019-06-04T07:00:00Z,0.076800000,0.077800000,0.079700000,0.076200000,10986
2019-06-05T07:00:00Z,0.077700000,0.076500000,0.079100000,0.074100000,15949
2019-06-06T07:00:00Z,0.076700000,0.072800000,0.077100000,0.072400000,14998
2019-06-07T07:00:00Z,0.073400000,0.072700000,0.073400000,0.072000000,14656
2019-06-10T07:00:00Z,0.072600000,0.073100000,0.074500000,0.072600000,16959
2019-06-11T07:00:00Z,0.098700000,0.072900000,0.098700000,0.069500000,30064
2019-06-13T07:00:00Z,0.051000000,0.072300000,0.073300000,0.051000000,28863
2019-06-14T07:00:00Z,0.073000000,0.072200000,0.073000000,0.072000000,11609
2019-06-17T07:00:00Z,0.072800000,0.072300000,0.073000000,0.071800000,8731
2019-06-18T07:00:00Z,0.072700000,0.071900000,0.072700000,0.071400000,6016
2019-06-19T07:00:00Z,0.072300000,0.072200000,0.072700000,0.071600000,16388
2019-06-20T07:00:00Z,0.072000000,0.072000000,0.072300000,0.070400000,12945
2019-06-21T07:00:00Z,0.071600000,0.071700000,0.072700000,0.071400000,9676
2019-06-24T07:00:00Z,0.071200000,0.082600000,0.086900000,0.070500000,139259
2019-06-25T07:00:00Z,0.081300000,0.076700000,0.089200000,0.074100000,123635
2019-06-26T07:00:00Z,0.077400000,0.074100000,0.077400000,0.071000000,75784
2019-06-27T07:00:00Z,0.074100000,0.080400000,0.085000000,0.073000000,171947
2019-06-28T07:00:00Z,0.080800000,0.080800000,0.084800000,0.078300000,58842
2019-07-01T07:00:00Z,0.080600000,0.079300000,0.083000000,0.078500000,35798
2019-07-02T07:00:00Z,0.079300000,0.079400000,0.082000000,0.078300000,22016
2019-07-03T07:00:00Z,0.079600000,0.079100000,0.080800000,0.078400000,17957
2019-07-04T07:00:00Z,0.079900000,0.079100000,0.080100000,0.078500000,18238
2019-07-05T07:00:00Z,0.080800000,0.078500000,0.080800000,0.077600000,16226
2019-07-08T07:00:00Z,0.079000000,0.078400000,0.080200000,0.077600000,4089
2019-07-09T07:00:00Z,0.078000000,0.077100000,0.078800000,0.076100000,4138
2019-07-10T07:00:00Z,0.077300000,0.074600000,0.077300000,0.073600000,8553
2019-07-11T07:00:00Z,0.073900000,0.079000000,0.079700000,0.073500000,28781
2019-07-12T07:00:00Z,0.078900000,0.077000000,0.080000000,0.076800000,17508
2019-07-15T07:00:00Z,0.078800000,0.075900000,0.079800000,0.075000000,12981
2019-07-16T07:00:00Z,0.077200000,0.075500000,0.077200000,0.074700000,15360
2019-07-17T07:00:00Z,0.076500000,0.075500000,0.077500000,0.075000000,9833
2019-07-18T07:00:00Z,0.075900000,0.075000000,0.076000000,0.074300000,14480
2019-07-19T07:00:00Z,0.074900000,0.078000000,0.081000000,0.073300000,54988
2019-07-22T07:00:00Z,0.078600000,0.082700000,0.094900000,0.078500000,98079
2019-07-23T07:00:00Z,0.081500000,0.079100000,0.084100000,0.078000000,42006
2019-07-24T07:00:00Z,0.060000000,0.079300000,0.079900000,0.060000000,15622
2019-07-25T07:00:00Z,0.080000000,0.079200000,0.080000000,0.078000000,6666
2019-07-26T07:00:00Z,0.080000000,0.079600000,0.081600000,0.078600000,16206
2019-07-29T07:00:00Z,0.079100000,0.079100000,0.080600000,0.078000000,17088
2019-07-30T07:00:00Z,0.078600000,0.078900000,0.079600000,0.077000000,17356
2019-07-31T07:00:00Z,0.078800000,0.078800000,0.079300000,0.078500000,8456
2019-08-01T07:00:00Z,0.078400000,0.078800000,0.080200000,0.076200000,10658
2019-08-02T07:00:00Z,0.093900000,0.078100000,0.093900000,0.077200000,7715
2019-08-05T07:00:00Z,0.078500000,0.078000000,0.079600000,0.077000000,6143
2019-08-06T07:00:00Z,0.077900000,0.078000000,0.079200000,0.076800000,11814
2019-08-07T07:00:00Z,0.078600000,0.078000000,0.078600000,0.076600000,8395
2019-08-08T07:00:00Z,0.077600000,0.078600000,0.078900000,0.077100000,6025
2019-08-09T07:00:00Z,0.078700000,0.075800000,0.078700000,0.075400000,13010
2019-08-12T07:00:00Z,0.075600000,0.074400000,0.076700000,0.073500000,13234
2019-08-13T07:00:00Z,0.074500000,0.074100000,0.075200000,0.073300000,6736
2019-08-14T07:00:00Z,0.075900000,0.072900000,0.075900000,0.072100000,4794
2019-08-15T07:00:00Z,0.077000000,0.073100000,0.077000000,0.072400000,10047
2019-08-16T07:00:00Z,0.100000000,0.073100000,0.100000000,0.072600000,6484
2019-08-19T07:00:00Z,0.073700000,0.072900000,0.074900000,0.072000000,4982
2019-08-20T07:00:00Z,0.073100000,0.073000000,0.073100000,0.072500000,12790
2019-08-21T07:00:00Z,0.073200000,0.074800000,0.076800000,0.072400000,18367
2019-08-22T07:00:00Z,0.076900000,0.074600000,0.076900000,0.074100000,9894
2019-08-23T07:00:00Z,0.076900000,0.074800000,0.076900000,0.074200000,5478
2019-08-26T07:00:00Z,0.076500000,0.074200000,0.076500000,0.073000000,9484
2019-08-27T07:00:00Z,0.074300000,0.074200000,0.076300000,0.074000000,4846
2019-08-28T07:00:00Z,0.074800000,0.073900000,0.074800000,0.073500000,11882
2019-08-29T07:00:00Z,0.074800000,0.074000000,0.074800000,0.073100000,4461
2019-08-30T07:00:00Z,0.074800000,0.073900000,0.074800000,0.073400000,10976
2019-09-02T07:00:00Z,0.074800000,0.074000000,0.074800000,0.073400000,22420
2019-09-03T07:00:00Z,0.074300000,0.074000000,0.074300000,0.073700000,15090
2019-09-04T07:00:00Z,0.074300000,0.073900000,0.074300000,0.073500000,18119
2019-09-05T07:00:00Z,0.074300000,0.073900000,0.076400000,0.073900000,3908
2019-09-06T07:00:00Z,0.074900000,0.073800000,0.075000000,0.073200000,8753
2019-09-09T07:00:00Z,0.074000000,0.076100000,0.078100000,0.073200000,59638
2019-09-10T07:00:00Z,0.074600000,0.077700000,0.077700000,0.073500000,51075
2019-09-11T07:00:00Z,0.079700000,0.077100000,0.079700000,0.077100000,30941
2019-09-12T07:00:00Z,0.077900000,0.077400000,0.077900000,0.077400000,24675
2019-09-13T07:00:00Z,0.060000000,0.077000000,0.077000000,0.060000000,4014
2019-09-16T07:00:00Z,0.076800000,0.076900000,0.076900000,0.076800000,3874
2019-09-17T07:00:00Z,0.077900000,0.077400000,0.079000000,0.076700000,3602
2019-09-18T07:00:00Z,0.076500000,0.077500000,0.078000000,0.076500000,8997
2019-09-19T07:00:00Z,0.077900000,0.077200000,0.077900000,0.077000000,4847
2019-09-20T07:00:00Z,0.077800000,0.077400000,0.077900000,0.077200000,2772
2019-09-23T07:00:00Z,0.077500000,0.077000000,0.077900000,0.076600000,3654
2019-09-24T07:00:00Z,0.077200000,0.077100000,0.077600000,0.077100000,1769
2019-09-25T07:00:00Z,0.077400000,0.076200000,0.077500000,0.075300000,6208
2019-09-26T07:00:00Z,0.075600000,0.075400000,0.076100000,0.074400000,11445
2019-09-27T07:00:00Z,0.050000000,0.074900000,0.075300000,0.050000000,1268
2019-09-30T07:00:00Z,0.074600000,0.074800000,0.075500000,0.071600000,13164
2019-10-01T07:00:00Z,0.074000000,0.075500000,0.075800000,0.074000000,7186
2019-10-02T07:00:00Z,0.076500000,0.074500000,0.076500000,0.074400000,8240
2019-10-03T07:00:00Z,0.075800000,0.074900000,0.075800000,0.074500000,3193
2019-10-04T07:00:00Z,0.104000000,0.074900000,0.104000000,0.074600000,5271
2019-10-07T07:00:00Z,0.074900000,0.074000000,0.075800000,0.073900000,5054
2019-10-08T07:00:00Z,0.093300000,0.073900000,0.093300000,0.073000000,4081
2019-10-09T07:00:00Z,0.073900000,0.073400000,0.074900000,0.073000000,4651
2019-10-10T07:00:00Z,0.074200000,0.073400000,0.074400000,0.073000000,3251
2019-10-11T07:00:00Z,0.073800000,0.073000000,0.074900000,0.072900000,4839
2019-10-14T07:00:00Z,0.073100000,0.071200000,0.074400000,0.070000000,12725
2019-10-15T07:00:00Z,0.071500000,0.070400000,0.071800000,0.070000000,20685
2019-10-16T07:00:00Z,0.072000000,0.070600000,0.074700000,0.069100000,31812
2019-10-17T07:00:00Z,0.064000000,0.070500000,0.070600000,0.064000000,8273
2019-10-18T07:00:00Z,0.070000000,0.070600000,0.070600000,0.069900000,4712
2019-10-21T07:00:00Z,0.070000000,0.070000000,0.071000000,0.070000000,4345
2019-10-22T07:00:00Z,0.064000000,0.070900000,0.073200000,0.064000000,16935
2019-10-23T07:00:00Z,0.072000000,0.071200000,0.072500000,0.070900000,13488
2019-10-24T07:00:00Z,0.071900000,0.071300000,0.071900000,0.070600000,8937
2019-10-25T07:00:00Z,0.072000000,0.071300000,0.072000000,0.066400000,12922
2019-10-28T07:00:00Z,0.071800000,0.071200000,0.071900000,0.070800000,6625
2019-10-29T07:00:00Z,0.071000000,0.071300000,0.071900000,0.069500000,7429
2019-10-30T07:00:00Z,0.072000000,0.070300000,0.072000000,0.069100000,15724
2019-10-31T07:00:00Z,0.091700000,0.069400000,0.091700000,0.068400000,7013
2019-11-01T07:00:00Z,0.070300000,0.069100000,0.070900000,0.068600000,8094
2019-11-05T07:00:00Z,0.069500000,0.067400000,0.069500000,0.065900000,24854
2019-11-06T07:00:00Z,0.064000000,0.067200000,0.068300000,0.064000000,9020
2019-11-07T07:00:00Z,0.057200000,0.067600000,0.068600000,0.057200000,8675
2019-11-08T07:00:00Z,0.067700000,0.067200000,0.068000000,0.067100000,11478
2019-11-11T07:00:00Z,0.067800000,0.066500000,0.068000000,0.066500000,17644
2019-11-12T07:00:00Z,0.067800000,0.065800000,0.067800000,0.065700000,14046
2019-11-13T07:00:00Z,0.067800000,0.064500000,0.067800000,0.064200000,14436
2019-11-14T07:00:00Z,0.065100000,0.064400000,0.065100000,0.063200000,26106
2019-11-15T07:00:00Z,0.067500000,0.063700000,0.067500000,0.063400000,26281
2019-11-18T07:00:00Z,0.064200000,0.063700000,0.064300000,0.063500000,9301
2019-11-19T07:00:00Z,0.067800000,0.063900000,0.067800000,0.063800000,6863
2019-11-20T07:00:00Z,0.064500000,0.063900000,0.064800000,0.063700000,7005
2019-11-21T07:00:00Z,0.063800000,0.063900000,0.064400000,0.063500000,8172
2019-11-22T07:00:00Z,0.070900000,0.061900000,0.070900000,0.061900000,13131
2019-11-25T07:00:00Z,0.062500000,0.060600000,0.062500000,0.060400000,19134
2019-11-26T07:00:00Z,0.060600000,0.060900000,0.061200000,0.060500000,8525
2019-11-27T07:00:00Z,0.052100000,0.060900000,0.061000000,0.052100000,5883
2019-11-28T07:00:00Z,0.061700000,0.061000000,0.062000000,0.060600000,14672
2019-11-29T07:00:00Z,0.060800000,0.061000000,0.061500000,0.060700000,12104
2019-12-02T07:00:00Z,0.061100000,0.070600000,0.077600000,0.061100000,204122
2019-12-03T07:00:00Z,0.098000000,0.069100000,0.098000000,0.042500000,72818
2019-12-04T07:00:00Z,0.070000000,0.066000000,0.070000000,0.065700000,43131
2019-12-05T07:00:00Z,0.084000000,0.065800000,0.084000000,0.065200000,10205
2019-12-06T07:00:00Z,0.063100000,0.065200000,0.067000000,0.063100000,10112
2019-12-09T07:00:00Z,0.040000000,0.064400000,0.065800000,0.040000000,7182
2019-12-10T07:00:00Z,0.086700000,0.065500000,0.086700000,0.063200000,20578
2019-12-11T07:00:00Z,0.068700000,0.066000000,0.068700000,0.065200000,37273
2019-12-12T07:00:00Z,0.065200000,0.066400000,0.066900000,0.065200000,21917
2019-12-13T07:00:00Z,0.066400000,0.066000000,0.066500000,0.065700000,7453
2019-12-16T07:00:00Z,0.057000000,0.065800000,0.066400000,0.057000000,15209
2019-12-17T07:00:00Z,0.065900000,0.065400000,0.066100000,0.065000000,13402
2019-12-18T07:00:00Z,0.065500000,0.065600000,0.066400000,0.065500000,6057
2019-12-19T07:00:00Z,0.063600000,0.065800000,0.065900000,0.063600000,6169
2019-12-20T07:00:00Z,0.065800000,0.065900000,0.069900000,0.065700000,3313
2019-12-23T07:00:00Z,0.066600000,0.065700000,0.066600000,0.064100000,27400
2019-12-24T07:00:00Z,0.065500000,0.065500000,0.066000000,0.065200000,13195
2019-12-25T07:00:00Z,0.065300000,0.065500000,0.065800000,0.065200000,48220
2019-12-26T07:00:00Z,0.066500000,0.069200000,0.073800000,0.065600000,103397
2019-12-27T07:00:00Z,0.070800000,0.069000000,0.071500000,0.067600000,23982
2019-12-30T07:00:00Z,0.069900000,0.068500000,0.070900000,0.068100000,21492
2020-01-03T07:00:00Z,0.068600000,0.068700000,0.070500000,0.068200000,6143
2020-01-06T07:00:00Z,0.069100000,0.068800000,0.071300000,0.068500000,7488
2020-01-08T07:00:00Z,0.068300000,0.068000000,0.071600000,0.067300000,23555
2020-01-09T07:00:00Z,0.067000000,0.067900000,0.069100000,0.067000000,12267
2020-01-10T07:00:00Z,0.067400000,0.068000000,0.068400000,0.067000000,32772
2020-01-13T07:00:00Z,0.068000000,0.069000000,0.069400000,0.067500000,4315
2020-01-14T07:00:00Z,0.069100000,0.068500000,0.069600000,0.067300000,18341
2020-01-15T07:00:00Z,0.068100000,0.068300000,0.068700000,0.068100000,6122
2020-01-16T07:00:00Z,0.068800000,0.068100000,0.069000000,0.067800000,16308
2020-01-17T07:00:00Z,0.068400000,0.068300000,0.069500000,0.068000000,43757
2020-01-20T07:00:00Z,0.068000000,0.068800000,0.069700000,0.065000000,19813
2020-01-21T07:00:00Z,0.068400000,0.068500000,0.069200000,0.068000000,31903
2020-01-22T07:00:00Z,0.068400000,0.073600000,0.082000000,0.068300000,128346
2020-01-23T07:00:00Z,0.045000000,0.072800000,0.079800000,0.045000000,83996
2020-01-24T07:00:00Z,0.073500000,0.071900000,0.075900000,0.071300000,27050
2020-01-27T07:00:00Z,0.069400000,0.067500000,0.072300000,0.066000000,35854
2020-01-28T07:00:00Z,0.068100000,0.068900000,0.070500000,0.067100000,27188
2020-01-29T07:00:00Z,0.069000000,0.070800000,0.078500000,0.067900000,87820
2020-01-30T07:00:00Z,0.043000000,0.070400000,0.079700000,0.043000000,105026
2020-01-31T07:00:00Z,0.070400000,0.070100000,0.074000000,0.070000000,28538
2020-02-03T07:00:00Z,0.071000000,0.069800000,0.074300000,0.069100000,19668
2020-02-04T07:00:00Z,0.094200000,0.069800000,0.094200000,0.069100000,29797
2020-02-05T07:00:00Z,0.069800000,0.069000000,0.070000000,0.068800000,31995
2020-02-06T07:00:00Z,0.069000000,0.069300000,0.069800000,0.068400000,8085
2020-02-07T07:00:00Z,0.069900000,0.069500000,0.074000000,0.069400000,4595
2020-02-10T07:00:00Z,0.072100000,0.069400000,0.072400000,0.069000000,9204
2020-02-11T07:00:00Z,0.069400000,0.068200000,0.069900000,0.068100000,12149
2020-02-12T07:00:00Z,0.077700000,0.067800000,0.077700000,0.067600000,20546
2020-02-13T07:00:00Z,0.068900000,0.068700000,0.069400000,0.067600000,16387
2020-02-14T07:00:00Z,0.068200000,0.068500000,0.068700000,0.068100000,8058
2020-02-17T07:00:00Z,0.069400000,0.068700000,0.069400000,0.068000000,20231
2020-02-18T07:00:00Z,0.068000000,0.068500000,0.069300000,0.067600000,28311
2020-02-19T07:00:00Z,0.068100000,0.068300000,0.068600000,0.068000000,6251
2020-02-20T07:00:00Z,0.068700000,0.068600000,0.068900000,0.068300000,15032
2020-02-21T07:00:00Z,0.068600000,0.068300000,0.068600000,0.068000000,7716
2020-02-25T07:00:00Z,0.067900000,0.068000000,0.069500000,0.067700000,15775
2020-02-26T07:00:00Z,0.067700000,0.065600000,0.068400000,0.060500000,17408
2020-02-27T07:00:00Z,0.088700000,0.063300000,0.088700000,0.062500000,26891
2020-02-28T07:00:00Z,0.061200000,0.056400000,0.063100000,0.055500000,34304
2020-03-02T07:00:00Z,0.039500000,0.057300000,0.061800000,0.033900000,72619
2020-03-03T07:00:00Z,0.057600000,0.057600000,0.058900000,0.056900000,5915
2020-03-04T07:00:00Z,0.058200000,0.057200000,0.058200000,0.056100000,6881
2020-03-05T07:00:00Z,0.056100000,0.064000000,0.071500000,0.056100000,132976
2020-03-06T07:00:00Z,0.086900000,0.059600000,0.086900000,0.055900000,53988
2020-03-10T07:00:00Z,0.056300000,0.056600000,0.060600000,0.050500000,26665
2020-03-11T07:00:00Z,0.056900000,0.054100000,0.056900000,0.054000000,15766
2020-03-12T07:00:00Z,0.054100000,0.045900000,0.054900000,0.045200000,43896
2020-03-13T07:00:00Z,0.028000000,0.045900000,0.050000000,0.028000000,18599
2020-03-16T07:00:00Z,0.044000000,0.041200000,0.046000000,0.040000000,37043
2020-03-17T07:00:00Z,0.026800000,0.041500000,0.043700000,0.026800000,49686
2020-03-18T07:00:00Z,0.025000000,0.040700000,0.043000000,0.025000000,23988
2020-03-19T07:00:00Z,0.041500000,0.040900000,0.041500000,0.040200000,19212
2020-03-20T07:00:00Z,0.042300000,0.042600000,0.046000000,0.040500000,53804
2020-03-23T07:00:00Z,0.042000000,0.042200000,0.043500000,0.041000000,7404
2020-03-24T07:00:00Z,0.043800000,0.042900000,0.046000000,0.042400000,20299
2020-03-25T07:00:00Z,0.043100000,0.044100000,0.046900000,0.042500000,44480
2020-03-26T07:00:00Z,0.046000000,0.044500000,0.046000000,0.043100000,19198
2020-03-27T07:00:00Z,0.044000000,0.043900000,0.044800000,0.043300000,7608
2020-03-30T07:00:00Z,0.043400000,0.043900000,0.044500000,0.042800000,13636
2020-03-31T07:00:00Z,0.044100000,0.045400000,0.045800000,0.043600000,19951
2020-04-01T07:00:00Z,0.044400000,0.044600000,0.045600000,0.044100000,19037
2020-04-02T07:00:00Z,0.044800000,0.047100000,0.053600000,0.044300000,80422
2020-04-03T07:00:00Z,0.047500000,0.066500000,0.066500000,0.047500000,277907
2020-04-06T07:00:00Z,0.067900000,0.093000000,0.093000000,0.067900000,285150
2020-04-07T07:00:00Z,0.100000000,0.084200000,0.102300000,0.075200000,282077
2020-04-08T07:00:00Z,0.085100000,0.081800000,0.089700000,0.074600000,76392
2020-04-09T07:00:00Z,0.084000000,0.086000000,0.090000000,0.081800000,111976
2020-04-10T07:00:00Z,0.086300000,0.086100000,0.089700000,0.082500000,44274
2020-04-13T07:00:00Z,0.082000000,0.080900000,0.087000000,0.079200000,60495
2020-04-14T07:00:00Z,0.082900000,0.077900000,0.083000000,0.077000000,40485
2020-04-15T07:00:00Z,0.077400000,0.067800000,0.077400000,0.061700000,88586
2020-04-16T07:00:00Z,0.068600000,0.074500000,0.074500000,0.067100000,191911
2020-04-17T07:00:00Z,0.077100000,0.073800000,0.078500000,0.072100000,47747
2020-04-20T07:00:00Z,0.073700000,0.069900000,0.073700000,0.068900000,18372
2020-04-21T07:00:00Z,0.070100000,0.066000000,0.070100000,0.064500000,60806
2020-04-22T07:00:00Z,0.063600000,0.069600000,0.069900000,0.063600000,48311
2020-04-23T07:00:00Z,0.070000000,0.068400000,0.070000000,0.067500000,15236
2020-04-24T07:00:00Z,0.069000000,0.068200000,0.069000000,0.067200000,11999
2020-04-27T07:00:00Z,0.068400000,0.068300000,0.069400000,0.067700000,7702
2020-04-28T07:00:00Z,0.070000000,0.095700000,0.095700000,0.070000000,355894
2020-04-29T07:00:00Z,0.107500000,0.104600000,0.130000000,0.101400000,515067
2020-04-30T07:00:00Z,0.102900000,0.092300000,0.119400000,0.091700000,100964
2020-05-04T07:00:00Z,0.092100000,0.091000000,0.098600000,0.084500000,60595
2020-05-05T07:00:00Z,0.093800000,0.088000000,0.096100000,0.084400000,59099
2020-05-06T07:00:00Z,0.089400000,0.087600000,0.089800000,0.086400000,20994
2020-05-07T07:00:00Z,0.082500000,0.091800000,0.095200000,0.082500000,75288
2020-05-08T07:00:00Z,0.095000000,0.092000000,0.095500000,0.091000000,19531
2020-05-12T07:00:00Z,0.094200000,0.106000000,0.121900000,0.085000000,204071
2020-05-13T07:00:00Z,0.106200000,0.097100000,0.113600000,0.095300000,99938
2020-05-14T07:00:00Z,0.087700000,0.094700000,0.104500000,0.087700000,76189
2020-05-15T07:00:00Z,0.095000000,0.106700000,0.112000000,0.093200000,220443
2020-05-18T07:00:00Z,0.122500000,0.105000000,0.130700000,0.103100000,41841
2020-05-19T07:00:00Z,0.103000000,0.099200000,0.105800000,0.097400000,52651
2020-05-20T07:00:00Z,0.103000000,0.099500000,0.103000000,0.095600000,43876
2020-05-21T07:00:00Z,0.096500000,0.096000000,0.100600000,0.095000000,32729
2020-05-22T07:00:00Z,0.097800000,0.094400000,0.097800000,0.090100000,62142
2020-05-25T07:00:00Z,0.097500000,0.097100000,0.105000000,0.093900000,60653
2020-05-26T07:00:00Z,0.094000000,0.096200000,0.097800000,0.092700000,37561
2020-05-27T07:00:00Z,0.099000000,0.094900000,0.099000000,0.094000000,28904
2020-05-28T07:00:00Z,0.096600000,0.095000000,0.096800000,0.094100000,11375
2020-05-29T07:00:00Z,0.092300000,0.094200000,0.096300000,0.090700000,11319
2020-06-01T07:00:00Z,0.096600000,0.094600000,0.096600000,0.094000000,11316
2020-06-02T07:00:00Z,0.095300000,0.093900000,0.096400000,0.093000000,27813
2020-06-03T07:00:00Z,0.092200000,0.090600000,0.094900000,0.090500000,23889
2020-06-04T07:00:00Z,0.090100000,0.091000000,0.092700000,0.090000000,21704
2020-06-05T07:00:00Z,0.093200000,0.082700000,0.093200000,0.081100000,97569
2020-06-08T07:00:00Z,0.084900000,0.079600000,0.084900000,0.075700000,86243
2020-06-09T07:00:00Z,0.074600000,0.080800000,0.084900000,0.074600000,79144
2020-06-10T07:00:00Z,0.082000000,0.082000000,0.082900000,0.080500000,25103
2020-06-11T07:00:00Z,0.080400000,0.080700000,0.082900000,0.080100000,30226
2020-06-15T07:00:00Z,0.083300000,0.081200000,0.083300000,0.080100000,16493
2020-06-16T07:00:00Z,0.079100000,0.081200000,0.082400000,0.079000000,12405
2020-06-17T07:00:00Z,0.082700000,0.088800000,0.095700000,0.080900000,161176
2020-06-18T07:00:00Z,0.087100000,0.083700000,0.088600000,0.083000000,42628
2020-06-19T07:00:00Z,0.084900000,0.082500000,0.084900000,0.080900000,23063
2020-06-22T07:00:00Z,0.070000000,0.079800000,0.090000000,0.070000000,2229
2020-06-23T07:00:00Z,0.079100000,0.079000000,0.081600000,0.078200000,11687
2020-06-25T07:00:00Z,0.080000000,0.074800000,0.080000000,0.074400000,35023
2020-06-26T07:00:00Z,0.075500000,0.072900000,0.075800000,0.050100000,47269
2020-06-29T07:00:00Z,0.077000000,0.069700000,0.077000000,0.066200000,50965
2020-06-30T07:00:00Z,0.069000000,0.071200000,0.081800000,0.069000000,48578
2020-07-02T07:00:00Z,0.073800000,0.069900000,0.073800000,0.069200000,15265
2020-07-03T07:00:00Z,0.071200000,0.070300000,0.071200000,0.069300000,8364
2020-07-06T07:00:00Z,0.069600000,0.069500000,0.071300000,0.069000000,22070
2020-07-07T07:00:00Z,0.068300000,0.067900000,0.069800000,0.067700000,18507
2020-07-08T07:00:00Z,0.068600000,0.073500000,0.073900000,0.067800000,92686
2020-07-09T07:00:00Z,0.074000000,0.071800000,0.074000000,0.070100000,43551
2020-07-10T07:00:00Z,0.073300000,0.070900000,0.073300000,0.070200000,13071
2020-07-13T07:00:00Z,0.071500000,0.071900000,0.072900000,0.071000000,34498
2020-07-14T07:00:00Z,0.071800000,0.070700000,0.071800000,0.070200000,19065
2020-07-15T07:00:00Z,0.072000000,0.069900000,0.072000000,0.069300000,10085
2020-07-16T07:00:00Z,0.069200000,0.069300000,0.071800000,0.068000000,36733
2020-07-17T07:00:00Z,0.070600000,0.069500000,0.070600000,0.068300000,8911
2020-07-20T07:00:00Z,0.069200000,0.069600000,0.069800000,0.068800000,7737
2020-07-21T07:00:00Z,0.069200000,0.069300000,0.069800000,0.069200000,24477
2020-07-22T07:00:00Z,0.070000000,0.069400000,0.071000000,0.068500000,33427
2020-07-23T07:00:00Z,0.069800000,0.068300000,0.069900000,0.068200000,24822
2020-07-24T07:00:00Z,0.069800000,0.068800000,0.069800000,0.067600000,40639
2020-07-27T07:00:00Z,0.068900000,0.068800000,0.069400000,0.067100000,21885
2020-07-28T07:00:00Z,0.068900000,0.068500000,0.069100000,0.068000000,21695
2020-07-29T07:00:00Z,0.068100000,0.068800000,0.072000000,0.068100000,117875
2020-07-30T07:00:00Z,0.068500000,0.069600000,0.077700000,0.068500000,150133
2020-07-31T07:00:00Z,0.069700000,0.068500000,0.072000000,0.067700000,55052
2020-08-03T07:00:00Z,0.069900000,0.068500000,0.070000000,0.068300000,34653
2020-08-04T07:00:00Z,0.068500000,0.068700000,0.069100000,0.068200000,40076
2020-08-05T07:00:00Z,0.068700000,0.068600000,0.070900000,0.068400000,25093
2020-08-06T07:00:00Z,0.070000000,0.068800000,0.070000000,0.068400000,22460
2020-08-07T07:00:00Z,0.068800000,0.068700000,0.069400000,0.068100000,22835
2020-08-10T07:00:00Z,0.068900000,0.069000000,0.069000000,0.068400000,15036
2020-08-11T07:00:00Z,0.069000000,0.069000000,0.069900000,0.068600000,12922
2020-08-12T07:00:00Z,0.068900000,0.069000000,0.069400000,0.068500000,18939
2020-08-13T07:00:00Z,0.069700000,0.068900000,0.069700000,0.068700000,6215
2020-08-14T07:00:00Z,0.069000000,0.068800000,0.069000000,0.068400000,6166
2020-08-17T07:00:00Z,0.068800000,0.068300000,0.068900000,0.068000000,16422
2020-08-18T07:00:00Z,0.068500000,0.068300000,0.068600000,0.068100000,18174
2020-08-19T07:00:00Z,0.068600000,0.068800000,0.070800000,0.068400000,52675
2020-08-20T07:00:00Z,0.068800000,0.068600000,0.069700000,0.068200000,17415
2020-08-21T07:00:00Z,0.068700000,0.068600000,0.068900000,0.068100000,14649
2020-08-24T07:00:00Z,0.068300000,0.068500000,0.068900000,0.068100000,7596
2020-08-25T07:00:00Z,0.069100000,0.068400000,0.069100000,0.068100000,8943
2020-08-26T07:00:00Z,0.068300000,0.068000000,0.068500000,0.067800000,6351
2020-08-27T07:00:00Z,0.069200000,0.068200000,0.069200000,0.068000000,12138
2020-08-28T07:00:00Z,0.068700000,0.068100000,0.068700000,0.067700000,6407
2020-08-31T07:00:00Z,0.068800000,0.067200000,0.068800000,0.066600000,10001
2020-09-01T07:00:00Z,0.067800000,0.067000000,0.067800000,0.066100000,8992
2020-09-02T07:00:00Z,0.067100000,0.066900000,0.067600000,0.066600000,24745
2020-09-03T07:00:00Z,0.066900000,0.064900000,0.066900000,0.064600000,25249
2020-09-04T07:00:00Z,0.065800000,0.062900000,0.065800000,0.062100000,15475
2020-09-07T07:00:00Z,0.063100000,0.063000000,0.063800000,0.062700000,16425
2020-09-08T07:00:00Z,0.063100000,0.059200000,0.063300000,0.058800000,32705
2020-09-09T07:00:00Z,0.059200000,0.059500000,0.059800000,0.059100000,13935
2020-09-10T07:00:00Z,0.061100000,0.059500000,0.061100000,0.059200000,14165
2020-09-11T07:00:00Z,0.060000000,0.059800000,0.060800000,0.059100000,35859
2020-09-14T07:00:00Z,0.060500000,0.065600000,0.069300000,0.059800000,100652
2020-09-15T07:00:00Z,0.065600000,0.063000000,0.066800000,0.061300000,58044
2020-09-16T07:00:00Z,0.063600000,0.062400000,0.065700000,0.061100000,19782
2020-09-17T07:00:00Z,0.062400000,0.062600000,0.063400000,0.061800000,8133
2020-09-18T07:00:00Z,0.062700000,0.062500000,0.062900000,0.062200000,17900
2020-09-21T07:00:00Z,0.062700000,0.060800000,0.063000000,0.060500000,11035
2020-09-22T07:00:00Z,0.060900000,0.061300000,0.062400000,0.060900000,5698
2020-09-23T07:00:00Z,0.062500000,0.061200000,0.062500000,0.061000000,12912
2020-09-24T07:00:00Z,0.061900000,0.060700000,0.062000000,0.060700000,8797
2020-09-25T07:00:00Z,0.061100000,0.060600000,0.061300000,0.060400000,9554
2020-09-28T07:00:00Z,0.061500000,0.060800000,0.061500000,0.060500000,16523
2020-09-29T07:00:00Z,0.061500000,0.060800000,0.061500000,0.060700000,3280
2020-09-30T07:00:00Z,0.061000000,0.060800000,0.061000000,0.060500000,11014
2020-10-01T07:00:00Z,0.062300000,0.060600000,0.062300000,0.060400000,7036
2020-10-02T07:00:00Z,0.061000000,0.058300000,0.061000000,0.057800000,21855
2020-10-05T07:00:00Z,0.058500000,0.057100000,0.058700000,0.056600000,18016
2020-10-06T07:00:00Z,0.057100000,0.057100000,0.057600000,0.055900000,23598
2020-10-07T07:00:00Z,0.058800000,0.057200000,0.058800000,0.056200000,19403
2020-10-08T07:00:00Z,0.058800000,0.057300000,0.058800000,0.056800000,16727
2020-10-09T07:00:00Z,0.057100000,0.056800000,0.058800000,0.056800000,2081
2020-10-12T07:00:00Z,0.057700000,0.055500000,0.057700000,0.055400000,8803
2020-10-13T07:00:00Z,0.055200000,0.053900000,0.055300000,0.053100000,31076
2020-10-14T07:00:00Z,0.054500000,0.061100000,0.066000000,0.053000000,85833
2020-10-15T07:00:00Z,0.062100000,0.057900000,0.063600000,0.056800000,33542
2020-10-16T07:00:00Z,0.059000000,0.057000000,0.062100000,0.056000000,11210
2020-10-19T07:00:00Z,0.057400000,0.057800000,0.059000000,0.055700000,10446
2020-10-20T07:00:00Z,0.057700000,0.057300000,0.058100000,0.056400000,2825
2020-10-21T07:00:00Z,0.058200000,0.055800000,0.058400000,0.053400000,14154
2020-10-22T07:00:00Z,0.056200000,0.054200000,0.056800000,0.051300000,10755
2020-10-23T07:00:00Z,0.055800000,0.053400000,0.055800000,0.052200000,14759
2020-10-26T07:00:00Z,0.053700000,0.052000000,0.053800000,0.051500000,15574
2020-10-27T07:00:00Z,0.052400000,0.051700000,0.052400000,0.051000000,5636
2020-10-28T07:00:00Z,0.052200000,0.052300000,0.057000000,0.048700000,27790
2020-10-29T07:00:00Z,0.050700000,0.051700000,0.054000000,0.050000000,4684
2020-10-30T07:00:00Z,0.051800000,0.052300000,0.052600000,0.050000000,4900
2020-11-02T07:00:00Z,0.052100000,0.054200000,0.057800000,0.051900000,18647
2020-11-03T07:00:00Z,0.054200000,0.052800000,0.057800000,0.052500000,15064
2020-11-05T07:00:00Z,0.054700000,0.053400000,0.054700000,0.052000000,5944
2020-11-06T07:00:00Z,0.054900000,0.054000000,0.054900000,0.052500000,3513
2020-11-09T07:00:00Z,0.054000000,0.055200000,0.055800000,0.053800000,5023
2020-11-10T07:00:00Z,0.055000000,0.057400000,0.059900000,0.054100000,24007
2020-11-11T07:00:00Z,0.057800000,0.055700000,0.057800000,0.053600000,20888
2020-11-12T07:00:00Z,0.056600000,0.057100000,0.058500000,0.054800000,19588
2020-11-13T07:00:00Z,0.057100000,0.058100000,0.058400000,0.056600000,4648
2020-11-16T07:00:00Z,0.058300000,0.056900000,0.058700000,0.056500000,24462
2020-11-17T07:00:00Z,0.058600000,0.056800000,0.058600000,0.055900000,18629
2020-11-18T07:00:00Z,0.057000000,0.056600000,0.057000000,0.055800000,11416
2020-11-19T07:00:00Z,0.055800000,0.056400000,0.056700000,0.055800000,9626
2020-11-20T07:00:00Z,0.056000000,0.056600000,0.057100000,0.056000000,8916
2020-11-23T07:00:00Z,0.056100000,0.057000000,0.060900000,0.056000000,47013
2020-11-24T07:00:00Z,0.058900000,0.057000000,0.059000000,0.056700000,19549
2020-11-25T07:00:00Z,0.058500000,0.056800000,0.058500000,0.056500000,9168
2020-11-26T07:00:00Z,0.056500000,0.056600000,0.057100000,0.056400000,6158
2020-11-27T07:00:00Z,0.056500000,0.056800000,0.057600000,0.056200000,4767
2020-11-30T07:00:00Z,0.057500000,0.056200000,0.057500000,0.056000000,15623
2020-12-01T07:00:00Z,0.057500000,0.055400000,0.057500000,0.052800000,41667
2020-12-02T07:00:00Z,0.056100000,0.055000000,0.058400000,0.054200000,28789
2020-12-03T07:00:00Z,0.054500000,0.055400000,0.055500000,0.054500000,7273
2020-12-04T07:00:00Z,0.056500000,0.055800000,0.056700000,0.054800000,21656
2020-12-07T07:00:00Z,0.054600000,0.054700000,0.055900000,0.052800000,56801
2020-12-08T07:00:00Z,0.055000000,0.054700000,0.055300000,0.053100000,10045
2020-12-09T07:00:00Z,0.054600000,0.054000000,0.054600000,0.054000000,11256
2020-12-10T07:00:00Z,0.055300000,0.053900000,0.055300000,0.053800000,8647
2020-12-11T07:00:00Z,0.054000000,0.054000000,0.054600000,0.053800000,10962
2020-12-14T07:00:00Z,0.054100000,0.053600000,0.054100000,0.053600000,21372
2020-12-15T07:00:00Z,0.053900000,0.053600000,0.054000000,0.053400000,6247
2020-12-16T07:00:00Z,0.053800000,0.052900000,0.053800000,0.052800000,9281
2020-12-17T07:00:00Z,0.053800000,0.052600000,0.053800000,0.052300000,13791
2020-12-18T07:00:00Z,0.053000000,0.052800000,0.053500000,0.051500000,8854
2020-12-21T07:00:00Z,0.053900000,0.052300000,0.053900000,0.050100000,8950
2020-12-22T07:00:00Z,0.052600000,0.052000000,0.052900000,0.050000000,16370
2020-12-23T07:00:00Z,0.052800000,0.052000000,0.055000000,0.051500000,25335
2020-12-24T07:00:00Z,0.052000000,0.052300000,0.053100000,0.051200000,12770
2020-12-25T07:00:00Z,0.052500000,0.052400000,0.053000000,0.051600000,11179
2020-12-28T07:00:00Z,0.052300000,0.052600000,0.056900000,0.051000000,33281
2020-12-29T07:00:00Z,0.053300000,0.053000000,0.053900000,0.052700000,7850
2020-12-30T07:00:00Z,0.053900000,0.051800000,0.054000000,0.051000000,11863
2021-01-04T07:00:00Z,0.053400000,0.053000000,0.054900000,0.050600000,3438
2021-01-05T07:00:00Z,0.054400000,0.055300000,0.060000000,0.052800000,71218
2021-01-06T07:00:00Z,0.057900000,0.055000000,0.057900000,0.054100000,25512
2021-01-08T07:00:00Z,0.057100000,0.055900000,0.057100000,0.054800000,9004
2021-01-11T07:00:00Z,0.055800000,0.055500000,0.056700000,0.053600000,6970
2021-01-12T07:00:00Z,0.056000000,0.067100000,0.073600000,0.055600000,324871
2021-01-13T07:00:00Z,0.071000000,0.067100000,0.071000000,0.061000000,140733
2021-01-14T07:00:00Z,0.069100000,0.067400000,0.069100000,0.065600000,54958
2021-01-15T07:00:00Z,0.068400000,0.074800000,0.080900000,0.063300000,246733
2021-01-18T07:00:00Z,0.071400000,0.072000000,0.075800000,0.071100000,69349
2021-01-19T07:00:00Z,0.072800000,0.067200000,0.072800000,0.065800000,29620
2021-01-20T07:00:00Z,0.067500000,0.066300000,0.069300000,0.065100000,18421
2021-01-21T07:00:00Z,0.066200000,0.065500000,0.067000000,0.063300000,11093
2021-01-22T07:00:00Z,0.067300000,0.062300000,0.067300000,0.058400000,44592
2021-01-25T07:00:00Z,0.062300000,0.062300000,0.062900000,0.061100000,11372
2021-01-26T07:00:00Z,0.062500000,0.062900000,0.063600000,0.062100000,8042
2021-01-27T07:00:00Z,0.063000000,0.060000000,0.063000000,0.056900000,40430
2021-01-28T07:00:00Z,0.060800000,0.060300000,0.060800000,0.059800000,4894
2021-01-29T07:00:00Z,0.061500000,0.059500000,0.061500000,0.059500000,8879
2021-02-01T07:00:00Z,0.061200000,0.059300000,0.061200000,0.058600000,5636
2021-02-02T07:00:00Z,0.060800000,0.057400000,0.060800000,0.057000000,42448
2021-02-03T07:00:00Z,0.057900000,0.056400000,0.059100000,0.055900000,40356
2021-02-04T07:00:00Z,0.058000000,0.058000000,0.059900000,0.055700000,56919
2021-02-05T07:00:00Z,0.057700000,0.058000000,0.058900000,0.056600000,10522
2021-02-08T07:00:00Z,0.057300000,0.058400000,0.059000000,0.057300000,5481
2021-02-09T07:00:00Z,0.058200000,0.057300000,0.058800000,0.056800000,32129
2021-02-10T07:00:00Z,0.058200000,0.056900000,0.058200000,0.055900000,17074
2021-02-11T07:00:00Z,0.057000000,0.056900000,0.057400000,0.056500000,1923
2021-02-12T07:00:00Z,0.058000000,0.056800000,0.058000000,0.056400000,4206
2021-02-15T07:00:00Z,0.056900000,0.056700000,0.057600000,0.056500000,8243
2021-02-16T07:00:00Z,0.056900000,0.056800000,0.057400000,0.056400000,20224
2021-02-17T07:00:00Z,0.057200000,0.057200000,0.057900000,0.056800000,18113
2021-02-18T07:00:00Z,0.057100000,0.057200000,0.057500000,0.056600000,5574
2021-02-19T07:00:00Z,0.057500000,0.058300000,0.059500000,0.056900000,45934
2021-02-20T07:00:00Z,0.059100000,0.057800000,0.059100000,0.057200000,10147
2021-02-22T07:00:00Z,0.058100000,0.057900000,0.058900000,0.057500000,19461
2021-02-24T07:00:00Z,0.058800000,0.059400000,0.064800000,0.058200000,114412
2021-02-25T07:00:00Z,0.059600000,0.059200000,0.060700000,0.058500000,30428
2021-02-26T07:00:00Z,0.059000000,0.058400000,0.059400000,0.056600000,12183
2021-03-01T07:00:00Z,0.057100000,0.058300000,0.058900000,0.057100000,15157
2021-03-02T07:00:00Z,0.058100000,0.058300000,0.058600000,0.057800000,9380
2021-03-03T07:00:00Z,0.058700000,0.058300000,0.058900000,0.057900000,4514
2021-03-04T07:00:00Z,0.058200000,0.056100000,0.058300000,0.056100000,18851
2021-03-05T07:00:00Z,0.057400000,0.056600000,0.057500000,0.056500000,18832
2021-03-09T07:00:00Z,0.057800000,0.056900000,0.057800000,0.056500000,5452
2021-03-10T07:00:00Z,0.057500000,0.056900000,0.057500000,0.056600000,3547
2021-03-11T07:00:00Z,0.057200000,0.056400000,0.057200000,0.056400000,7471
2021-03-12T07:00:00Z,0.056700000,0.056300000,0.057000000,0.055800000,9256
2021-03-15T07:00:00Z,0.057600000,0.055100000,0.057600000,0.054900000,13300
2021-03-16T07:00:00Z,0.055500000,0.052900000,0.055500000,0.052800000,19450
2021-03-17T07:00:00Z,0.053500000,0.052800000,0.053900000,0.052500000,24193
2021-03-18T07:00:00Z,0.053300000,0.052800000,0.054500000,0.052000000,20420
2021-03-19T07:00:00Z,0.053100000,0.052500000,0.053500000,0.051800000,6577
2021-03-22T07:00:00Z,0.053300000,0.051900000,0.053300000,0.051000000,20587
2021-03-23T07:00:00Z,0.052300000,0.051700000,0.052300000,0.051100000,12829
2021-03-24T07:00:00Z,0.052200000,0.050600000,0.053200000,0.050000000,26719
2021-03-25T07:00:00Z,0.051800000,0.050300000,0.052900000,0.049600000,37337
2021-03-26T07:00:00Z,0.051700000,0.050500000,0.051800000,0.049800000,6170
2021-03-29T07:00:00Z,0.051500000,0.050400000,0.051500000,0.049600000,25042
2021-03-30T07:00:00Z,0.050200000,0.048400000,0.050300000,0.047000000,30088
2021-03-31T07:00:00Z,0.048100000,0.046800000,0.049100000,0.046800000,20807
2021-04-01T07:00:00Z,0.047100000,0.048700000,0.050000000,0.046900000,56291
2021-04-02T07:00:00Z,0.049200000,0.048300000,0.049700000,0.047900000,29782
2021-04-05T07:00:00Z,0.048300000,0.048500000,0.048800000,0.047500000,11440
2021-04-06T07:00:00Z,0.048700000,0.048000000,0.048700000,0.047600000,6572
2021-04-07T07:00:00Z,0.048700000,0.048000000,0.048700000,0.047300000,22814
2021-04-08T07:00:00Z,0.048600000,0.047900000,0.048600000,0.047200000,16383
2021-04-09T07:00:00Z,0.048000000,0.048300000,0.053600000,0.047000000,129927
2021-04-12T07:00:00Z,0.049000000,0.048300000,0.049400000,0.047700000,15946
2021-04-13T07:00:00Z,0.049300000,0.047200000,0.049300000,0.046800000,35062
2021-04-14T07:00:00Z,0.047500000,0.047100000,0.047700000,0.046900000,9968
2021-04-15T07:00:00Z,0.047800000,0.049300000,0.052000000,0.047000000,49466
2021-04-16T07:00:00Z,0.050200000,0.055900000,0.063600000,0.048100000,619520
2021-04-19T07:00:00Z,0.056100000,0.055400000,0.061500000,0.054100000,197672
2021-04-20T07:00:00Z,0.057100000,0.053000000,0.057100000,0.052000000,50048
2021-04-21T07:00:00Z,0.053800000,0.052600000,0.053900000,0.051100000,36906
2021-04-22T07:00:00Z,0.052800000,0.051900000,0.054800000,0.050500000,36319
2021-04-23T07:00:00Z,0.052000000,0.050400000,0.052900000,0.050000000,41474
2021-04-26T07:00:00Z,0.050000000,0.048200000,0.050700000,0.047000000,113719
2021-04-27T07:00:00Z,0.048300000,0.047900000,0.049100000,0.047300000,27244
2021-04-28T07:00:00Z,0.047900000,0.047300000,0.048000000,0.046400000,22344
2021-04-29T07:00:00Z,0.047400000,0.047400000,0.047700000,0.047100000,5979
2021-04-30T07:00:00Z,0.047600000,0.047400000,0.047700000,0.047000000,5450
2021-05-04T07:00:00Z,0.047600000,0.047400000,0.048100000,0.047100000,13005
2021-05-05T07:00:00Z,0.047800000,0.047800000,0.051000000,0.047400000,46385
2021-05-06T07:00:00Z,0.048200000,0.048000000,0.048400000,0.047200000,11255
2021-05-07T07:00:00Z,0.048300000,0.048300000,0.048900000,0.047500000,6972
2021-05-10T07:00:00Z,0.048600000,0.048100000,0.048600000,0.047600000,10346
2021-05-11T07:00:00Z,0.047700000,0.047500000,0.048500000,0.047000000,20844
2021-05-12T07:00:00Z,0.047400000,0.046800000,0.047800000,0.046500000,25770
2021-05-13T07:00:00Z,0.047200000,0.046600000,0.047200000,0.046200000,9730
2021-05-14T07:00:00Z,0.046700000,0.046800000,0.047000000,0.046200000,13331
2021-05-17T07:00:00Z,0.046800000,0.046900000,0.047100000,0.046300000,8085
2021-05-18T07:00:00Z,0.047100000,0.048300000,0.050600000,0.046600000,36070
2021-05-19T07:00:00Z,0.048200000,0.047200000,0.049300000,0.046500000,28146
2021-05-20T07:00:00Z,0.047500000,0.047800000,0.048800000,0.046600000,21405
2021-05-21T07:00:00Z,0.048000000,0.047800000,0.050000000,0.047200000,41031
2021-05-24T07:00:00Z,0.047700000,0.048200000,0.048900000,0.047600000,6358
2021-05-25T07:00:00Z,0.048200000,0.051800000,0.054500000,0.048100000,173615
2021-05-26T07:00:00Z,0.052400000,0.053100000,0.058100000,0.051800000,178621
2021-05-27T07:00:00Z,0.053200000,0.056000000,0.058900000,0.053000000,164379
2021-05-28T07:00:00Z,0.058800000,0.055900000,0.059700000,0.053900000,44691
2021-05-31T07:00:00Z,0.055900000,0.052000000,0.058400000,0.050600000,58533
2021-06-01T07:00:00Z,0.052400000,0.051300000,0.052600000,0.050000000,32093
2021-06-02T07:00:00Z,0.052500000,0.050200000,0.052500000,0.050100000,18557
2021-06-03T07:00:00Z,0.050800000,0.054100000,0.056000000,0.050300000,70386
2021-06-04T07:00:00Z,0.054100000,0.051800000,0.054100000,0.050800000,61790
2021-06-07T07:00:00Z,0.052700000,0.050900000,0.052700000,0.050500000,12742
2021-06-08T07:00:00Z,0.051000000,0.053800000,0.059000000,0.050100000,106542
2021-06-09T07:00:00Z,0.054700000,0.055900000,0.058900000,0.053800000,91652
2021-06-10T07:00:00Z,0.056900000,0.056400000,0.057800000,0.054600000,15703
2021-06-11T07:00:00Z,0.058400000,0.058900000,0.062000000,0.055800000,87165
2021-06-14T07:00:00Z,0.058900000,0.057900000,0.061500000,0.057000000,22144
2021-06-15T07:00:00Z,0.057900000,0.058200000,0.060800000,0.056600000,21176
2021-06-16T07:00:00Z,0.058900000,0.066500000,0.067000000,0.056200000,210135
2021-06-17T07:00:00Z,0.066500000,0.060000000,0.069900000,0.059500000,145869
2021-06-18T07:00:00Z,0.060000000,0.060400000,0.065400000,0.059000000,67304
2021-06-21T07:00:00Z,0.060400000,0.061200000,0.066000000,0.059600000,35251
2021-06-22T07:00:00Z,0.062700000,0.061200000,0.064900000,0.059000000,34522
2021-06-23T07:00:00Z,0.061600000,0.062200000,0.064500000,0.059400000,48624
2021-06-24T07:00:00Z,0.063000000,0.060500000,0.064000000,0.060000000,23071
2021-06-25T07:00:00Z,0.061700000,0.059400000,0.061900000,0.058100000,38624
2021-06-28T07:00:00Z,0.059000000,0.058400000,0.060000000,0.058000000,19640
2021-06-29T07:00:00Z,0.058000000,0.058300000,0.059500000,0.057600000,5555
2021-06-30T07:00:00Z,0.058500000,0.057500000,0.058500000,0.057000000,10029
2021-07-01T07:00:00Z,0.057000000,0.058400000,0.065000000,0.057000000,72265
2021-07-02T07:00:00Z,0.058300000,0.058600000,0.060800000,0.056900000,34055
2021-07-05T07:00:00Z,0.058600000,0.058600000,0.059300000,0.054200000,14689
2021-07-06T07:00:00Z,0.058400000,0.058100000,0.060500000,0.057600000,10395
2021-07-07T07:00:00Z,0.057600000,0.058800000,0.059300000,0.057600000,9734
2021-07-08T07:00:00Z,0.059000000,0.059500000,0.061000000,0.058000000,24005
2021-07-09T07:00:00Z,0.059500000,0.058500000,0.059500000,0.057100000,6722
2021-07-12T07:00:00Z,0.058600000,0.057000000,0.058600000,0.056400000,11986
2021-07-13T07:00:00Z,0.057700000,0.058200000,0.058500000,0.056000000,22617
2021-07-14T07:00:00Z,0.058500000,0.056600000,0.058500000,0.055300000,14235
2021-07-15T07:00:00Z,0.058000000,0.055900000,0.058000000,0.055700000,4973
2021-07-16T07:00:00Z,0.055900000,0.056600000,0.057500000,0.055000000,6963
2021-07-19T07:00:00Z,0.057500000,0.054600000,0.057500000,0.054000000,6700
2021-07-20T07:00:00Z,0.055900000,0.053400000,0.056400000,0.051600000,18520
2021-07-21T07:00:00Z,0.055400000,0.054900000,0.056400000,0.053200000,9936
2021-07-22T07:00:00Z,0.056300000,0.056800000,0.058200000,0.054300000,14019
2021-07-23T07:00:00Z,0.056800000,0.056500000,0.056900000,0.055000000,5288
2021-07-26T07:00:00Z,0.056500000,0.055200000,0.056500000,0.053000000,17276
2021-07-27T07:00:00Z,0.057000000,0.053800000,0.057000000,0.053600000,5377
2021-07-28T07:00:00Z,0.054600000,0.058900000,0.060300000,0.053800000,69633
2021-07-29T07:00:00Z,0.058900000,0.068500000,0.069100000,0.058200000,261488
2021-07-30T07:00:00Z,0.068700000,0.064600000,0.079500000,0.063200000,465333
2021-08-02T07:00:00Z,0.064600000,0.059600000,0.068300000,0.059200000,123637
2021-08-03T07:00:00Z,0.060900000,0.058300000,0.061000000,0.056900000,32117
2021-08-04T07:00:00Z,0.059800000,0.059700000,0.063800000,0.058100000,92903
2021-08-05T07:00:00Z,0.059700000,0.058700000,0.060800000,0.057000000,32691
2021-08-06T07:00:00Z,0.058700000,0.057500000,0.058700000,0.056100000,43722
2021-08-09T07:00:00Z,0.057500000,0.059300000,0.061000000,0.056700000,89368
2021-08-10T07:00:00Z,0.060100000,0.060300000,0.065100000,0.059100000,64496
2021-08-11T07:00:00Z,0.060000000,0.063600000,0.065600000,0.060000000,102958
2021-08-12T07:00:00Z,0.063600000,0.066200000,0.066600000,0.062600000,21564
2021-08-13T07:00:00Z,0.066100000,0.064200000,0.067000000,0.063500000,31341
2021-08-16T07:00:00Z,0.064200000,0.062300000,0.065000000,0.061600000,14662
2021-08-17T07:00:00Z,0.063600000,0.059200000,0.063700000,0.057500000,73087
2021-08-18T07:00:00Z,0.060000000,0.058400000,0.060500000,0.057500000,72310
2021-08-19T07:00:00Z,0.058500000,0.057200000,0.059400000,0.055800000,45006
2021-08-20T07:00:00Z,0.057200000,0.058200000,0.061300000,0.056500000,48769
2021-08-23T07:00:00Z,0.058200000,0.058100000,0.060000000,0.056000000,49383
2021-08-24T07:00:00Z,0.058100000,0.058000000,0.058400000,0.057400000,19617
2021-08-25T07:00:00Z,0.058000000,0.058200000,0.059300000,0.057400000,15117
2021-08-26T07:00:00Z,0.058200000,0.057800000,0.058800000,0.057000000,17661
2021-08-27T07:00:00Z,0.057800000,0.056300000,0.059100000,0.055500000,56607
2021-08-30T07:00:00Z,0.056000000,0.056400000,0.056900000,0.054900000,17936
2021-08-31T07:00:00Z,0.056400000,0.057200000,0.060800000,0.055500000,70885
2021-09-01T07:00:00Z,0.058100000,0.058000000,0.061300000,0.057200000,33234
2021-09-02T07:00:00Z,0.057200000,0.058100000,0.058700000,0.057200000,5867
2021-09-03T07:00:00Z,0.058800000,0.059800000,0.060900000,0.058100000,21904
2021-09-06T07:00:00Z,0.060900000,0.058500000,0.062500000,0.058000000,26022
2021-09-07T07:00:00Z,0.058500000,0.058800000,0.062400000,0.057200000,45859
2021-09-08T07:00:00Z,0.058800000,0.059000000,0.059900000,0.058300000,14709
2021-09-09T07:00:00Z,0.058700000,0.058800000,0.060500000,0.058400000,11678
2021-09-10T07:00:00Z,0.058900000,0.059100000,0.059300000,0.058500000,4383
2021-09-13T07:00:00Z,0.059100000,0.058700000,0.059800000,0.058400000,6789
2021-09-14T07:00:00Z,0.059700000,0.058500000,0.059700000,0.058100000,8998
2021-09-15T07:00:00Z,0.058400000,0.058400000,0.058500000,0.057400000,6583
2021-09-16T07:00:00Z,0.058400000,0.058200000,0.058800000,0.057800000,8554
2021-09-17T07:00:00Z,0.058200000,0.057700000,0.058500000,0.057000000,23594
2021-09-20T07:00:00Z,0.057700000,0.057700000,0.062900000,0.054600000,104475
2021-09-21T07:00:00Z,0.057700000,0.058400000,0.059800000,0.057200000,15060
2021-09-22T07:00:00Z,0.059600000,0.058700000,0.059800000,0.057500000,7836
2021-09-23T07:00:00Z,0.058800000,0.056500000,0.059800000,0.054800000,86698
2021-09-24T07:00:00Z,0.056600000,0.056300000,0.057800000,0.054100000,37619
2021-09-27T07:00:00Z,0.057200000,0.058400000,0.060700000,0.056300000,51238
2021-09-28T07:00:00Z,0.058400000,0.058000000,0.059900000,0.057500000,18567
2021-09-29T07:00:00Z,0.058000000,0.062700000,0.063800000,0.057500000,128071
2021-09-30T07:00:00Z,0.062700000,0.061000000,0.065000000,0.058200000,96569
2021-10-01T07:00:00Z,0.061000000,0.059300000,0.062000000,0.057900000,20442
2021-10-04T07:00:00Z,0.059800000,0.059900000,0.062000000,0.059300000,27411
2021-10-05T07:00:00Z,0.059900000,0.059900000,0.061900000,0.058100000,12519
2021-10-06T07:00:00Z,0.061500000,0.060100000,0.061700000,0.058400000,14858
2021-10-07T07:00:00Z,0.060100000,0.059300000,0.061300000,0.058200000,12241
2021-10-08T07:00:00Z,0.059100000,0.059100000,0.060300000,0.058200000,12086
2021-10-11T07:00:00Z,0.059200000,0.058300000,0.060000000,0.058000000,22885
2021-10-12T07:00:00Z,0.058300000,0.058000000,0.058700000,0.056000000,38134
2021-10-13T07:00:00Z,0.058000000,0.056500000,0.058500000,0.055800000,82669
2021-10-14T07:00:00Z,0.056600000,0.057000000,0.057500000,0.054100000,62357
2021-10-15T07:00:00Z,0.057000000,0.058600000,0.062000000,0.056500000,155012
2021-10-18T07:00:00Z,0.058600000,0.058400000,0.059200000,0.057200000,22504
2021-10-19T07:00:00Z,0.058500000,0.059300000,0.059700000,0.057800000,9136
2021-10-20T07:00:00Z,0.059300000,0.066000000,0.072000000,0.058000000,224967
2021-10-21T07:00:00Z,0.066500000,0.059400000,0.066500000,0.058100000,142623
2021-10-22T07:00:00Z,0.059700000,0.060700000,0.063700000,0.058600000,113561
2021-10-25T07:00:00Z,0.062600000,0.059600000,0.062800000,0.058500000,44135
2021-10-26T07:00:00Z,0.059500000,0.059800000,0.060500000,0.058500000,32445
2021-10-27T07:00:00Z,0.059800000,0.059400000,0.060200000,0.058000000,20473
2021-10-28T07:00:00Z,0.059400000,0.059400000,0.060300000,0.057500000,32930
2021-10-29T07:00:00Z,0.059000000,0.059700000,0.062300000,0.058500000,31926
2021-11-01T07:00:00Z,0.060000000,0.061100000,0.064000000,0.058500000,76764
2021-11-02T07:00:00Z,0.061100000,0.060000000,0.061800000,0.059000000,32012
2021-11-03T07:00:00Z,0.060000000,0.059900000,0.061200000,0.059700000,15819
2021-11-05T07:00:00Z,0.060400000,0.059600000,0.060500000,0.059000000,5781
2021-11-08T07:00:00Z,0.059600000,0.057700000,0.060000000,0.055900000,30036
2021-11-09T07:00:00Z,0.057700000,0.058200000,0.058800000,0.057400000,13726
2021-11-10T07:00:00Z,0.058200000,0.057700000,0.058500000,0.056600000,19282
2021-11-11T07:00:00Z,0.057700000,0.057500000,0.058500000,0.056700000,13946
2021-11-12T07:00:00Z,0.057500000,0.058600000,0.060000000,0.055500000,61071
2021-11-15T07:00:00Z,0.058900000,0.059300000,0.060400000,0.057000000,22258
2021-11-16T07:00:00Z,0.059300000,0.059200000,0.060500000,0.058200000,18544
2021-11-17T07:00:00Z,0.059300000,0.058000000,0.059300000,0.056000000,35620
2021-11-18T07:00:00Z,0.058000000,0.058300000,0.058300000,0.057300000,18336
2021-11-19T07:00:00Z,0.058200000,0.057800000,0.058200000,0.057100000,7760
2021-11-22T07:00:00Z,0.057800000,0.057300000,0.058500000,0.056500000,8597
2021-11-23T07:00:00Z,0.057300000,0.057500000,0.057800000,0.054800000,78931
2021-11-24T07:00:00Z,0.057500000,0.057400000,0.058700000,0.056600000,7044
2021-11-25T07:00:00Z,0.057500000,0.056900000,0.058100000,0.056500000,16838
2021-11-26T07:00:00Z,0.057400000,0.055300000,0.057400000,0.054900000,32726
2021-11-29T07:00:00Z,0.055500000,0.055600000,0.056400000,0.055000000,10328
2021-11-30T07:00:00Z,0.055900000,0.054100000,0.056100000,0.048500000,62293
2021-12-01T07:00:00Z,0.054000000,0.053500000,0.055200000,0.052500000,19417
2021-12-02T07:00:00Z,0.054100000,0.054600000,0.055300000,0.052900000,10205
2021-12-03T07:00:00Z,0.049100000,0.032800000,0.049100000,0.032800000,237950
2021-12-06T07:00:00Z,0.029500000,0.022300000,0.029500000,0.019700000,1154290
2021-12-07T07:00:00Z,0.022300000,0.025100000,0.027800000,0.021000000,272730
2021-12-08T07:00:00Z,0.025300000,0.032800000,0.035100000,0.025200000,827405
2021-12-09T07:00:00Z,0.032500000,0.035700000,0.039500000,0.028500000,894526
2021-12-10T07:00:00Z,0.035700000,0.033000000,0.041400000,0.031400000,366150
2021-12-13T07:00:00Z,0.035100000,0.031700000,0.038000000,0.028000000,393213
2021-12-14T07:00:00Z,0.031700000,0.029600000,0.033000000,0.028000000,193804
2021-12-15T07:00:00Z,0.030000000,0.030600000,0.034100000,0.029600000,122034
2021-12-16T07:00:00Z,0.031100000,0.030700000,0.033300000,0.029900000,119497
2021-12-17T07:00:00Z,0.032500000,0.030400000,0.032500000,0.027400000,89795
2021-12-20T07:00:00Z,0.030400000,0.029200000,0.030400000,0.027700000,69271
2021-12-21T07:00:00Z,0.029800000,0.027400000,0.030200000,0.026400000,72826
2021-12-22T07:00:00Z,0.027500000,0.026200000,0.028400000,0.025700000,91418
2021-12-23T07:00:00Z,0.026900000,0.025500000,0.027300000,0.024600000,108844
2021-12-24T07:00:00Z,0.026300000,0.024800000,0.026300000,0.023200000,142508
2021-12-27T07:00:00Z,0.026500000,0.026700000,0.030800000,0.022600000,368836
2021-12-28T07:00:00Z,0.027000000,0.025800000,0.028300000,0.024800000,110383
2021-12-29T07:00:00Z,0.025800000,0.024800000,0.026000000,0.022000000,149408
2021-12-30T07:00:00Z,0.025400000,0.026200000,0.029300000,0.024400000,238580
2022-01-03T07:00:00Z,0.026800000,0.026900000,0.027800000,0.025400000,49967
2022-01-04T07:00:00Z,0.027400000,0.027100000,0.029000000,0.026000000,84881
2022-01-05T07:00:00Z,0.027000000,0.026700000,0.027800000,0.026200000,47892
2022-01-06T07:00:00Z,0.027400000,0.026400000,0.027900000,0.024900000,49198
2022-01-10T07:00:00Z,0.026400000,0.026400000,0.026800000,0.026000000,15615
2022-01-11T07:00:00Z,0.026500000,0.026000000,0.027200000,0.025000000,27816
2022-01-12T07:00:00Z,0.026300000,0.025100000,0.026300000,0.024500000,57139
2022-01-13T07:00:00Z,0.025300000,0.024200000,0.025300000,0.023800000,69737
2022-01-14T07:00:00Z,0.024200000,0.022800000,0.024400000,0.020500000,131054
2022-01-17T07:00:00Z,0.022800000,0.021700000,0.023600000,0.021200000,87036
2022-01-18T07:00:00Z,0.022200000,0.019000000,0.022300000,0.019000000,101018
2022-01-19T07:00:00Z,0.019300000,0.020200000,0.023500000,0.018800000,205263
2022-01-20T07:00:00Z,0.020500000,0.019900000,0.021000000,0.019500000,37046
2022-01-21T07:00:00Z,0.020100000,0.019300000,0.020200000,0.018200000,49263
2022-01-24T07:00:00Z,0.019400000,0.017900000,0.019500000,0.017200000,63252
2022-01-25T07:00:00Z,0.018300000,0.017600000,0.018600000,0.017300000,19579
2022-01-26T07:00:00Z,0.017900000,0.016500000,0.018000000,0.016000000,94625
2022-01-27T07:00:00Z,0.016800000,0.018300000,0.020900000,0.016100000,446959
2022-01-28T07:00:00Z,0.018300000,0.021700000,0.025300000,0.018300000,845718
2022-01-31T07:00:00Z,0.021800000,0.021500000,0.024700000,0.020300000,209667
2022-02-01T07:00:00Z,0.021800000,0.019700000,0.022100000,0.018700000,118359
2022-02-02T07:00:00Z,0.020400000,0.019200000,0.020500000,0.019000000,67740
2022-02-03T07:00:00Z,0.019200000,0.019000000,0.019500000,0.018700000,17185
2022-02-04T07:00:00Z,0.019300000,0.018700000,0.020600000,0.018300000,106690
2022-02-07T07:00:00Z,0.018900000,0.018800000,0.020300000,0.017700000,72811
2022-02-08T07:00:00Z,0.018900000,0.019000000,0.019300000,0.018500000,20086
2022-02-09T07:00:00Z,0.019000000,0.019000000,0.019500000,0.018300000,33764
2022-02-10T07:00:00Z,0.019000000,0.018300000,0.019000000,0.017600000,89492
2022-02-11T07:00:00Z,0.018500000,0.018100000,0.018900000,0.017800000,29490
2022-02-14T07:00:00Z,0.018600000,0.017700000,0.018600000,0.017000000,36190
2022-02-15T07:00:00Z,0.017700000,0.018200000,0.018500000,0.017700000,18138
2022-02-16T07:00:00Z,0.018300000,0.018100000,0.018600000,0.016900000,55193
2022-02-17T07:00:00Z,0.018100000,0.018000000,0.018400000,0.017400000,20258
2022-02-18T07:00:00Z,0.018000000,0.016900000,0.018000000,0.016400000,92818
2022-02-21T07:00:00Z,0.016900000,0.016400000,0.017500000,0.015100000,61175
2022-02-22T07:00:00Z,0.016300000,0.014700000,0.016300000,0.013600000,65542
2022-02-24T07:00:00Z,0.014400000,0.009200000,0.014600000,0.008900000,112328
2022-02-25T07:00:00Z,0.010800000,0.012800000,0.012800000,0.009300000,86298
