2018-03-07T07:00:00Z,17.750000000,17.700000000,17.800000000,17.450000000,145
2018-03-09T07:00:00Z,17.750000000,17.800000000,17.800000000,17.600000000,8
2018-03-12T07:00:00Z,18.250000000,17.750000000,18.250000000,17.750000000,479
2018-03-13T07:00:00Z,17.750000000,17.500000000,18.000000000,17.500000000,366
2018-03-14T07:00:00Z,17.650000000,18.000000000,18.000000000,17.600000000,1753
2018-03-15T07:00:00Z,17.800000000,17.550000000,17.800000000,17.500000000,916
2018-03-16T07:00:00Z,17.500000000,17.400000000,17.500000000,17.400000000,242
2018-03-19T07:00:00Z,17.550000000,17.550000000,17.900000000,17.450000000,147
2018-03-20T07:00:00Z,17.550000000,17.550000000,17.650000000,17.500000000,337
2018-03-21T07:00:00Z,17.500000000,17.450000000,17.550000000,17.350000000,1676
2018-03-22T07:00:00Z,17.350000000,17.500000000,17.500000000,17.300000000,461
2018-03-23T07:00:00Z,17.500000000,17.400000000,17.500000000,17.350000000,60
2018-03-27T07:00:00Z,17.400000000,17.400000000,17.500000000,17.300000000,56
2018-03-28T07:00:00Z,17.550000000,17.250000000,17.550000000,17.250000000,101
2018-03-29T07:00:00Z,17.500000000,17.200000000,17.500000000,17.150000000,748
2018-03-30T07:00:00Z,17.200000000,17.200000000,17.350000000,17.150000000,392
2018-04-02T07:00:00Z,17.350000000,17.100000000,17.350000000,16.950000000,3191
2018-04-03T07:00:00Z,17.050000000,17.150000000,17.250000000,17.050000000,128
2018-04-04T07:00:00Z,17.200000000,17.000000000,17.200000000,17.000000000,42
2018-04-05T07:00:00Z,17.100000000,17.050000000,17.100000000,16.900000000,163
2018-04-06T07:00:00Z,17.100000000,17.050000000,17.100000000,17.000000000,384
2018-04-09T07:00:00Z,17.000000000,16.450000000,17.000000000,15.850000000,6859
2018-04-10T07:00:00Z,16.500000000,16.300000000,17.100000000,16.050000000,1713
2018-04-11T07:00:00Z,16.350000000,16.650000000,17.000000000,16.350000000,555
2018-04-12T07:00:00Z,16.700000000,17.000000000,17.000000000,16.650000000,1137
2018-04-13T07:00:00Z,16.900000000,16.850000000,17.000000000,16.750000000,141
2018-04-16T07:00:00Z,16.800000000,16.850000000,16.950000000,16.800000000,104
2018-04-17T07:00:00Z,16.800000000,16.900000000,17.250000000,16.450000000,1012
2018-04-18T07:00:00Z,16.800000000,17.200000000,17.200000000,16.700000000,708
2018-04-19T07:00:00Z,17.150000000,17.050000000,17.150000000,17.000000000,138
2018-04-20T07:00:00Z,17.050000000,16.800000000,17.050000000,16.750000000,181
2018-04-23T07:00:00Z,16.950000000,17.050000000,17.500000000,16.950000000,94
2018-04-24T07:00:00Z,17.200000000,17.150000000,17.300000000,17.050000000,230
2018-04-25T07:00:00Z,17.350000000,17.300000000,17.350000000,17.000000000,226
2018-04-26T07:00:00Z,16.950000000,16.900000000,17.000000000,16.750000000,1327
2018-04-27T07:00:00Z,16.900000000,16.900000000,17.050000000,16.900000000,314
2018-04-28T07:00:00Z,16.950000000,16.950000000,16.950000000,16.900000000,17
2018-04-30T07:00:00Z,17.100000000,17.100000000,17.100000000,17.100000000,2
2018-05-02T07:00:00Z,17.150000000,17.150000000,17.150000000,17.100000000,1
2018-05-03T07:00:00Z,17.000000000,17.050000000,17.050000000,16.650000000,25
2018-05-04T07:00:00Z,17.100000000,17.000000000,17.100000000,16.750000000,563
2018-05-07T07:00:00Z,17.000000000,17.400000000,17.400000000,16.950000000,41
2018-05-08T07:00:00Z,17.150000000,16.950000000,17.150000000,16.800000000,165
2018-05-10T07:00:00Z,16.950000000,16.800000000,16.950000000,16.700000000,21
2018-05-11T07:00:00Z,16.750000000,16.700000000,16.900000000,16.550000000,491
2018-05-14T07:00:00Z,16.900000000,16.950000000,16.950000000,16.800000000,34
2018-05-15T07:00:00Z,16.800000000,16.100000000,16.800000000,15.800000000,3870
2018-05-16T07:00:00Z,16.100000000,16.250000000,16.500000000,16.050000000,253
2018-05-17T07:00:00Z,16.250000000,16.350000000,16.500000000,16.200000000,519
2018-05-18T07:00:00Z,16.450000000,16.450000000,16.500000000,16.200000000,848
2018-05-21T07:00:00Z,16.500000000,16.400000000,16.500000000,16.400000000,2
2018-05-22T07:00:00Z,16.400000000,16.450000000,16.500000000,16.300000000,1003
2018-05-23T07:00:00Z,16.400000000,16.500000000,16.600000000,16.400000000,41
2018-05-24T07:00:00Z,16.400000000,16.350000000,16.600000000,16.250000000,218
2018-05-25T07:00:00Z,16.400000000,16.600000000,16.600000000,16.350000000,51
2018-05-28T07:00:00Z,16.500000000,16.450000000,16.700000000,16.450000000,9
2018-05-29T07:00:00Z,16.450000000,16.300000000,16.650000000,16.250000000,940
2018-05-30T07:00:00Z,16.350000000,16.400000000,16.450000000,16.000000000,3125
2018-05-31T07:00:00Z,16.350000000,16.450000000,16.450000000,16.350000000,1345
2018-06-01T07:00:00Z,16.400000000,16.500000000,16.500000000,16.400000000,168
2018-06-04T07:00:00Z,16.600000000,16.700000000,16.700000000,16.600000000,50
2018-06-05T07:00:00Z,16.550000000,16.650000000,16.850000000,16.450000000,34
2018-06-06T07:00:00Z,16.650000000,16.350000000,16.750000000,16.350000000,117
2018-06-07T07:00:00Z,16.400000000,16.850000000,17.100000000,16.350000000,748
2018-06-08T07:00:00Z,16.550000000,16.250000000,16.750000000,16.000000000,4573
2018-06-09T07:00:00Z,16.050000000,16.350000000,16.400000000,16.050000000,229
2018-06-11T07:00:00Z,16.350000000,16.300000000,16.350000000,16.250000000,32
2018-06-13T07:00:00Z,16.400000000,16.500000000,16.500000000,16.400000000,113
2018-06-14T07:00:00Z,16.450000000,16.400000000,16.450000000,16.400000000,43
2018-06-15T07:00:00Z,16.600000000,16.150000000,16.600000000,15.900000000,1053
2018-06-18T07:00:00Z,16.250000000,16.450000000,16.500000000,16.250000000,487
2018-06-19T07:00:00Z,16.450000000,16.200000000,16.550000000,16.000000000,875
2018-06-20T07:00:00Z,16.450000000,16.000000000,16.450000000,15.750000000,2551
2018-06-21T07:00:00Z,16.350000000,16.400000000,16.450000000,16.050000000,754
2018-06-22T07:00:00Z,16.250000000,16.450000000,16.500000000,16.250000000,650
2018-06-25T07:00:00Z,16.350000000,16.500000000,16.500000000,16.150000000,846
2018-06-26T07:00:00Z,16.400000000,16.250000000,16.550000000,15.950000000,1805
2018-06-27T07:00:00Z,16.350000000,16.350000000,16.400000000,16.250000000,721
2018-06-28T07:00:00Z,16.400000000,16.350000000,16.400000000,16.200000000,61
2018-06-29T07:00:00Z,16.350000000,16.300000000,16.350000000,16.050000000,129
2018-07-02T07:00:00Z,16.050000000,16.100000000,16.300000000,15.900000000,1065
2018-07-03T07:00:00Z,15.750000000,16.050000000,16.050000000,15.750000000,806
2018-07-04T07:00:00Z,16.100000000,16.150000000,16.150000000,15.850000000,120
2018-07-05T07:00:00Z,16.100000000,16.150000000,16.150000000,16.000000000,106
2018-07-06T07:00:00Z,15.850000000,15.950000000,16.200000000,15.750000000,2409
2018-07-09T07:00:00Z,15.850000000,15.850000000,15.850000000,15.750000000,1184
2018-07-10T07:00:00Z,15.750000000,15.800000000,16.000000000,15.750000000,891
2018-07-11T07:00:00Z,15.700000000,15.850000000,15.850000000,15.600000000,345
2018-07-12T07:00:00Z,15.900000000,15.800000000,15.950000000,15.650000000,328
2018-07-13T07:00:00Z,15.750000000,15.900000000,15.900000000,15.750000000,1269
2018-07-16T07:00:00Z,16.000000000,15.850000000,16.000000000,15.700000000,101
2018-07-17T07:00:00Z,16.000000000,15.950000000,16.000000000,15.850000000,322
2018-07-18T07:00:00Z,15.900000000,15.950000000,16.000000000,15.850000000,113
2018-07-19T07:00:00Z,16.000000000,15.900000000,16.200000000,15.800000000,400
2018-07-20T07:00:00Z,16.250000000,16.050000000,16.250000000,15.950000000,41
2018-07-23T07:00:00Z,16.050000000,15.900000000,16.050000000,15.900000000,83
2018-07-24T07:00:00Z,15.850000000,16.100000000,16.250000000,15.850000000,114
2018-07-25T07:00:00Z,16.000000000,16.600000000,17.350000000,15.950000000,2400
2018-07-26T07:00:00Z,16.300000000,16.600000000,16.600000000,16.250000000,122
2018-07-27T07:00:00Z,16.600000000,16.450000000,16.600000000,16.250000000,206
2018-07-30T07:00:00Z,16.550000000,16.350000000,16.550000000,16.350000000,187
2018-07-31T07:00:00Z,16.350000000,16.450000000,16.450000000,16.250000000,304
2018-08-01T07:00:00Z,16.500000000,16.150000000,16.500000000,16.050000000,223
2018-08-02T07:00:00Z,16.350000000,16.000000000,16.350000000,16.000000000,177
2018-08-03T07:00:00Z,16.000000000,16.000000000,16.250000000,15.800000000,122
2018-08-06T07:00:00Z,16.300000000,16.300000000,16.300000000,15.950000000,106
2018-08-07T07:00:00Z,16.050000000,16.000000000,16.300000000,15.800000000,472
2018-08-08T07:00:00Z,16.000000000,15.950000000,16.050000000,15.850000000,6
2018-08-09T07:00:00Z,15.900000000,15.850000000,15.900000000,15.650000000,335
2018-08-10T07:00:00Z,15.700000000,15.650000000,16.000000000,15.200000000,1024
2018-08-13T07:00:00Z,15.800000000,15.350000000,15.800000000,15.150000000,3174
2018-08-14T07:00:00Z,15.500000000,15.400000000,15.500000000,15.150000000,314
2018-08-15T07:00:00Z,15.450000000,15.450000000,15.550000000,15.300000000,838
2018-08-16T07:00:00Z,15.400000000,15.450000000,15.450000000,15.400000000,3
2018-08-17T07:00:00Z,15.400000000,15.500000000,15.500000000,15.200000000,14
2018-08-20T07:00:00Z,15.550000000,15.300000000,15.600000000,15.300000000,10
2018-08-22T07:00:00Z,15.700000000,15.600000000,17.500000000,15.550000000,424
2018-08-23T07:00:00Z,15.450000000,14.750000000,16.150000000,14.500000000,1575
2018-08-24T07:00:00Z,14.800000000,15.000000000,15.700000000,14.150000000,493
2018-08-27T07:00:00Z,14.900000000,14.950000000,15.100000000,14.900000000,14
2018-08-28T07:00:00Z,14.950000000,15.100000000,15.300000000,14.950000000,27
2018-08-29T07:00:00Z,15.250000000,15.000000000,15.250000000,14.850000000,92
2018-08-30T07:00:00Z,15.000000000,14.900000000,15.000000000,14.900000000,440
2018-08-31T07:00:00Z,15.100000000,14.950000000,15.100000000,14.950000000,103
2018-09-03T07:00:00Z,15.000000000,15.050000000,15.150000000,14.950000000,53
2018-09-04T07:00:00Z,15.150000000,15.050000000,15.150000000,15.050000000,10
2018-09-05T07:00:00Z,15.450000000,15.050000000,15.450000000,14.900000000,557
2018-09-06T07:00:00Z,15.100000000,14.950000000,15.100000000,14.950000000,311
2018-09-07T07:00:00Z,14.950000000,14.800000000,14.950000000,14.600000000,414
2018-09-10T07:00:00Z,14.850000000,14.800000000,14.950000000,14.750000000,31
2018-09-11T07:00:00Z,15.050000000,14.600000000,15.050000000,14.550000000,115
2018-09-12T07:00:00Z,14.650000000,14.700000000,14.700000000,14.600000000,10
2018-09-13T07:00:00Z,14.950000000,14.950000000,14.950000000,14.750000000,466
2018-09-14T07:00:00Z,14.950000000,14.950000000,14.950000000,14.850000000,22
2018-09-17T07:00:00Z,14.900000000,14.850000000,14.950000000,14.850000000,18
2018-09-18T07:00:00Z,14.900000000,14.900000000,15.100000000,14.900000000,196
2018-09-19T07:00:00Z,15.100000000,15.150000000,15.150000000,14.950000000,152
2018-09-20T07:00:00Z,15.150000000,15.300000000,15.300000000,15.000000000,166
2018-09-21T07:00:00Z,15.200000000,15.150000000,15.200000000,15.150000000,37
2018-09-24T07:00:00Z,15.250000000,15.000000000,15.250000000,14.950000000,127
2018-09-25T07:00:00Z,14.850000000,14.750000000,15.000000000,14.750000000,826
2018-09-26T07:00:00Z,14.800000000,14.650000000,14.900000000,14.500000000,3035
2018-09-27T07:00:00Z,14.550000000,13.450000000,14.550000000,13.100000000,11714
2018-09-28T07:00:00Z,13.750000000,14.350000000,14.500000000,13.250000000,2825
2018-10-01T07:00:00Z,14.250000000,14.200000000,14.950000000,14.050000000,1614
2018-10-02T07:00:00Z,14.550000000,14.600000000,14.700000000,14.500000000,756
2018-10-03T07:00:00Z,14.650000000,14.850000000,15.000000000,14.600000000,175
2018-10-04T07:00:00Z,14.800000000,14.600000000,15.150000000,14.300000000,530
2018-10-05T07:00:00Z,14.750000000,14.600000000,14.850000000,14.250000000,533
2018-10-08T07:00:00Z,14.500000000,14.500000000,14.950000000,14.400000000,160
2018-10-09T07:00:00Z,14.500000000,14.500000000,14.500000000,14.400000000,21
2018-10-10T07:00:00Z,14.400000000,14.200000000,14.500000000,14.200000000,285
2018-10-11T07:00:00Z,14.150000000,14.200000000,14.250000000,14.050000000,94
2018-10-12T07:00:00Z,14.450000000,14.200000000,14.450000000,14.050000000,247
2018-10-15T07:00:00Z,14.350000000,14.150000000,14.350000000,14.050000000,316
2018-10-16T07:00:00Z,14.200000000,14.500000000,15.050000000,14.100000000,3709
2018-10-17T07:00:00Z,14.250000000,14.250000000,14.900000000,14.250000000,339
2018-10-18T07:00:00Z,14.350000000,14.350000000,14.700000000,14.200000000,255
2018-10-19T07:00:00Z,14.600000000,14.400000000,14.600000000,14.000000000,671
2018-10-22T07:00:00Z,14.700000000,14.400000000,14.800000000,14.350000000,981
2018-10-23T07:00:00Z,14.450000000,14.150000000,14.450000000,14.050000000,615
2018-10-24T07:00:00Z,14.100000000,14.400000000,14.400000000,14.050000000,1004
2018-10-25T07:00:00Z,14.100000000,14.400000000,14.500000000,14.100000000,1106
2018-10-26T07:00:00Z,14.400000000,14.150000000,14.400000000,14.000000000,612
2018-10-29T07:00:00Z,14.000000000,14.400000000,14.500000000,14.000000000,237
2018-10-30T07:00:00Z,14.250000000,14.300000000,14.300000000,14.200000000,26
2018-10-31T07:00:00Z,14.350000000,14.250000000,14.400000000,14.250000000,8
2018-11-01T07:00:00Z,14.480000000,14.480000000,14.480000000,14.480000000,1
2018-11-02T07:00:00Z,14.280000000,14.300000000,14.440000000,14.260000000,63
2018-11-06T07:00:00Z,14.440000000,14.280000000,14.440000000,14.200000000,409
2018-11-07T07:00:00Z,14.300000000,14.320000000,14.320000000,14.200000000,557
2018-11-08T07:00:00Z,14.360000000,14.280000000,14.360000000,14.280000000,2
2018-11-09T07:00:00Z,14.340000000,14.260000000,14.340000000,14.260000000,5
2018-11-12T07:00:00Z,14.380000000,14.300000000,14.380000000,14.260000000,80
2018-11-13T07:00:00Z,14.380000000,14.040000000,14.380000000,14.040000000,1854
2018-11-14T07:00:00Z,14.040000000,14.200000000,14.300000000,14.040000000,46
2018-11-15T07:00:00Z,14.200000000,14.160000000,14.300000000,14.160000000,11
2018-11-16T07:00:00Z,14.080000000,14.180000000,14.240000000,14.080000000,11
2018-11-19T07:00:00Z,14.080000000,14.060000000,14.320000000,13.200000000,1778
2018-11-20T07:00:00Z,14.140000000,13.960000000,14.140000000,13.860000000,832
2018-11-21T07:00:00Z,13.960000000,13.900000000,13.960000000,13.900000000,133
2018-11-22T07:00:00Z,14.160000000,14.000000000,14.160000000,13.920000000,38
2018-11-23T07:00:00Z,14.380000000,14.180000000,14.420000000,13.980000000,228
2018-11-26T07:00:00Z,13.960000000,14.020000000,14.140000000,13.840000000,1344
2018-11-27T07:00:00Z,14.040000000,14.220000000,14.220000000,13.980000000,162
2018-11-28T07:00:00Z,14.220000000,14.240000000,14.260000000,14.220000000,87
2018-11-29T07:00:00Z,14.100000000,14.280000000,14.480000000,14.080000000,133
2018-11-30T07:00:00Z,14.500000000,14.760000000,15.240000000,14.360000000,1109
2018-12-03T07:00:00Z,15.140000000,14.520000000,15.140000000,14.500000000,198
2018-12-04T07:00:00Z,14.220000000,14.300000000,14.920000000,14.100000000,433
2018-12-05T07:00:00Z,14.340000000,14.200000000,14.340000000,14.100000000,172
2018-12-06T07:00:00Z,14.260000000,14.240000000,14.300000000,14.080000000,146
2018-12-07T07:00:00Z,14.240000000,14.140000000,14.240000000,14.120000000,336
2018-12-10T07:00:00Z,14.100000000,14.140000000,14.240000000,14.080000000,45
2018-12-11T07:00:00Z,14.060000000,14.140000000,14.140000000,14.060000000,107
2018-12-12T07:00:00Z,14.260000000,14.160000000,14.260000000,14.080000000,13
2018-12-13T07:00:00Z,14.060000000,14.000000000,14.160000000,13.800000000,5249
2018-12-14T07:00:00Z,14.200000000,14.180000000,14.580000000,14.100000000,409
2018-12-17T07:00:00Z,14.460000000,14.120000000,14.460000000,14.100000000,431
2018-12-18T07:00:00Z,14.100000000,14.400000000,14.400000000,14.100000000,3034
2018-12-19T07:00:00Z,14.300000000,14.240000000,14.380000000,14.140000000,92
2018-12-20T07:00:00Z,14.320000000,14.120000000,14.320000000,14.100000000,800
2018-12-21T07:00:00Z,14.380000000,14.100000000,14.380000000,14.100000000,350
2018-12-24T07:00:00Z,14.420000000,14.220000000,14.440000000,14.140000000,44
2018-12-25T07:00:00Z,14.120000000,13.880000000,14.180000000,13.600000000,3539
2018-12-26T07:00:00Z,13.640000000,13.800000000,14.020000000,13.640000000,226
2018-12-27T07:00:00Z,13.740000000,13.760000000,14.020000000,13.020000000,1727
2018-12-28T07:00:00Z,13.480000000,14.120000000,14.120000000,13.360000000,313
2018-12-29T07:00:00Z,13.980000000,14.020000000,14.100000000,13.820000000,38
2019-01-03T07:00:00Z,14.120000000,14.280000000,14.460000000,14.100000000,127
2019-01-04T07:00:00Z,14.100000000,14.100000000,14.460000000,13.800000000,1078
2019-01-08T07:00:00Z,14.220000000,14.140000000,14.220000000,13.900000000,151
2019-01-09T07:00:00Z,13.980000000,13.980000000,14.240000000,13.860000000,692
2019-01-10T07:00:00Z,14.000000000,14.080000000,14.080000000,13.980000000,68
2019-01-11T07:00:00Z,14.200000000,14.140000000,14.200000000,13.980000000,197
2019-01-14T07:00:00Z,14.200000000,14.200000000,14.280000000,14.040000000,338
2019-01-15T07:00:00Z,14.020000000,14.220000000,14.340000000,13.960000000,260
2019-01-16T07:00:00Z,14.200000000,14.360000000,14.480000000,14.080000000,867
2019-01-17T07:00:00Z,14.440000000,14.380000000,14.440000000,14.340000000,116
2019-01-18T07:00:00Z,14.120000000,14.280000000,14.360000000,14.100000000,223
2019-01-21T07:00:00Z,14.120000000,14.220000000,14.340000000,14.020000000,208
2019-01-22T07:00:00Z,14.160000000,14.140000000,14.220000000,14.060000000,82
2019-01-23T07:00:00Z,14.060000000,14.400000000,14.440000000,14.060000000,1456
2019-01-24T07:00:00Z,14.380000000,14.320000000,14.380000000,14.160000000,596
2019-01-25T07:00:00Z,14.400000000,14.300000000,14.400000000,14.240000000,137
2019-01-28T07:00:00Z,14.220000000,14.300000000,14.380000000,14.160000000,458
2019-01-29T07:00:00Z,14.360000000,14.200000000,14.360000000,14.080000000,679
2019-01-30T07:00:00Z,14.160000000,14.220000000,14.260000000,14.040000000,283
2019-01-31T07:00:00Z,14.160000000,14.160000000,14.260000000,14.060000000,487
2019-02-01T07:00:00Z,14.200000000,14.340000000,14.400000000,14.120000000,543
2019-02-04T07:00:00Z,14.340000000,14.400000000,14.460000000,14.220000000,882
2019-02-05T07:00:00Z,14.400000000,14.420000000,14.460000000,14.100000000,1278
2019-02-06T07:00:00Z,14.420000000,14.340000000,14.480000000,14.140000000,686
2019-02-07T07:00:00Z,14.120000000,14.360000000,14.440000000,14.120000000,309
2019-02-08T07:00:00Z,14.180000000,14.460000000,14.460000000,14.180000000,782
2019-02-11T07:00:00Z,14.440000000,14.440000000,14.480000000,14.160000000,397
2019-02-12T07:00:00Z,14.420000000,14.600000000,14.600000000,14.420000000,1270
2019-02-13T07:00:00Z,14.600000000,14.400000000,14.900000000,14.020000000,2509
2019-02-14T07:00:00Z,14.400000000,14.400000000,14.400000000,14.240000000,46
2019-02-15T07:00:00Z,14.720000000,14.320000000,14.720000000,14.280000000,21
2019-02-18T07:00:00Z,14.500000000,14.400000000,14.500000000,14.160000000,48
2019-02-19T07:00:00Z,14.540000000,14.400000000,14.540000000,14.220000000,102
2019-02-20T07:00:00Z,14.440000000,14.340000000,14.440000000,14.180000000,105
2019-02-21T07:00:00Z,14.400000000,14.040000000,14.400000000,13.900000000,2316
2019-02-22T07:00:00Z,14.120000000,14.020000000,14.120000000,13.940000000,387
2019-02-25T07:00:00Z,14.140000000,14.140000000,14.140000000,14.020000000,1018
2019-02-26T07:00:00Z,14.400000000,13.980000000,14.400000000,13.980000000,411
2019-02-27T07:00:00Z,14.000000000,13.920000000,14.120000000,13.860000000,1160
2019-02-28T07:00:00Z,13.900000000,14.320000000,14.360000000,13.900000000,427
2019-03-01T07:00:00Z,14.380000000,14.340000000,14.380000000,14.100000000,71
2019-03-04T07:00:00Z,14.320000000,14.380000000,14.400000000,14.020000000,742
2019-03-05T07:00:00Z,14.380000000,14.160000000,14.380000000,14.020000000,460
2019-03-06T07:00:00Z,14.360000000,14.180000000,14.360000000,14.020000000,991
2019-03-07T07:00:00Z,14.220000000,14.200000000,14.220000000,14.100000000,35
2019-03-11T07:00:00Z,14.360000000,15.580000000,16.740000000,14.020000000,11268
2019-03-12T07:00:00Z,14.700000000,15.860000000,15.920000000,13.980000000,5595
2019-03-13T07:00:00Z,15.720000000,15.820000000,15.880000000,15.520000000,2119
2019-03-14T07:00:00Z,15.400000000,15.100000000,15.760000000,15.100000000,879
2019-03-15T07:00:00Z,15.260000000,15.120000000,15.380000000,14.520000000,1583
2019-03-18T07:00:00Z,15.080000000,14.840000000,15.820000000,14.460000000,4594
2019-03-19T07:00:00Z,14.900000000,14.660000000,15.360000000,14.420000000,1205
2019-03-20T07:00:00Z,14.460000000,14.580000000,14.580000000,14.240000000,540
2019-03-21T07:00:00Z,14.740000000,14.300000000,14.740000000,14.040000000,1500
2019-03-22T07:00:00Z,14.300000000,14.640000000,15.660000000,14.080000000,2784
2019-03-25T07:00:00Z,14.920000000,14.520000000,15.820000000,14.120000000,1818
2019-03-26T07:00:00Z,14.500000000,15.000000000,15.660000000,14.500000000,3224
2019-03-27T07:00:00Z,14.960000000,15.120000000,16.280000000,13.740000000,9243
2019-03-28T07:00:00Z,15.140000000,14.760000000,15.140000000,14.620000000,638
2019-03-29T07:00:00Z,14.800000000,15.120000000,16.000000000,14.720000000,1097
2019-04-01T07:00:00Z,15.140000000,15.060000000,16.100000000,14.220000000,1327
2019-04-02T07:00:00Z,15.200000000,15.400000000,15.580000000,14.980000000,816
2019-04-03T07:00:00Z,15.440000000,15.620000000,16.200000000,15.340000000,5730
2019-04-04T07:00:00Z,15.780000000,15.860000000,16.400000000,15.620000000,7649
2019-04-05T07:00:00Z,15.820000000,15.600000000,16.040000000,15.500000000,2058
2019-04-08T07:00:00Z,15.500000000,15.500000000,15.600000000,15.380000000,947
2019-04-09T07:00:00Z,15.520000000,15.680000000,15.840000000,15.500000000,439
2019-04-10T07:00:00Z,15.660000000,15.680000000,15.760000000,15.540000000,171
2019-04-11T07:00:00Z,15.380000000,15.520000000,15.960000000,15.320000000,53
2019-04-12T07:00:00Z,15.480000000,15.400000000,15.580000000,15.280000000,405
2019-04-15T07:00:00Z,15.360000000,15.220000000,15.400000000,15.120000000,512
2019-04-16T07:00:00Z,15.300000000,15.500000000,15.800000000,15.300000000,1131
2019-04-17T07:00:00Z,15.500000000,16.040000000,16.580000000,15.220000000,3423
2019-04-18T07:00:00Z,15.900000000,19.040000000,19.480000000,15.900000000,55895
2019-04-19T07:00:00Z,19.020000000,20.200000000,20.920000000,18.640000000,48663
2019-04-22T07:00:00Z,20.200000000,20.100000000,21.500000000,19.300000000,44508
2019-04-23T07:00:00Z,20.160000000,21.320000000,21.600000000,19.700000000,15122
2019-04-24T07:00:00Z,21.240000000,22.000000000,22.780000000,20.980000000,11622
2019-04-25T07:00:00Z,22.000000000,23.480000000,23.560000000,20.100000000,24708
2019-04-26T07:00:00Z,23.460000000,24.960000000,24.960000000,19.100000000,36422
2019-04-29T07:00:00Z,24.500000000,24.780000000,26.400000000,24.400000000,4740
2019-04-30T07:00:00Z,25.000000000,26.760000000,27.260000000,24.800000000,16789
2019-05-02T07:00:00Z,26.700000000,27.400000000,28.240000000,26.500000000,29489
2019-05-03T07:00:00Z,27.300000000,26.880000000,27.980000000,26.520000000,2244
2019-05-06T07:00:00Z,26.520000000,23.840000000,26.800000000,23.540000000,10967
2019-05-07T07:00:00Z,23.900000000,24.980000000,25.960000000,23.580000000,9194
2019-05-08T07:00:00Z,26.440000000,25.000000000,27.200000000,24.040000000,9254
2019-05-10T07:00:00Z,25.400000000,25.460000000,27.000000000,24.400000000,5642
2019-05-13T07:00:00Z,24.540000000,22.980000000,26.500000000,22.980000000,8302
2019-05-14T07:00:00Z,22.400000000,23.620000000,23.620000000,22.220000000,3524
2019-05-15T07:00:00Z,23.320000000,23.840000000,24.400000000,22.800000000,3500
2019-05-16T07:00:00Z,24.040000000,24.880000000,24.960000000,23.840000000,1278
2019-05-17T07:00:00Z,24.880000000,24.900000000,25.480000000,24.600000000,2139
2019-05-20T07:00:00Z,25.000000000,24.160000000,25.000000000,23.660000000,2080
2019-05-21T07:00:00Z,24.440000000,24.940000000,24.940000000,24.340000000,562
2019-05-22T07:00:00Z,24.980000000,26.200000000,26.600000000,24.940000000,3962
2019-05-23T07:00:00Z,26.400000000,25.880000000,26.980000000,24.980000000,3536
2019-05-24T07:00:00Z,25.520000000,25.600000000,26.900000000,24.920000000,4352
2019-05-27T07:00:00Z,25.580000000,24.200000000,25.580000000,24.200000000,973
2019-05-28T07:00:00Z,24.220000000,25.760000000,26.300000000,24.200000000,2526
2019-05-29T07:00:00Z,25.980000000,25.760000000,26.100000000,25.020000000,2901
2019-05-30T07:00:00Z,26.060000000,26.400000000,26.960000000,26.060000000,979
2019-05-31T07:00:00Z,26.360000000,25.300000000,26.360000000,24.900000000,1186
2019-06-03T07:00:00Z,26.540000000,25.000000000,26.940000000,24.960000000,1616
2019-06-04T07:00:00Z,24.920000000,25.900000000,26.540000000,24.500000000,919
2019-06-05T07:00:00Z,26.180000000,25.840000000,26.540000000,25.820000000,2031
2019-06-06T07:00:00Z,26.180000000,29.400000000,35.800000000,25.680000000,23478
2019-06-07T07:00:00Z,29.520000000,28.700000000,30.900000000,28.400000000,6407
2019-06-10T07:00:00Z,28.460000000,28.580000000,29.960000000,27.600000000,3891
2019-06-11T07:00:00Z,28.580000000,28.920000000,33.980000000,27.800000000,10516
2019-06-13T07:00:00Z,29.100000000,32.300000000,32.860000000,28.320000000,7503
2019-06-14T07:00:00Z,32.200000000,30.320000000,32.300000000,30.000000000,3372
2019-06-17T07:00:00Z,30.460000000,30.600000000,31.880000000,30.000000000,5396
2019-06-18T07:00:00Z,29.980000000,33.760000000,34.200000000,29.100000000,19064
2019-06-19T07:00:00Z,33.240000000,40.800000000,44.060000000,33.220000000,15371
2019-06-20T07:00:00Z,41.100000000,45.900000000,48.000000000,40.600000000,22188
2019-06-21T07:00:00Z,46.000000000,42.500000000,48.200000000,42.320000000,10663
2019-06-24T07:00:00Z,42.400000000,39.640000000,42.400000000,38.900000000,3477
2019-06-25T07:00:00Z,39.220000000,44.460000000,45.000000000,38.700000000,4959
2019-06-26T07:00:00Z,44.400000000,42.900000000,45.400000000,42.160000000,1303
2019-06-27T07:00:00Z,43.580000000,44.000000000,44.780000000,42.200000000,1129
2019-06-28T07:00:00Z,43.540000000,41.340000000,43.700000000,40.400000000,1575
2019-07-01T07:00:00Z,43.000000000,41.360000000,44.100000000,41.040000000,423
2019-07-02T07:00:00Z,41.000000000,41.080000000,42.400000000,40.800000000,519
2019-07-03T07:00:00Z,41.560000000,40.700000000,41.960000000,39.660000000,2691
2019-07-04T07:00:00Z,40.000000000,38.500000000,41.300000000,37.980000000,31748
2019-07-05T07:00:00Z,37.980000000,37.480000000,38.420000000,36.060000000,34089
2019-07-08T07:00:00Z,37.600000000,38.280000000,40.000000000,37.000000000,7994
2019-07-09T07:00:00Z,38.260000000,38.000000000,38.260000000,37.660000000,669
2019-07-10T07:00:00Z,37.640000000,36.680000000,37.800000000,36.000000000,10749
2019-07-11T07:00:00Z,36.700000000,36.220000000,37.600000000,31.980000000,16064
2019-07-12T07:00:00Z,35.820000000,34.320000000,36.300000000,33.120000000,6548
2019-07-15T07:00:00Z,34.000000000,33.880000000,34.320000000,32.060000000,14663
2019-07-16T07:00:00Z,33.880000000,34.260000000,35.700000000,32.000000000,14865
2019-07-17T07:00:00Z,33.920000000,33.200000000,34.280000000,32.660000000,13640
2019-07-18T07:00:00Z,33.000000000,31.700000000,33.000000000,31.700000000,5660
2019-07-19T07:00:00Z,32.200000000,32.980000000,33.240000000,30.700000000,7981
2019-07-22T07:00:00Z,32.980000000,31.700000000,32.980000000,31.000000000,903
2019-07-23T07:00:00Z,31.780000000,31.820000000,31.960000000,31.140000000,170
2019-07-24T07:00:00Z,31.580000000,31.400000000,31.620000000,31.400000000,37
2019-07-25T07:00:00Z,31.300000000,31.500000000,31.700000000,31.300000000,96
2019-07-26T07:00:00Z,31.500000000,31.260000000,31.640000000,31.000000000,96
2019-07-29T07:00:00Z,31.180000000,30.920000000,31.600000000,30.500000000,10471
2019-07-30T07:00:00Z,31.000000000,30.920000000,31.280000000,30.300000000,2034
2019-07-31T07:00:00Z,30.920000000,29.760000000,30.940000000,29.400000000,2864
2019-08-01T07:00:00Z,29.620000000,29.680000000,30.000000000,29.560000000,665
2019-08-02T07:00:00Z,29.600000000,30.160000000,30.180000000,29.520000000,672
2019-08-05T07:00:00Z,30.160000000,29.600000000,30.500000000,29.560000000,409
2019-08-06T07:00:00Z,30.060000000,31.400000000,31.400000000,29.960000000,5246
2019-08-07T07:00:00Z,31.380000000,33.880000000,34.940000000,31.380000000,18770
2019-08-08T07:00:00Z,33.700000000,34.200000000,34.780000000,33.180000000,2251
2019-08-09T07:00:00Z,33.760000000,34.160000000,34.600000000,33.180000000,2627
2019-08-12T07:00:00Z,34.000000000,34.340000000,34.900000000,34.000000000,1931
2019-08-13T07:00:00Z,34.020000000,34.000000000,34.840000000,32.700000000,6160
2019-08-14T07:00:00Z,33.920000000,32.500000000,34.480000000,32.500000000,1307
2019-08-15T07:00:00Z,32.540000000,31.700000000,32.540000000,31.700000000,898
2019-08-16T07:00:00Z,32.200000000,31.700000000,32.200000000,31.700000000,513
2019-08-19T07:00:00Z,31.600000000,31.200000000,31.680000000,31.020000000,693
2019-08-20T07:00:00Z,31.580000000,31.080000000,31.580000000,31.080000000,49
2019-08-21T07:00:00Z,31.140000000,31.400000000,31.500000000,31.040000000,589
2019-08-22T07:00:00Z,31.060000000,31.080000000,31.480000000,31.040000000,227
2019-08-23T07:00:00Z,31.020000000,30.600000000,31.100000000,30.200000000,199
2019-08-26T07:00:00Z,30.460000000,30.100000000,30.460000000,29.400000000,952
2019-08-27T07:00:00Z,31.460000000,29.720000000,31.460000000,29.420000000,238
2019-08-28T07:00:00Z,29.880000000,29.700000000,30.100000000,29.620000000,409
2019-08-29T07:00:00Z,29.700000000,32.140000000,34.200000000,29.680000000,8767
2019-08-30T07:00:00Z,31.600000000,31.620000000,32.400000000,31.300000000,588
2019-09-02T07:00:00Z,31.800000000,32.600000000,33.200000000,31.200000000,2387
2019-09-03T07:00:00Z,32.700000000,36.660000000,39.000000000,32.200000000,10761
2019-09-04T07:00:00Z,36.300000000,36.520000000,37.180000000,35.700000000,3271
2019-09-05T07:00:00Z,37.000000000,37.620000000,38.900000000,36.600000000,3360
2019-09-06T07:00:00Z,37.620000000,35.500000000,37.620000000,35.020000000,1553
2019-09-09T07:00:00Z,35.020000000,35.020000000,36.980000000,34.960000000,1260
2019-09-10T07:00:00Z,35.000000000,37.100000000,37.100000000,35.000000000,1720
2019-09-11T07:00:00Z,37.200000000,37.560000000,37.620000000,37.200000000,1929
2019-09-12T07:00:00Z,37.300000000,37.280000000,37.300000000,37.280000000,864
2019-09-13T07:00:00Z,37.300000000,37.480000000,37.480000000,37.300000000,159
2019-09-16T07:00:00Z,37.000000000,37.320000000,37.320000000,37.000000000,17
2019-09-17T07:00:00Z,37.000000000,36.660000000,37.000000000,36.400000000,207
2019-09-18T07:00:00Z,36.480000000,34.660000000,36.480000000,34.620000000,6131
2019-09-19T07:00:00Z,34.660000000,35.100000000,36.960000000,34.640000000,1115
2019-09-20T07:00:00Z,35.020000000,34.900000000,35.020000000,34.800000000,326
2019-09-23T07:00:00Z,35.300000000,34.840000000,35.380000000,34.840000000,164
2019-09-24T07:00:00Z,34.840000000,35.940000000,35.960000000,34.520000000,2300
2019-09-25T07:00:00Z,35.420000000,35.080000000,35.500000000,35.080000000,83
2019-09-26T07:00:00Z,35.220000000,34.720000000,35.220000000,34.720000000,592
2019-09-27T07:00:00Z,34.760000000,34.680000000,34.800000000,34.660000000,137
2019-09-30T07:00:00Z,34.700000000,34.720000000,35.080000000,34.640000000,456
2019-10-01T07:00:00Z,34.700000000,34.460000000,34.700000000,34.360000000,4711
2019-10-02T07:00:00Z,34.900000000,34.180000000,35.020000000,34.000000000,9479
2019-10-03T07:00:00Z,34.000000000,33.520000000,34.460000000,33.000000000,5481
2019-10-04T07:00:00Z,33.580000000,34.280000000,34.740000000,33.580000000,1889
2019-10-07T07:00:00Z,34.320000000,33.900000000,34.320000000,33.600000000,4104
2019-10-08T07:00:00Z,33.660000000,33.620000000,34.000000000,33.300000000,6681
2019-10-09T07:00:00Z,33.300000000,34.740000000,35.980000000,33.200000000,2221
2019-10-10T07:00:00Z,34.740000000,34.020000000,36.000000000,33.980000000,3921
2019-10-11T07:00:00Z,33.980000000,33.720000000,34.200000000,33.720000000,813
2019-10-14T07:00:00Z,33.740000000,33.300000000,33.900000000,33.300000000,290
2019-10-15T07:00:00Z,33.320000000,33.980000000,33.980000000,32.100000000,928
2019-10-16T07:00:00Z,34.000000000,33.200000000,34.000000000,32.520000000,567
2019-10-17T07:00:00Z,33.200000000,33.380000000,33.860000000,32.760000000,1016
2019-10-18T07:00:00Z,33.220000000,32.600000000,33.760000000,32.120000000,2828
2019-10-21T07:00:00Z,32.200000000,32.200000000,32.680000000,31.200000000,784
2019-10-22T07:00:00Z,32.960000000,32.560000000,32.960000000,31.300000000,1463
2019-10-23T07:00:00Z,32.780000000,31.780000000,33.400000000,31.020000000,1525
2019-10-24T07:00:00Z,31.780000000,31.880000000,32.000000000,31.700000000,182
2019-10-25T07:00:00Z,31.700000000,34.780000000,35.500000000,31.000000000,5077
2019-10-28T07:00:00Z,34.300000000,33.560000000,34.300000000,33.520000000,892
2019-10-29T07:00:00Z,33.560000000,33.740000000,34.000000000,33.200000000,740
2019-10-30T07:00:00Z,34.000000000,33.360000000,34.000000000,33.100000000,263
2019-10-31T07:00:00Z,33.400000000,33.540000000,33.540000000,33.120000000,18
2019-11-01T07:00:00Z,33.200000000,33.440000000,33.480000000,33.200000000,88
2019-11-05T07:00:00Z,33.420000000,33.720000000,34.600000000,32.800000000,1690
2019-11-06T07:00:00Z,33.720000000,33.780000000,34.460000000,33.520000000,796
2019-11-07T07:00:00Z,33.880000000,34.060000000,34.100000000,33.500000000,508
2019-11-08T07:00:00Z,33.620000000,33.520000000,34.020000000,33.500000000,175
2019-11-11T07:00:00Z,33.520000000,33.680000000,33.940000000,33.200000000,302
2019-11-12T07:00:00Z,33.320000000,33.380000000,33.660000000,33.040000000,2637
2019-11-13T07:00:00Z,33.120000000,33.340000000,33.900000000,32.200000000,8075
2019-11-14T07:00:00Z,32.860000000,32.160000000,33.000000000,32.100000000,4469
2019-11-15T07:00:00Z,32.680000000,33.900000000,38.000000000,32.680000000,20704
2019-11-18T07:00:00Z,34.300000000,31.900000000,34.300000000,31.740000000,17382
2019-11-19T07:00:00Z,32.340000000,31.680000000,32.920000000,31.640000000,3368
2019-11-20T07:00:00Z,32.200000000,33.060000000,33.880000000,32.020000000,1897
2019-11-21T07:00:00Z,33.000000000,32.380000000,33.000000000,32.380000000,273
2019-11-22T07:00:00Z,32.400000000,32.020000000,32.500000000,31.900000000,1294
2019-11-25T07:00:00Z,32.360000000,32.180000000,32.500000000,31.820000000,2592
2019-11-26T07:00:00Z,32.200000000,31.660000000,32.280000000,31.600000000,2024
2019-11-27T07:00:00Z,31.640000000,32.020000000,32.420000000,31.500000000,1011
2019-11-28T07:00:00Z,32.300000000,31.260000000,32.300000000,31.000000000,474
2019-11-29T07:00:00Z,31.680000000,31.000000000,33.400000000,30.000000000,13155
2019-12-02T07:00:00Z,30.940000000,30.140000000,30.940000000,29.500000000,6183
2019-12-03T07:00:00Z,29.980000000,29.900000000,30.440000000,29.620000000,2315
2019-12-04T07:00:00Z,29.940000000,29.720000000,30.400000000,29.140000000,2125
2019-12-05T07:00:00Z,30.160000000,29.900000000,30.300000000,29.240000000,763
2019-12-06T07:00:00Z,30.080000000,30.000000000,30.500000000,29.620000000,1854
2019-12-09T07:00:00Z,29.980000000,29.860000000,30.000000000,29.720000000,305
2019-12-10T07:00:00Z,29.980000000,29.740000000,29.980000000,29.680000000,628
2019-12-11T07:00:00Z,29.640000000,31.700000000,34.560000000,29.640000000,27480
2019-12-12T07:00:00Z,31.740000000,31.080000000,31.740000000,31.040000000,2668
2019-12-13T07:00:00Z,31.100000000,32.000000000,32.900000000,30.940000000,3641
2019-12-16T07:00:00Z,31.640000000,31.540000000,31.740000000,31.100000000,423
2019-12-17T07:00:00Z,31.200000000,30.800000000,31.980000000,30.400000000,1349
2019-12-18T07:00:00Z,30.620000000,29.980000000,31.080000000,29.980000000,8956
2019-12-19T07:00:00Z,29.900000000,30.020000000,30.360000000,29.800000000,2407
2019-12-20T07:00:00Z,30.380000000,29.940000000,30.380000000,29.900000000,1947
2019-12-23T07:00:00Z,30.020000000,30.040000000,30.380000000,29.960000000,246
2019-12-24T07:00:00Z,30.000000000,30.080000000,31.700000000,29.400000000,2965
2019-12-25T07:00:00Z,30.000000000,30.120000000,30.120000000,29.960000000,184
2019-12-26T07:00:00Z,30.120000000,30.000000000,30.140000000,29.920000000,284
2019-12-27T07:00:00Z,30.100000000,29.960000000,30.160000000,29.900000000,284
2019-12-30T07:00:00Z,30.160000000,30.000000000,30.980000000,29.840000000,2175
2020-01-03T07:00:00Z,30.400000000,29.780000000,30.400000000,29.780000000,1685
2020-01-06T07:00:00Z,29.980000000,29.820000000,29.980000000,29.440000000,790
2020-01-08T07:00:00Z,29.900000000,29.740000000,29.900000000,29.460000000,471
2020-01-09T07:00:00Z,29.900000000,30.100000000,30.360000000,29.500000000,1683
2020-01-10T07:00:00Z,30.080000000,29.840000000,30.100000000,29.620000000,957
2020-01-13T07:00:00Z,29.800000000,29.760000000,30.180000000,29.660000000,1120
2020-01-14T07:00:00Z,30.020000000,29.620000000,30.060000000,29.500000000,1676
2020-01-15T07:00:00Z,29.800000000,28.500000000,29.800000000,28.020000000,4351
2020-01-16T07:00:00Z,28.400000000,29.760000000,30.480000000,28.400000000,9311
2020-01-17T07:00:00Z,30.000000000,31.140000000,32.800000000,29.820000000,12863
2020-01-20T07:00:00Z,31.400000000,31.500000000,33.500000000,30.500000000,4299
2020-01-21T07:00:00Z,31.820000000,29.980000000,31.840000000,29.000000000,6478
2020-01-22T07:00:00Z,30.300000000,29.860000000,30.880000000,29.820000000,9921
2020-01-23T07:00:00Z,29.880000000,29.880000000,31.880000000,29.500000000,15499
2020-01-24T07:00:00Z,30.040000000,31.460000000,32.900000000,29.600000000,8387
2020-01-27T07:00:00Z,31.500000000,31.800000000,34.460000000,31.000000000,21247
2020-01-28T07:00:00Z,31.380000000,31.240000000,31.960000000,30.900000000,3584
2020-01-29T07:00:00Z,31.400000000,31.540000000,32.660000000,31.020000000,3299
2020-01-30T07:00:00Z,31.520000000,30.880000000,31.760000000,30.820000000,2912
2020-01-31T07:00:00Z,30.880000000,31.100000000,31.800000000,30.880000000,1477
2020-02-03T07:00:00Z,31.000000000,30.100000000,31.000000000,29.700000000,2172
2020-02-04T07:00:00Z,30.020000000,30.000000000,30.200000000,29.780000000,2067
2020-02-05T07:00:00Z,30.000000000,29.700000000,30.120000000,29.500000000,3130
2020-02-06T07:00:00Z,29.960000000,30.780000000,31.480000000,29.960000000,8695
2020-02-07T07:00:00Z,30.780000000,32.440000000,32.460000000,30.300000000,3701
2020-02-10T07:00:00Z,31.900000000,31.680000000,32.200000000,31.420000000,1445
2020-02-11T07:00:00Z,31.820000000,31.480000000,31.820000000,31.460000000,4366
2020-02-12T07:00:00Z,31.680000000,31.600000000,32.480000000,31.240000000,7134
2020-02-13T07:00:00Z,32.080000000,31.300000000,32.700000000,31.000000000,11823
2020-02-14T07:00:00Z,31.460000000,34.080000000,37.420000000,31.380000000,47692
2020-02-17T07:00:00Z,34.220000000,34.000000000,34.340000000,32.700000000,16919
2020-02-18T07:00:00Z,33.500000000,32.300000000,33.960000000,31.500000000,21738
2020-02-19T07:00:00Z,32.280000000,32.100000000,32.440000000,31.960000000,11009
2020-02-20T07:00:00Z,31.980000000,32.280000000,32.880000000,31.960000000,13719
2020-02-21T07:00:00Z,32.200000000,31.980000000,32.360000000,31.960000000,6319
2020-02-25T07:00:00Z,31.900000000,30.700000000,32.140000000,30.000000000,10620
2020-02-26T07:00:00Z,30.420000000,30.020000000,31.460000000,29.900000000,18098
2020-02-27T07:00:00Z,30.000000000,28.980000000,30.760000000,28.900000000,7911
2020-02-28T07:00:00Z,28.900000000,28.980000000,28.980000000,26.400000000,16933
2020-03-02T07:00:00Z,28.400000000,29.180000000,30.980000000,28.000000000,2549
2020-03-03T07:00:00Z,28.800000000,29.000000000,29.460000000,28.800000000,726
2020-03-04T07:00:00Z,29.000000000,28.460000000,29.120000000,28.120000000,511
2020-03-05T07:00:00Z,28.460000000,28.540000000,29.400000000,28.460000000,408
2020-03-06T07:00:00Z,28.500000000,28.900000000,29.980000000,28.000000000,1446
2020-03-10T07:00:00Z,28.280000000,26.540000000,29.000000000,26.020000000,2578
2020-03-11T07:00:00Z,26.100000000,25.480000000,27.500000000,25.060000000,638
2020-03-12T07:00:00Z,25.000000000,24.620000000,27.900000000,21.080000000,12269
2020-03-13T07:00:00Z,24.500000000,24.660000000,24.860000000,24.100000000,125
2020-03-16T07:00:00Z,24.660000000,22.980000000,24.900000000,22.100000000,619
2020-03-17T07:00:00Z,23.820000000,23.680000000,26.900000000,22.600000000,1930
2020-03-18T07:00:00Z,23.220000000,22.020000000,23.780000000,22.020000000,643
2020-03-19T07:00:00Z,22.800000000,22.900000000,22.960000000,22.520000000,345
2020-03-20T07:00:00Z,22.980000000,23.940000000,24.800000000,22.420000000,994
2020-03-23T07:00:00Z,24.020000000,23.600000000,24.180000000,23.520000000,74
2020-03-24T07:00:00Z,24.140000000,24.380000000,24.700000000,23.680000000,245
2020-03-25T07:00:00Z,24.360000000,23.900000000,26.880000000,23.580000000,3089
2020-03-26T07:00:00Z,23.660000000,25.000000000,26.080000000,21.260000000,7330
2020-03-27T07:00:00Z,25.040000000,24.840000000,25.400000000,24.360000000,189
2020-03-30T07:00:00Z,24.000000000,24.920000000,24.960000000,24.000000000,337
2020-03-31T07:00:00Z,24.980000000,25.120000000,25.840000000,24.980000000,808
2020-04-01T07:00:00Z,25.100000000,25.240000000,25.680000000,25.100000000,251
2020-04-02T07:00:00Z,25.740000000,25.180000000,25.920000000,25.020000000,809
2020-04-03T07:00:00Z,25.580000000,25.460000000,25.800000000,25.240000000,437
2020-04-06T07:00:00Z,25.580000000,27.000000000,29.680000000,25.200000000,9404
2020-04-07T07:00:00Z,27.500000000,27.480000000,28.280000000,26.240000000,1744
2020-04-08T07:00:00Z,26.600000000,27.280000000,27.480000000,26.460000000,748
2020-04-09T07:00:00Z,27.480000000,27.520000000,29.160000000,26.580000000,2087
2020-04-10T07:00:00Z,27.500000000,27.280000000,27.940000000,27.260000000,109
2020-04-13T07:00:00Z,27.940000000,26.920000000,27.940000000,26.100000000,886
2020-04-14T07:00:00Z,27.000000000,26.520000000,27.480000000,26.400000000,394
2020-04-15T07:00:00Z,26.940000000,25.980000000,26.940000000,25.020000000,1004
2020-04-16T07:00:00Z,26.000000000,25.720000000,26.100000000,25.020000000,304
2020-04-17T07:00:00Z,26.080000000,26.140000000,27.200000000,25.820000000,414
2020-04-20T07:00:00Z,26.140000000,26.920000000,27.440000000,26.140000000,2284
2020-04-21T07:00:00Z,27.000000000,26.520000000,27.000000000,26.180000000,838
2020-04-22T07:00:00Z,26.540000000,26.080000000,27.240000000,26.000000000,1926
2020-04-23T07:00:00Z,26.480000000,26.860000000,27.460000000,26.340000000,667
2020-04-24T07:00:00Z,26.320000000,26.100000000,27.400000000,26.020000000,1245
2020-04-27T07:00:00Z,26.960000000,26.180000000,27.140000000,25.880000000,8223
2020-04-28T07:00:00Z,26.220000000,26.260000000,26.940000000,26.140000000,1755
2020-04-29T07:00:00Z,26.220000000,26.300000000,26.640000000,26.200000000,1857
2020-04-30T07:00:00Z,26.620000000,26.280000000,26.780000000,26.280000000,2040
2020-05-04T07:00:00Z,26.400000000,26.360000000,26.620000000,26.200000000,76
2020-05-05T07:00:00Z,26.400000000,26.420000000,26.540000000,26.120000000,158
2020-05-06T07:00:00Z,26.280000000,26.380000000,26.580000000,26.280000000,191
2020-05-07T07:00:00Z,26.560000000,26.500000000,26.640000000,26.440000000,288
2020-05-08T07:00:00Z,26.280000000,26.360000000,26.600000000,26.140000000,232
2020-05-12T07:00:00Z,26.600000000,26.280000000,26.600000000,26.240000000,197
2020-05-13T07:00:00Z,26.560000000,26.160000000,26.560000000,26.120000000,161
2020-05-14T07:00:00Z,26.180000000,26.120000000,26.280000000,25.880000000,497
2020-05-15T07:00:00Z,26.280000000,26.100000000,26.440000000,26.040000000,487
2020-05-18T07:00:00Z,26.120000000,26.520000000,26.540000000,26.120000000,504
2020-05-19T07:00:00Z,26.340000000,26.240000000,26.340000000,26.200000000,329
2020-05-20T07:00:00Z,26.500000000,26.280000000,26.580000000,26.260000000,533
2020-05-21T07:00:00Z,26.320000000,26.100000000,26.580000000,24.160000000,639
2020-05-22T07:00:00Z,26.500000000,26.100000000,26.500000000,26.080000000,110
2020-05-25T07:00:00Z,26.120000000,26.420000000,26.460000000,26.120000000,180
2020-05-26T07:00:00Z,26.200000000,26.180000000,26.600000000,26.120000000,496
2020-05-27T07:00:00Z,26.180000000,26.320000000,26.800000000,26.160000000,1214
2020-05-28T07:00:00Z,26.240000000,26.440000000,27.680000000,25.520000000,7718
2020-05-29T07:00:00Z,26.700000000,26.400000000,26.720000000,26.100000000,108
2020-06-01T07:00:00Z,26.880000000,26.380000000,26.880000000,24.020000000,2674
2020-06-02T07:00:00Z,26.560000000,26.440000000,26.680000000,26.000000000,1426
2020-06-03T07:00:00Z,26.420000000,26.400000000,26.540000000,26.200000000,372
2020-06-04T07:00:00Z,26.300000000,26.300000000,26.380000000,26.220000000,266
2020-06-05T07:00:00Z,26.560000000,26.240000000,26.560000000,26.140000000,266
2020-06-08T07:00:00Z,26.560000000,26.320000000,26.560000000,26.020000000,823
2020-06-09T07:00:00Z,26.460000000,26.240000000,26.540000000,26.100000000,246
2020-06-10T07:00:00Z,26.000000000,26.320000000,26.400000000,26.000000000,330
2020-06-11T07:00:00Z,26.500000000,26.160000000,26.620000000,26.080000000,1048
2020-06-15T07:00:00Z,26.600000000,26.320000000,26.660000000,26.140000000,667
2020-06-16T07:00:00Z,26.480000000,26.100000000,26.480000000,26.080000000,2221
2020-06-17T07:00:00Z,26.480000000,26.500000000,27.000000000,26.120000000,3658
2020-06-18T07:00:00Z,26.900000000,26.400000000,27.300000000,26.300000000,3308
2020-06-19T07:00:00Z,26.320000000,26.740000000,26.820000000,26.320000000,230
2020-06-22T07:00:00Z,26.700000000,26.560000000,26.720000000,26.320000000,71
2020-06-23T07:00:00Z,26.160000000,26.720000000,26.960000000,26.160000000,628
2020-06-25T07:00:00Z,26.640000000,26.340000000,26.640000000,26.160000000,436
2020-06-26T07:00:00Z,26.900000000,26.360000000,27.000000000,26.120000000,580
2020-06-29T07:00:00Z,26.160000000,26.360000000,26.480000000,26.160000000,107
2020-06-30T07:00:00Z,26.160000000,26.160000000,26.860000000,26.100000000,845
2020-07-02T07:00:00Z,26.680000000,26.280000000,26.720000000,25.860000000,2237
2020-07-03T07:00:00Z,26.500000000,26.240000000,26.500000000,26.080000000,360
2020-07-06T07:00:00Z,26.760000000,26.180000000,26.780000000,26.160000000,166
2020-07-07T07:00:00Z,26.680000000,26.320000000,26.680000000,25.900000000,134
2020-07-08T07:00:00Z,26.200000000,26.300000000,26.760000000,25.940000000,215
2020-07-09T07:00:00Z,26.020000000,26.000000000,26.460000000,25.900000000,334
2020-07-10T07:00:00Z,25.900000000,26.060000000,26.440000000,25.900000000,80
2020-07-13T07:00:00Z,25.660000000,25.420000000,26.360000000,25.320000000,1156
2020-07-14T07:00:00Z,24.560000000,24.960000000,25.880000000,24.500000000,2308
2020-07-15T07:00:00Z,25.860000000,25.820000000,25.880000000,24.920000000,1374
2020-07-16T07:00:00Z,25.840000000,25.400000000,25.980000000,24.600000000,380
2020-07-17T07:00:00Z,25.900000000,25.680000000,25.900000000,24.860000000,87
2020-07-20T07:00:00Z,25.520000000,26.000000000,26.160000000,25.420000000,3376
2020-07-21T07:00:00Z,26.480000000,25.980000000,26.480000000,25.740000000,2867
2020-07-22T07:00:00Z,25.940000000,26.000000000,26.100000000,25.860000000,2509
2020-07-23T07:00:00Z,26.080000000,25.800000000,26.120000000,25.800000000,44
2020-07-24T07:00:00Z,25.820000000,25.960000000,26.220000000,25.820000000,1369
2020-07-27T07:00:00Z,25.880000000,26.020000000,26.080000000,25.880000000,194
2020-07-28T07:00:00Z,25.980000000,25.960000000,26.000000000,25.740000000,80
2020-07-29T07:00:00Z,25.840000000,26.400000000,26.400000000,25.840000000,308
2020-07-30T07:00:00Z,26.100000000,26.080000000,26.320000000,25.900000000,482
2020-07-31T07:00:00Z,26.100000000,25.980000000,26.480000000,25.920000000,709
2020-08-03T07:00:00Z,25.960000000,26.040000000,26.380000000,25.700000000,305
2020-08-04T07:00:00Z,25.980000000,25.900000000,26.000000000,25.900000000,254
2020-08-05T07:00:00Z,26.180000000,25.940000000,26.180000000,25.940000000,298
2020-08-06T07:00:00Z,25.960000000,25.900000000,26.080000000,25.100000000,553
2020-08-07T07:00:00Z,25.880000000,26.060000000,26.240000000,25.500000000,2011
2020-08-10T07:00:00Z,26.080000000,25.920000000,26.220000000,25.720000000,1791
2020-08-11T07:00:00Z,26.100000000,25.860000000,26.140000000,25.800000000,826
2020-08-12T07:00:00Z,26.020000000,26.000000000,26.060000000,25.820000000,532
2020-08-13T07:00:00Z,26.000000000,25.960000000,26.060000000,25.880000000,513
2020-08-14T07:00:00Z,26.060000000,26.060000000,26.060000000,25.820000000,313
2020-08-17T07:00:00Z,25.900000000,25.980000000,26.080000000,25.760000000,1200
2020-08-18T07:00:00Z,26.060000000,25.820000000,26.060000000,25.760000000,226
2020-08-19T07:00:00Z,26.060000000,25.980000000,26.080000000,25.840000000,205
2020-08-20T07:00:00Z,25.840000000,25.760000000,26.020000000,25.760000000,506
2020-08-21T07:00:00Z,26.060000000,25.940000000,26.060000000,25.320000000,417
2020-08-24T07:00:00Z,25.740000000,25.900000000,26.000000000,25.740000000,124
2020-08-25T07:00:00Z,25.760000000,25.760000000,26.080000000,25.620000000,617
2020-08-26T07:00:00Z,25.960000000,25.700000000,26.080000000,25.600000000,1063
2020-08-27T07:00:00Z,25.880000000,25.440000000,26.000000000,25.300000000,2521
2020-08-28T07:00:00Z,25.660000000,24.940000000,26.000000000,24.940000000,2632
2020-08-31T07:00:00Z,25.100000000,25.100000000,25.360000000,25.000000000,789
2020-09-01T07:00:00Z,25.400000000,25.120000000,25.400000000,25.020000000,195
2020-09-02T07:00:00Z,25.140000000,25.200000000,25.460000000,25.140000000,175
2020-09-03T07:00:00Z,25.500000000,25.380000000,26.280000000,25.320000000,1163
2020-09-04T07:00:00Z,25.420000000,25.080000000,25.480000000,24.600000000,856
2020-09-07T07:00:00Z,24.060000000,25.700000000,25.860000000,24.060000000,42
2020-09-08T07:00:00Z,25.840000000,25.180000000,25.840000000,25.120000000,124
2020-09-09T07:00:00Z,24.500000000,25.400000000,26.200000000,24.220000000,506
2020-09-10T07:00:00Z,24.100000000,25.340000000,25.900000000,24.100000000,108
2020-09-11T07:00:00Z,24.100000000,25.340000000,25.940000000,24.100000000,103
2020-09-14T07:00:00Z,25.760000000,25.680000000,25.780000000,25.340000000,83
2020-09-15T07:00:00Z,25.720000000,25.220000000,25.720000000,25.200000000,367
2020-09-16T07:00:00Z,25.320000000,25.300000000,25.660000000,25.260000000,213
2020-09-17T07:00:00Z,25.220000000,25.040000000,26.000000000,24.460000000,3504
2020-09-18T07:00:00Z,25.000000000,25.400000000,25.500000000,24.900000000,280
2020-09-21T07:00:00Z,25.380000000,25.120000000,25.740000000,25.120000000,310
2020-09-22T07:00:00Z,25.680000000,25.380000000,25.680000000,25.120000000,63
2020-09-23T07:00:00Z,25.160000000,25.160000000,25.160000000,24.840000000,164
2020-09-24T07:00:00Z,25.000000000,25.000000000,25.000000000,24.300000000,480
2020-09-25T07:00:00Z,25.420000000,25.040000000,25.420000000,24.960000000,79
2020-09-28T07:00:00Z,24.920000000,25.340000000,25.700000000,24.920000000,330
2020-09-29T07:00:00Z,25.400000000,25.380000000,25.400000000,25.060000000,177
2020-09-30T07:00:00Z,25.460000000,25.400000000,25.460000000,25.040000000,12
2020-10-01T07:00:00Z,24.960000000,25.300000000,25.380000000,24.960000000,14
2020-10-02T07:00:00Z,25.060000000,25.200000000,25.260000000,24.780000000,94
2020-10-05T07:00:00Z,25.260000000,25.180000000,25.280000000,24.800000000,101
2020-10-06T07:00:00Z,24.880000000,24.920000000,25.280000000,24.500000000,291
2020-10-07T07:00:00Z,25.060000000,25.180000000,25.200000000,24.840000000,306
2020-10-08T07:00:00Z,25.240000000,24.680000000,25.240000000,24.020000000,651
2020-10-09T07:00:00Z,24.620000000,24.640000000,24.740000000,24.500000000,687
2020-10-12T07:00:00Z,24.660000000,24.780000000,24.840000000,24.500000000,45
2020-10-13T07:00:00Z,24.840000000,24.640000000,24.840000000,24.600000000,88
2020-10-14T07:00:00Z,24.680000000,24.460000000,24.680000000,24.420000000,15
2020-10-15T07:00:00Z,24.420000000,24.540000000,24.620000000,24.420000000,54
2020-10-16T07:00:00Z,24.900000000,24.420000000,24.900000000,24.420000000,67
2020-10-19T07:00:00Z,24.420000000,24.060000000,24.420000000,24.060000000,423
2020-10-20T07:00:00Z,24.080000000,24.320000000,24.320000000,24.080000000,33
2020-10-21T07:00:00Z,24.320000000,24.140000000,24.580000000,24.120000000,273
2020-10-22T07:00:00Z,24.120000000,24.380000000,24.480000000,24.120000000,89
2020-10-23T07:00:00Z,24.140000000,24.280000000,24.500000000,24.140000000,76
2020-10-26T07:00:00Z,24.500000000,24.980000000,25.000000000,24.200000000,1633
2020-10-27T07:00:00Z,25.020000000,24.980000000,25.020000000,24.520000000,684
2020-10-28T07:00:00Z,24.720000000,24.880000000,25.000000000,24.440000000,956
2020-10-29T07:00:00Z,24.420000000,24.600000000,24.960000000,24.380000000,1295
2020-10-30T07:00:00Z,24.960000000,24.760000000,24.960000000,24.680000000,55
2020-11-02T07:00:00Z,24.240000000,24.520000000,24.720000000,24.240000000,346
2020-11-03T07:00:00Z,24.520000000,24.760000000,24.760000000,24.360000000,229
2020-11-05T07:00:00Z,24.400000000,24.880000000,24.980000000,24.400000000,186
2020-11-06T07:00:00Z,24.980000000,25.200000000,25.680000000,24.720000000,1717
2020-11-09T07:00:00Z,25.180000000,27.900000000,30.860000000,25.140000000,11038
2020-11-10T07:00:00Z,28.020000000,29.800000000,30.500000000,27.020000000,10998
2020-11-11T07:00:00Z,29.780000000,30.200000000,34.000000000,28.320000000,11131
2020-11-12T07:00:00Z,29.040000000,28.980000000,30.880000000,28.360000000,3231
2020-11-13T07:00:00Z,29.260000000,29.000000000,30.020000000,28.960000000,3062
2020-11-16T07:00:00Z,29.900000000,29.740000000,30.160000000,28.860000000,2905
2020-11-17T07:00:00Z,29.820000000,29.100000000,29.880000000,28.900000000,1528
2020-11-18T07:00:00Z,29.460000000,29.740000000,29.780000000,29.300000000,528
2020-11-19T07:00:00Z,28.920000000,29.500000000,29.660000000,28.900000000,529
2020-11-20T07:00:00Z,29.680000000,29.500000000,29.680000000,29.040000000,153
2020-11-23T07:00:00Z,29.600000000,29.140000000,29.620000000,28.980000000,1035
2020-11-24T07:00:00Z,29.160000000,29.420000000,29.500000000,29.120000000,236
2020-11-25T07:00:00Z,29.120000000,29.400000000,29.420000000,29.100000000,179
2020-11-26T07:00:00Z,29.380000000,29.320000000,29.400000000,28.860000000,844
2020-11-27T07:00:00Z,28.980000000,29.280000000,29.340000000,28.960000000,738
2020-11-30T07:00:00Z,29.000000000,29.640000000,29.760000000,28.980000000,1625
2020-12-01T07:00:00Z,29.640000000,29.280000000,29.640000000,29.000000000,176
2020-12-02T07:00:00Z,29.040000000,29.260000000,29.620000000,29.020000000,447
2020-12-03T07:00:00Z,28.980000000,29.180000000,29.340000000,28.980000000,158
2020-12-04T07:00:00Z,28.980000000,30.100000000,30.140000000,28.920000000,2290
2020-12-07T07:00:00Z,30.100000000,29.640000000,30.140000000,29.140000000,1275
2020-12-08T07:00:00Z,29.220000000,29.000000000,30.060000000,28.980000000,817
2020-12-09T07:00:00Z,29.060000000,29.400000000,30.000000000,29.000000000,581
2020-12-10T07:00:00Z,29.840000000,29.220000000,30.320000000,29.220000000,894
2020-12-11T07:00:00Z,29.600000000,29.080000000,29.980000000,29.060000000,587
2020-12-14T07:00:00Z,29.160000000,29.200000000,29.220000000,28.920000000,1863
2020-12-15T07:00:00Z,28.920000000,29.260000000,29.540000000,28.920000000,110
2020-12-16T07:00:00Z,29.200000000,29.220000000,29.240000000,29.200000000,97
2020-12-17T07:00:00Z,29.040000000,28.820000000,29.200000000,28.800000000,524
2020-12-18T07:00:00Z,28.860000000,28.920000000,29.020000000,28.020000000,1722
2020-12-21T07:00:00Z,29.200000000,29.060000000,29.200000000,28.740000000,771
2020-12-22T07:00:00Z,28.760000000,28.780000000,29.100000000,28.740000000,191
2020-12-23T07:00:00Z,28.820000000,28.940000000,28.960000000,28.800000000,340
2020-12-24T07:00:00Z,28.800000000,28.940000000,29.000000000,28.800000000,350
2020-12-25T07:00:00Z,28.320000000,28.960000000,29.040000000,28.320000000,222
2020-12-28T07:00:00Z,29.000000000,28.960000000,29.020000000,28.700000000,529
2020-12-29T07:00:00Z,28.800000000,29.000000000,29.040000000,28.800000000,312
2020-12-30T07:00:00Z,28.880000000,29.840000000,29.840000000,28.840000000,1410
2021-01-04T07:00:00Z,29.720000000,29.160000000,29.720000000,28.820000000,940
2021-01-05T07:00:00Z,29.860000000,29.180000000,29.860000000,28.920000000,168
2021-01-06T07:00:00Z,28.960000000,29.300000000,30.340000000,28.820000000,18910
2021-01-08T07:00:00Z,29.040000000,28.940000000,29.160000000,28.780000000,13246
2021-01-11T07:00:00Z,28.960000000,28.800000000,28.980000000,28.800000000,10381
2021-01-12T07:00:00Z,28.920000000,29.200000000,29.300000000,28.780000000,1308
2021-01-13T07:00:00Z,29.200000000,28.800000000,29.200000000,28.800000000,428
2021-01-14T07:00:00Z,28.860000000,28.860000000,29.000000000,28.780000000,901
2021-01-15T07:00:00Z,28.940000000,28.820000000,29.500000000,28.400000000,11535
2021-01-18T07:00:00Z,29.080000000,28.780000000,29.860000000,28.760000000,31082
2021-01-19T07:00:00Z,28.960000000,28.980000000,29.160000000,28.700000000,22679
2021-01-20T07:00:00Z,29.100000000,28.400000000,29.100000000,28.200000000,27964
2021-01-21T07:00:00Z,28.400000000,28.200000000,28.700000000,27.960000000,11502
2021-01-22T07:00:00Z,28.480000000,28.100000000,28.480000000,28.020000000,3021
2021-01-25T07:00:00Z,28.520000000,28.080000000,28.520000000,27.800000000,208
2021-01-26T07:00:00Z,27.860000000,28.420000000,28.420000000,27.860000000,4312
2021-01-27T07:00:00Z,28.020000000,28.400000000,28.500000000,28.020000000,622
2021-01-28T07:00:00Z,28.120000000,28.140000000,28.200000000,27.880000000,1318
2021-01-29T07:00:00Z,27.020000000,27.980000000,28.500000000,27.020000000,193
2021-02-01T07:00:00Z,27.020000000,28.260000000,28.400000000,27.020000000,171
2021-02-02T07:00:00Z,27.920000000,27.940000000,28.200000000,27.920000000,606
2021-02-03T07:00:00Z,27.780000000,27.980000000,29.820000000,27.700000000,10844
2021-02-04T07:00:00Z,27.760000000,27.960000000,28.500000000,27.760000000,952
2021-02-05T07:00:00Z,28.480000000,28.100000000,28.500000000,27.800000000,1172
2021-02-08T07:00:00Z,27.860000000,27.980000000,28.100000000,27.740000000,777
2021-02-09T07:00:00Z,27.760000000,27.960000000,28.440000000,27.760000000,288
2021-02-10T07:00:00Z,28.460000000,28.000000000,28.460000000,27.920000000,79
2021-02-11T07:00:00Z,28.140000000,27.900000000,28.140000000,27.860000000,17
2021-02-12T07:00:00Z,27.820000000,27.780000000,27.960000000,27.620000000,1862
2021-02-15T07:00:00Z,28.300000000,28.060000000,29.000000000,27.660000000,6017
2021-02-16T07:00:00Z,28.280000000,28.300000000,28.700000000,27.960000000,2732
2021-02-17T07:00:00Z,28.540000000,28.060000000,28.540000000,28.060000000,97
2021-02-18T07:00:00Z,27.840000000,28.500000000,28.660000000,27.840000000,609
2021-02-19T07:00:00Z,27.900000000,28.360000000,28.660000000,27.900000000,1054
2021-02-20T07:00:00Z,28.100000000,28.320000000,28.460000000,28.100000000,59
2021-02-22T07:00:00Z,28.000000000,27.980000000,28.600000000,27.980000000,147
2021-02-24T07:00:00Z,28.100000000,27.920000000,28.340000000,27.620000000,2822
2021-02-25T07:00:00Z,28.260000000,27.940000000,28.260000000,27.420000000,101
2021-02-26T07:00:00Z,27.540000000,27.560000000,28.320000000,27.480000000,604
2021-03-01T07:00:00Z,27.980000000,27.620000000,28.000000000,26.340000000,874
2021-03-02T07:00:00Z,28.260000000,27.580000000,28.260000000,27.540000000,201
2021-03-03T07:00:00Z,28.000000000,27.560000000,28.220000000,27.500000000,903
2021-03-04T07:00:00Z,27.560000000,27.120000000,27.920000000,26.400000000,1036
2021-03-05T07:00:00Z,26.600000000,27.120000000,27.820000000,26.600000000,675
2021-03-09T07:00:00Z,27.700000000,27.440000000,28.000000000,26.440000000,3003
2021-03-10T07:00:00Z,27.840000000,27.600000000,27.840000000,23.440000000,5122
2021-03-11T07:00:00Z,27.540000000,26.820000000,27.560000000,26.600000000,402
2021-03-12T07:00:00Z,27.340000000,27.160000000,27.680000000,26.800000000,957
2021-03-15T07:00:00Z,27.400000000,27.680000000,27.740000000,27.160000000,2613
2021-03-16T07:00:00Z,27.680000000,27.400000000,27.980000000,27.220000000,4346
2021-03-17T07:00:00Z,26.820000000,27.300000000,27.900000000,26.800000000,644
2021-03-18T07:00:00Z,26.820000000,27.340000000,27.880000000,26.720000000,1333
2021-03-19T07:00:00Z,27.040000000,27.220000000,27.600000000,26.720000000,201
2021-03-22T07:00:00Z,26.740000000,26.980000000,27.500000000,26.740000000,197
2021-03-23T07:00:00Z,27.740000000,26.800000000,27.740000000,25.540000000,1725
2021-03-24T07:00:00Z,26.740000000,26.560000000,27.400000000,26.240000000,1099
2021-03-25T07:00:00Z,25.760000000,27.000000000,27.020000000,25.740000000,1436
2021-03-26T07:00:00Z,26.800000000,27.060000000,27.060000000,26.260000000,36
2021-03-29T07:00:00Z,27.540000000,26.760000000,27.540000000,26.620000000,249
2021-03-30T07:00:00Z,26.780000000,27.060000000,27.500000000,26.700000000,3099
2021-03-31T07:00:00Z,27.060000000,27.180000000,27.860000000,27.000000000,1589
2021-04-01T07:00:00Z,27.380000000,27.380000000,27.680000000,27.020000000,510
2021-04-02T07:00:00Z,27.340000000,27.200000000,27.340000000,27.120000000,16
2021-04-05T07:00:00Z,27.100000000,27.000000000,27.380000000,26.700000000,2024
2021-04-06T07:00:00Z,27.200000000,26.720000000,27.200000000,26.720000000,1069
2021-04-07T07:00:00Z,27.120000000,26.720000000,27.120000000,26.700000000,112
2021-04-08T07:00:00Z,26.960000000,26.620000000,26.960000000,26.500000000,414
2021-04-09T07:00:00Z,26.900000000,26.580000000,26.900000000,26.540000000,743
2021-04-12T07:00:00Z,26.780000000,26.600000000,26.780000000,26.580000000,97
2021-04-13T07:00:00Z,26.960000000,26.820000000,26.960000000,26.660000000,156
2021-04-14T07:00:00Z,26.860000000,26.640000000,26.860000000,26.600000000,470
2021-04-15T07:00:00Z,26.620000000,26.520000000,27.080000000,26.520000000,422
2021-04-16T07:00:00Z,26.560000000,26.560000000,26.720000000,26.420000000,879
2021-04-19T07:00:00Z,26.580000000,26.440000000,26.600000000,26.420000000,478
2021-04-20T07:00:00Z,26.760000000,26.300000000,26.760000000,25.920000000,329
2021-04-21T07:00:00Z,26.420000000,26.000000000,26.540000000,25.960000000,261
2021-04-22T07:00:00Z,26.240000000,26.380000000,29.560000000,26.040000000,8872
2021-04-23T07:00:00Z,26.800000000,26.140000000,26.900000000,25.920000000,1080
2021-04-26T07:00:00Z,26.460000000,26.300000000,26.460000000,25.920000000,2493
2021-04-27T07:00:00Z,26.700000000,26.180000000,26.700000000,26.100000000,641
2021-04-28T07:00:00Z,26.480000000,25.760000000,26.480000000,25.520000000,542
2021-04-29T07:00:00Z,25.800000000,25.480000000,25.800000000,25.000000000,953
2021-04-30T07:00:00Z,25.280000000,24.920000000,25.280000000,24.000000000,844
2021-05-04T07:00:00Z,25.000000000,24.900000000,25.280000000,24.900000000,119
2021-05-05T07:00:00Z,25.360000000,25.340000000,25.500000000,25.000000000,157
2021-05-06T07:00:00Z,24.800000000,25.200000000,25.420000000,24.780000000,112
2021-05-07T07:00:00Z,24.840000000,25.220000000,25.580000000,24.840000000,161
2021-05-10T07:00:00Z,25.420000000,25.320000000,25.620000000,25.060000000,49
2021-05-11T07:00:00Z,24.400000000,24.780000000,25.500000000,24.400000000,421
2021-05-12T07:00:00Z,24.500000000,24.580000000,24.800000000,24.420000000,190
2021-05-13T07:00:00Z,24.680000000,24.580000000,24.680000000,24.400000000,106
2021-05-14T07:00:00Z,24.520000000,25.120000000,25.140000000,24.520000000,633
2021-05-17T07:00:00Z,25.380000000,24.840000000,25.380000000,24.820000000,109
2021-05-18T07:00:00Z,25.380000000,26.960000000,29.440000000,24.800000000,18213
2021-05-19T07:00:00Z,26.960000000,26.900000000,27.460000000,26.180000000,2087
2021-05-20T07:00:00Z,27.460000000,26.580000000,27.460000000,26.540000000,217
2021-05-21T07:00:00Z,26.700000000,26.640000000,26.980000000,26.140000000,320
2021-05-24T07:00:00Z,26.620000000,26.460000000,26.860000000,26.260000000,211
2021-05-25T07:00:00Z,26.860000000,26.540000000,26.980000000,26.020000000,358
2021-05-26T07:00:00Z,26.780000000,26.520000000,28.520000000,26.000000000,2036
2021-05-27T07:00:00Z,26.060000000,27.280000000,27.400000000,25.840000000,1061
2021-05-28T07:00:00Z,27.300000000,26.060000000,27.500000000,26.000000000,993
2021-05-31T07:00:00Z,26.080000000,26.060000000,26.540000000,26.040000000,390
2021-06-01T07:00:00Z,26.100000000,26.880000000,28.400000000,26.080000000,1881
2021-06-02T07:00:00Z,26.500000000,27.280000000,28.200000000,26.500000000,3404
2021-06-03T07:00:00Z,26.860000000,26.840000000,27.480000000,26.840000000,118
2021-06-04T07:00:00Z,27.240000000,27.220000000,27.780000000,27.100000000,503
2021-06-07T07:00:00Z,26.860000000,27.040000000,27.760000000,26.860000000,1326
2021-06-08T07:00:00Z,27.420000000,27.300000000,27.520000000,27.040000000,850
2021-06-09T07:00:00Z,27.300000000,27.340000000,27.400000000,27.020000000,47
2021-06-10T07:00:00Z,27.020000000,27.000000000,27.340000000,27.000000000,23
2021-06-11T07:00:00Z,26.820000000,27.220000000,27.260000000,26.820000000,35
2021-06-14T07:00:00Z,26.780000000,27.200000000,27.440000000,26.720000000,313
2021-06-15T07:00:00Z,27.420000000,26.880000000,27.420000000,26.880000000,44
2021-06-16T07:00:00Z,26.920000000,26.740000000,26.920000000,26.160000000,216
2021-06-17T07:00:00Z,27.080000000,26.780000000,27.080000000,26.540000000,21
2021-06-18T07:00:00Z,27.060000000,25.940000000,27.060000000,25.520000000,420
2021-06-21T07:00:00Z,25.060000000,26.980000000,27.440000000,25.000000000,2912
2021-06-22T07:00:00Z,27.300000000,27.380000000,27.420000000,26.980000000,1994
2021-06-23T07:00:00Z,26.660000000,27.280000000,27.420000000,26.600000000,200
2021-06-24T07:00:00Z,26.640000000,27.060000000,27.060000000,26.640000000,141
2021-06-25T07:00:00Z,26.700000000,26.980000000,26.980000000,25.920000000,513
2021-06-28T07:00:00Z,27.360000000,27.000000000,27.600000000,26.740000000,418
2021-06-29T07:00:00Z,27.000000000,27.100000000,27.800000000,25.920000000,4891
2021-06-30T07:00:00Z,27.000000000,28.000000000,29.000000000,26.660000000,5713
2021-07-01T07:00:00Z,28.000000000,28.700000000,31.620000000,27.000000000,9807
2021-07-02T07:00:00Z,28.740000000,27.100000000,29.300000000,26.900000000,2517
2021-07-05T07:00:00Z,26.740000000,28.300000000,28.440000000,26.740000000,951
2021-07-06T07:00:00Z,28.400000000,28.020000000,28.400000000,27.220000000,654
2021-07-07T07:00:00Z,27.100000000,27.900000000,28.100000000,27.060000000,508
2021-07-08T07:00:00Z,27.900000000,27.900000000,27.900000000,26.800000000,256
2021-07-09T07:00:00Z,27.900000000,27.840000000,27.900000000,27.380000000,347
2021-07-12T07:00:00Z,27.840000000,27.560000000,27.840000000,27.040000000,41
2021-07-13T07:00:00Z,27.000000000,27.860000000,27.860000000,26.680000000,166
2021-07-14T07:00:00Z,27.300000000,27.680000000,27.780000000,26.660000000,742
2021-07-15T07:00:00Z,27.760000000,27.540000000,27.760000000,26.500000000,279
2021-07-16T07:00:00Z,27.000000000,27.340000000,27.640000000,27.000000000,39
2021-07-19T07:00:00Z,27.340000000,27.320000000,27.340000000,26.040000000,1037
2021-07-20T07:00:00Z,27.360000000,27.500000000,27.700000000,26.680000000,271
2021-07-21T07:00:00Z,27.700000000,27.700000000,27.700000000,27.100000000,136
2021-07-22T07:00:00Z,27.460000000,27.760000000,27.780000000,26.180000000,335
2021-07-23T07:00:00Z,26.240000000,27.420000000,27.720000000,26.240000000,16
2021-07-26T07:00:00Z,27.700000000,27.040000000,27.700000000,26.580000000,536
2021-07-27T07:00:00Z,26.660000000,27.200000000,27.260000000,26.660000000,20
2021-07-28T07:00:00Z,27.020000000,27.560000000,27.740000000,26.780000000,414
2021-07-29T07:00:00Z,26.740000000,27.580000000,27.600000000,26.740000000,530
2021-07-30T07:00:00Z,27.500000000,27.360000000,27.540000000,26.820000000,214
2021-08-02T07:00:00Z,27.200000000,27.300000000,27.340000000,26.920000000,12
2021-08-03T07:00:00Z,27.140000000,27.000000000,27.360000000,26.940000000,69
2021-08-04T07:00:00Z,26.840000000,26.900000000,27.300000000,26.780000000,182
2021-08-05T07:00:00Z,27.320000000,27.160000000,27.500000000,27.100000000,207
2021-08-06T07:00:00Z,27.360000000,26.840000000,27.360000000,26.780000000,453
2021-08-09T07:00:00Z,26.800000000,26.900000000,26.900000000,26.780000000,192
2021-08-10T07:00:00Z,27.200000000,26.660000000,27.200000000,26.560000000,1227
2021-08-11T07:00:00Z,26.700000000,26.840000000,26.980000000,26.600000000,522
2021-08-12T07:00:00Z,26.700000000,26.500000000,26.880000000,26.400000000,1327
2021-08-13T07:00:00Z,26.760000000,26.900000000,28.500000000,26.600000000,1341
2021-08-16T07:00:00Z,28.060000000,27.100000000,28.120000000,26.680000000,245
2021-08-17T07:00:00Z,26.940000000,27.480000000,27.700000000,26.640000000,190
2021-08-18T07:00:00Z,26.680000000,27.500000000,27.880000000,26.600000000,540
2021-08-19T07:00:00Z,26.700000000,26.900000000,27.300000000,26.700000000,56
2021-08-20T07:00:00Z,26.720000000,26.680000000,27.720000000,26.660000000,244
2021-08-23T07:00:00Z,26.660000000,26.860000000,27.380000000,26.660000000,95
2021-08-24T07:00:00Z,26.660000000,27.060000000,28.460000000,26.580000000,2597
2021-08-25T07:00:00Z,27.800000000,27.740000000,27.940000000,27.020000000,180
2021-08-26T07:00:00Z,27.720000000,27.400000000,27.720000000,27.100000000,39
2021-08-27T07:00:00Z,27.660000000,27.680000000,27.700000000,27.100000000,215
2021-08-30T07:00:00Z,26.680000000,27.660000000,28.260000000,26.540000000,2337
2021-08-31T07:00:00Z,27.700000000,27.480000000,27.700000000,27.060000000,52
2021-09-01T07:00:00Z,27.600000000,27.340000000,27.740000000,27.020000000,157
2021-09-02T07:00:00Z,27.380000000,27.360000000,27.460000000,27.040000000,35
2021-09-03T07:00:00Z,27.360000000,28.580000000,30.880000000,27.080000000,4149
2021-09-06T07:00:00Z,28.600000000,27.500000000,29.420000000,27.240000000,2329
2021-09-07T07:00:00Z,27.840000000,28.220000000,28.220000000,27.140000000,909
2021-09-08T07:00:00Z,27.540000000,27.540000000,28.160000000,27.420000000,457
2021-09-09T07:00:00Z,27.660000000,27.480000000,27.660000000,27.200000000,203
2021-09-10T07:00:00Z,27.400000000,27.840000000,27.840000000,27.140000000,433
2021-09-13T07:00:00Z,27.220000000,28.100000000,28.140000000,27.220000000,1662
2021-09-14T07:00:00Z,27.520000000,27.800000000,28.100000000,27.520000000,53
2021-09-15T07:00:00Z,27.900000000,27.440000000,28.020000000,27.380000000,374
2021-09-16T07:00:00Z,27.680000000,27.840000000,27.920000000,27.400000000,127
2021-09-17T07:00:00Z,27.360000000,27.380000000,27.840000000,27.360000000,19
2021-09-20T07:00:00Z,27.280000000,27.900000000,27.960000000,27.140000000,795
2021-09-21T07:00:00Z,27.880000000,27.400000000,27.880000000,27.300000000,172
2021-09-22T07:00:00Z,27.300000000,27.920000000,28.220000000,27.300000000,1653
2021-09-23T07:00:00Z,27.960000000,27.960000000,27.960000000,27.280000000,335
2021-09-24T07:00:00Z,27.960000000,27.920000000,28.000000000,27.480000000,1801
2021-09-27T07:00:00Z,27.620000000,28.000000000,28.200000000,27.620000000,638
2021-09-28T07:00:00Z,28.000000000,28.120000000,28.120000000,27.600000000,397
2021-09-29T07:00:00Z,27.720000000,28.040000000,28.040000000,27.720000000,27
2021-09-30T07:00:00Z,28.000000000,27.760000000,28.020000000,27.700000000,249
2021-10-01T07:00:00Z,27.700000000,27.940000000,28.640000000,27.700000000,1549
2021-10-04T07:00:00Z,28.100000000,27.980000000,29.360000000,27.960000000,2017
2021-10-05T07:00:00Z,28.160000000,27.840000000,28.180000000,27.700000000,660
2021-10-06T07:00:00Z,28.000000000,27.820000000,28.080000000,27.760000000,109
2021-10-07T07:00:00Z,28.040000000,28.040000000,28.160000000,27.780000000,258
2021-10-08T07:00:00Z,27.800000000,28.060000000,28.100000000,27.720000000,621
2021-10-11T07:00:00Z,27.840000000,28.240000000,28.720000000,27.720000000,2804
2021-10-12T07:00:00Z,28.240000000,28.060000000,28.240000000,27.700000000,811
2021-10-13T07:00:00Z,27.860000000,28.120000000,28.120000000,27.720000000,1522
2021-10-14T07:00:00Z,28.140000000,32.320000000,39.340000000,28.140000000,131255
2021-10-15T07:00:00Z,32.200000000,31.680000000,32.700000000,30.300000000,17089
2021-10-18T07:00:00Z,31.160000000,31.160000000,31.660000000,30.060000000,27611
2021-10-19T07:00:00Z,31.120000000,30.180000000,31.180000000,29.600000000,33227
2021-10-20T07:00:00Z,30.580000000,30.420000000,31.720000000,30.020000000,18964
2021-10-21T07:00:00Z,30.400000000,30.260000000,30.800000000,29.040000000,9210
2021-10-22T07:00:00Z,29.240000000,29.360000000,30.260000000,29.240000000,6566
2021-10-25T07:00:00Z,29.340000000,30.180000000,30.640000000,28.860000000,4944
2021-10-26T07:00:00Z,30.240000000,29.940000000,30.340000000,29.800000000,1361
2021-10-27T07:00:00Z,30.300000000,29.620000000,30.300000000,28.880000000,7033
2021-10-28T07:00:00Z,28.820000000,29.980000000,30.200000000,28.820000000,4553
2021-10-29T07:00:00Z,28.980000000,29.880000000,29.960000000,28.980000000,637
2021-11-01T07:00:00Z,29.960000000,29.280000000,29.960000000,29.240000000,1215
2021-11-02T07:00:00Z,29.300000000,29.500000000,29.880000000,28.300000000,7964
2021-11-03T07:00:00Z,29.880000000,29.360000000,29.880000000,29.140000000,1723
2021-11-05T07:00:00Z,29.240000000,29.280000000,29.940000000,28.200000000,7871
2021-11-08T07:00:00Z,29.180000000,29.780000000,30.280000000,28.980000000,2790
2021-11-09T07:00:00Z,28.600000000,29.540000000,29.700000000,28.400000000,5203
2021-11-10T07:00:00Z,29.020000000,29.620000000,29.660000000,29.020000000,907
2021-11-11T07:00:00Z,29.620000000,29.340000000,29.640000000,28.660000000,2119
2021-11-12T07:00:00Z,29.360000000,29.160000000,29.360000000,28.580000000,219
2021-11-15T07:00:00Z,29.340000000,29.200000000,29.340000000,28.840000000,473
2021-11-16T07:00:00Z,28.760000000,29.220000000,29.220000000,28.660000000,689
2021-11-17T07:00:00Z,29.260000000,29.100000000,29.260000000,28.860000000,83
2021-11-18T07:00:00Z,28.600000000,29.180000000,29.220000000,28.300000000,542
2021-11-19T07:00:00Z,29.180000000,29.160000000,29.200000000,27.920000000,1152
2021-11-22T07:00:00Z,29.220000000,29.040000000,29.240000000,28.000000000,638
2021-11-23T07:00:00Z,27.520000000,28.720000000,29.060000000,27.440000000,233
2021-11-24T07:00:00Z,28.100000000,28.480000000,29.100000000,27.940000000,359
2021-11-25T07:00:00Z,28.460000000,29.100000000,29.800000000,28.240000000,595
2021-11-26T07:00:00Z,28.980000000,28.820000000,29.160000000,28.300000000,216
2021-11-29T07:00:00Z,29.260000000,28.920000000,29.260000000,28.280000000,817
2021-11-30T07:00:00Z,29.100000000,29.040000000,29.100000000,28.280000000,691
2021-12-01T07:00:00Z,29.040000000,29.040000000,29.040000000,28.380000000,122
2021-12-02T07:00:00Z,28.600000000,28.740000000,29.000000000,28.240000000,491
2021-12-03T07:00:00Z,28.140000000,28.860000000,29.380000000,28.140000000,1531
2021-12-06T07:00:00Z,28.800000000,28.140000000,28.920000000,27.660000000,1627
2021-12-07T07:00:00Z,28.840000000,27.920000000,28.840000000,27.680000000,253
2021-12-08T07:00:00Z,28.220000000,28.060000000,28.640000000,27.500000000,978
2021-12-09T07:00:00Z,27.660000000,28.160000000,28.160000000,26.420000000,1784
2021-12-10T07:00:00Z,27.380000000,27.600000000,28.440000000,27.380000000,323
2021-12-13T07:00:00Z,27.600000000,26.600000000,27.800000000,26.480000000,2771
2021-12-14T07:00:00Z,26.480000000,26.240000000,26.480000000,26.120000000,875
2021-12-15T07:00:00Z,26.160000000,27.580000000,28.400000000,26.160000000,502
2021-12-16T07:00:00Z,27.220000000,27.240000000,27.860000000,27.180000000,736
2021-12-17T07:00:00Z,27.760000000,27.440000000,27.760000000,27.440000000,44
2021-12-20T07:00:00Z,27.500000000,27.420000000,27.500000000,27.140000000,3169
2021-12-21T07:00:00Z,27.420000000,27.160000000,27.720000000,27.020000000,1881
2021-12-22T07:00:00Z,27.580000000,27.060000000,27.600000000,26.880000000,3300
2021-12-23T07:00:00Z,27.000000000,26.900000000,27.100000000,26.700000000,3180
2021-12-24T07:00:00Z,26.760000000,26.760000000,27.000000000,26.680000000,2055
2021-12-27T07:00:00Z,27.540000000,26.620000000,27.660000000,26.600000000,11736
2021-12-28T07:00:00Z,26.660000000,26.620000000,27.540000000,26.580000000,10349
2021-12-29T07:00:00Z,27.000000000,26.700000000,27.000000000,26.380000000,4635
2021-12-30T07:00:00Z,26.860000000,27.300000000,27.300000000,25.920000000,4161
2022-01-03T07:00:00Z,27.280000000,27.200000000,27.320000000,27.040000000,760
2022-01-04T07:00:00Z,27.120000000,27.160000000,27.240000000,27.000000000,404
2022-01-05T07:00:00Z,27.020000000,27.000000000,27.120000000,26.720000000,291
2022-01-06T07:00:00Z,26.720000000,26.740000000,26.980000000,26.380000000,3929
2022-01-10T07:00:00Z,26.460000000,26.480000000,26.660000000,25.980000000,5673
2022-01-11T07:00:00Z,26.320000000,26.220000000,26.400000000,25.920000000,901
2022-01-12T07:00:00Z,26.220000000,26.240000000,26.560000000,26.040000000,866
2022-01-13T07:00:00Z,26.400000000,26.400000000,26.480000000,26.140000000,149
2022-01-14T07:00:00Z,26.080000000,25.520000000,26.380000000,25.040000000,2654
2022-01-17T07:00:00Z,25.440000000,25.480000000,25.540000000,25.260000000,242
2022-01-18T07:00:00Z,25.140000000,24.640000000,25.140000000,24.640000000,397
2022-01-19T07:00:00Z,24.520000000,25.540000000,26.600000000,22.220000000,2842
2022-01-20T07:00:00Z,25.620000000,25.840000000,26.480000000,25.320000000,396
2022-01-21T07:00:00Z,24.980000000,25.780000000,26.620000000,24.980000000,616
2022-01-24T07:00:00Z,25.440000000,23.080000000,25.980000000,23.020000000,1712
2022-01-25T07:00:00Z,23.060000000,23.540000000,23.640000000,22.300000000,401
2022-01-26T07:00:00Z,24.600000000,23.840000000,24.600000000,23.240000000,162
2022-01-27T07:00:00Z,24.020000000,24.420000000,24.500000000,23.900000000,63
2022-01-28T07:00:00Z,25.000000000,24.060000000,25.000000000,24.060000000,375
2022-01-31T07:00:00Z,24.880000000,25.080000000,25.460000000,24.400000000,127
2022-02-01T07:00:00Z,25.800000000,25.700000000,25.800000000,25.420000000,309
2022-02-02T07:00:00Z,25.340000000,25.540000000,25.760000000,25.340000000,8
2022-02-03T07:00:00Z,25.560000000,25.340000000,25.920000000,25.340000000,178
2022-02-04T07:00:00Z,25.400000000,24.340000000,25.440000000,24.000000000,891
2022-02-07T07:00:00Z,24.420000000,24.760000000,25.620000000,24.060000000,37
2022-02-08T07:00:00Z,25.540000000,24.460000000,25.540000000,24.000000000,999
2022-02-09T07:00:00Z,24.720000000,25.180000000,25.400000000,24.100000000,396
2022-02-10T07:00:00Z,25.900000000,25.400000000,25.900000000,24.500000000,182
2022-02-11T07:00:00Z,25.300000000,25.040000000,25.440000000,24.480000000,785
2022-02-14T07:00:00Z,24.080000000,24.000000000,25.360000000,23.580000000,2247
2022-02-15T07:00:00Z,23.620000000,24.700000000,25.260000000,23.600000000,1235
2022-02-16T07:00:00Z,25.280000000,24.420000000,25.280000000,24.420000000,291
2022-02-17T07:00:00Z,25.240000000,24.500000000,25.240000000,24.180000000,277
2022-02-18T07:00:00Z,24.440000000,24.260000000,24.940000000,23.300000000,1980
2022-02-21T07:00:00Z,24.140000000,20.460000000,24.200000000,20.000000000,3459
2022-02-22T07:00:00Z,20.580000000,21.820000000,21.920000000,16.500000000,1093
2022-02-24T07:00:00Z,21.780000000,16.100000000,21.780000000,15.360000000,1978
2022-02-25T07:00:00Z,17.600000000,18.380000000,20.000000000,17.600000000,1202
