2018-03-09T07:00:00Z,3.360000000,3.330000000,3.360000000,3.330000000,4
2018-03-12T07:00:00Z,3.420000000,3.300000000,3.420000000,3.300000000,30
2018-03-13T07:00:00Z,3.310000000,3.350000000,3.400000000,3.310000000,12
2018-03-14T07:00:00Z,3.370000000,3.370000000,3.400000000,3.370000000,1
2018-03-15T07:00:00Z,3.400000000,3.400000000,3.450000000,3.400000000,2
2018-03-16T07:00:00Z,3.400000000,3.400000000,3.400000000,3.400000000,4
2018-03-23T07:00:00Z,3.350000000,3.400000000,3.400000000,3.310000000,12
2018-03-28T07:00:00Z,3.450000000,3.450000000,3.450000000,3.300000000,1
2018-03-29T07:00:00Z,3.310000000,3.300000000,3.390000000,3.300000000,11
2018-03-30T07:00:00Z,3.300000000,3.380000000,3.390000000,3.300000000,25
2018-04-04T07:00:00Z,3.240000000,3.330000000,3.350000000,3.200000000,41
2018-04-05T07:00:00Z,3.330000000,3.350000000,3.350000000,3.330000000,2
2018-04-09T07:00:00Z,3.200000000,2.900000000,3.200000000,2.900000000,52
2018-04-10T07:00:00Z,2.920000000,3.020000000,3.200000000,2.920000000,90
2018-04-11T07:00:00Z,3.010000000,3.200000000,3.200000000,3.010000000,15
2018-04-12T07:00:00Z,3.000000000,3.000000000,3.200000000,3.000000000,4
2018-04-13T07:00:00Z,3.200000000,3.100000000,3.200000000,3.100000000,22
2018-04-17T07:00:00Z,3.000000000,3.000000000,3.190000000,2.730000000,36
2018-04-18T07:00:00Z,2.950000000,3.050000000,3.200000000,2.950000000,34
2018-04-19T07:00:00Z,3.190000000,3.200000000,3.200000000,3.180000000,20
2018-04-20T07:00:00Z,3.200000000,3.200000000,3.200000000,3.200000000,1
2018-04-23T07:00:00Z,3.280000000,3.280000000,3.280000000,3.190000000,2
2018-04-25T07:00:00Z,3.040000000,3.190000000,3.280000000,3.040000000,23
2018-04-26T07:00:00Z,3.160000000,3.100000000,3.160000000,3.050000000,20
2018-04-27T07:00:00Z,3.110000000,3.100000000,3.210000000,3.100000000,4
2018-04-28T07:00:00Z,3.070000000,3.210000000,3.210000000,3.070000000,27
2018-04-30T07:00:00Z,3.210000000,3.210000000,3.210000000,3.210000000,1
2018-05-03T07:00:00Z,3.290000000,3.320000000,3.320000000,3.290000000,5
2018-05-04T07:00:00Z,3.290000000,3.290000000,3.290000000,3.290000000,1
2018-05-07T07:00:00Z,3.280000000,3.510000000,3.740000000,3.280000000,134
2018-05-08T07:00:00Z,3.530000000,3.730000000,3.740000000,3.430000000,416
2018-05-10T07:00:00Z,3.710000000,3.730000000,3.730000000,3.600000000,2
2018-05-11T07:00:00Z,3.720000000,3.730000000,3.730000000,3.720000000,2
2018-05-14T07:00:00Z,3.630000000,3.690000000,3.690000000,3.630000000,21
2018-05-15T07:00:00Z,3.660000000,3.650000000,3.670000000,3.650000000,3
2018-05-16T07:00:00Z,3.690000000,3.600000000,3.740000000,3.600000000,53
2018-05-17T07:00:00Z,3.600000000,3.690000000,3.700000000,3.600000000,170
2018-05-18T07:00:00Z,3.690000000,3.630000000,3.690000000,3.630000000,21
2018-05-21T07:00:00Z,3.710000000,3.720000000,3.800000000,3.680000000,22
2018-05-22T07:00:00Z,3.720000000,3.760000000,3.760000000,3.600000000,116
2018-05-23T07:00:00Z,3.660000000,3.690000000,3.690000000,3.630000000,47
2018-05-24T07:00:00Z,3.660000000,3.660000000,3.660000000,3.650000000,8
2018-05-25T07:00:00Z,3.650000000,3.660000000,3.660000000,3.650000000,16
2018-05-29T07:00:00Z,3.640000000,3.670000000,3.670000000,3.620000000,4
2018-05-30T07:00:00Z,3.600000000,3.600000000,3.730000000,3.600000000,5
2018-05-31T07:00:00Z,3.620000000,3.710000000,3.760000000,3.620000000,286
2018-06-01T07:00:00Z,3.720000000,3.650000000,3.770000000,3.620000000,391
2018-06-04T07:00:00Z,3.770000000,3.700000000,3.770000000,3.700000000,2
2018-06-05T07:00:00Z,3.770000000,3.670000000,3.770000000,3.600000000,36
2018-06-06T07:00:00Z,3.680000000,3.710000000,3.710000000,3.660000000,27
2018-06-07T07:00:00Z,3.660000000,3.710000000,3.710000000,3.650000000,7
2018-06-08T07:00:00Z,3.730000000,3.730000000,3.730000000,3.730000000,1
2018-06-09T07:00:00Z,3.670000000,3.670000000,3.670000000,3.670000000,1
2018-06-13T07:00:00Z,3.670000000,3.670000000,3.670000000,3.670000000,1
2018-06-14T07:00:00Z,3.630000000,3.630000000,3.640000000,3.630000000,10
2018-06-18T07:00:00Z,3.640000000,3.670000000,3.710000000,3.640000000,20
2018-06-19T07:00:00Z,3.670000000,3.670000000,3.670000000,3.670000000,12
2018-06-20T07:00:00Z,3.640000000,3.730000000,3.730000000,3.640000000,88
2018-06-21T07:00:00Z,3.430000000,3.360000000,3.430000000,3.230000000,49
2018-06-22T07:00:00Z,3.410000000,3.380000000,3.500000000,3.320000000,6
2018-06-25T07:00:00Z,3.380000000,3.330000000,3.380000000,3.330000000,2
2018-06-26T07:00:00Z,3.310000000,3.310000000,3.310000000,3.310000000,5
2018-06-27T07:00:00Z,3.410000000,3.410000000,3.410000000,3.410000000,1
2018-06-28T07:00:00Z,3.370000000,3.270000000,3.370000000,3.140000000,74
2018-06-29T07:00:00Z,3.200000000,3.210000000,3.210000000,3.200000000,10
2018-07-02T07:00:00Z,3.300000000,3.380000000,3.380000000,3.300000000,3
2018-07-03T07:00:00Z,3.370000000,3.370000000,3.370000000,3.370000000,2
2018-07-04T07:00:00Z,3.350000000,3.350000000,3.350000000,3.350000000,2
2018-07-05T07:00:00Z,3.300000000,3.370000000,3.370000000,3.300000000,4
2018-07-09T07:00:00Z,3.340000000,3.340000000,3.340000000,3.340000000,5
2018-07-13T07:00:00Z,3.340000000,3.340000000,3.340000000,3.340000000,1
2018-07-17T07:00:00Z,3.240000000,3.230000000,3.300000000,3.230000000,7
2018-07-18T07:00:00Z,3.240000000,3.240000000,3.240000000,3.240000000,1
2018-07-19T07:00:00Z,3.230000000,3.220000000,3.230000000,3.220000000,4
2018-07-20T07:00:00Z,3.200000000,3.210000000,3.210000000,3.200000000,10
2018-07-24T07:00:00Z,3.300000000,3.220000000,3.300000000,3.220000000,6
2018-07-25T07:00:00Z,3.370000000,3.170000000,3.370000000,3.130000000,96
2018-07-26T07:00:00Z,3.100000000,3.100000000,3.110000000,3.100000000,35
2018-07-27T07:00:00Z,3.160000000,3.200000000,3.200000000,3.160000000,27
2018-07-30T07:00:00Z,3.120000000,3.120000000,3.120000000,3.120000000,5
2018-07-31T07:00:00Z,3.110000000,3.100000000,3.110000000,3.100000000,5
2018-08-02T07:00:00Z,3.110000000,3.070000000,3.120000000,3.060000000,15
2018-08-03T07:00:00Z,3.040000000,3.040000000,3.040000000,3.040000000,4
2018-08-06T07:00:00Z,3.120000000,3.180000000,3.180000000,3.110000000,8
2018-08-07T07:00:00Z,3.170000000,3.170000000,3.170000000,3.170000000,15
2018-08-08T07:00:00Z,3.200000000,3.200000000,3.200000000,3.200000000,3
2018-08-09T07:00:00Z,3.140000000,3.140000000,3.140000000,3.140000000,1
2018-08-13T07:00:00Z,3.170000000,3.120000000,3.180000000,3.120000000,53
2018-08-16T07:00:00Z,3.180000000,3.180000000,3.180000000,3.180000000,7
2018-08-17T07:00:00Z,3.240000000,3.130000000,3.240000000,3.130000000,3
2018-08-20T07:00:00Z,3.120000000,3.120000000,3.120000000,3.110000000,20
2018-08-23T07:00:00Z,3.180000000,3.130000000,3.190000000,3.130000000,33
2018-08-30T07:00:00Z,3.500000000,3.110000000,3.500000000,3.110000000,9
2018-09-03T07:00:00Z,3.130000000,3.050000000,3.130000000,3.050000000,9
2018-09-04T07:00:00Z,3.040000000,3.040000000,3.080000000,3.040000000,10
2018-09-07T07:00:00Z,3.040000000,3.040000000,3.040000000,3.040000000,1
2018-09-10T07:00:00Z,3.040000000,3.080000000,3.100000000,3.030000000,22
2018-09-11T07:00:00Z,3.090000000,3.090000000,3.090000000,3.090000000,4
2018-09-12T07:00:00Z,3.100000000,3.100000000,3.100000000,3.100000000,1
2018-09-13T07:00:00Z,3.140000000,3.140000000,3.140000000,3.140000000,1
2018-09-19T07:00:00Z,3.100000000,3.000000000,3.140000000,2.920000000,61
2018-09-21T07:00:00Z,3.060000000,3.060000000,3.060000000,3.060000000,1
2018-09-25T07:00:00Z,3.070000000,3.120000000,3.120000000,3.060000000,15
2018-09-28T07:00:00Z,3.030000000,3.050000000,3.050000000,3.030000000,3
2018-10-01T07:00:00Z,3.110000000,3.210000000,3.210000000,3.110000000,33
2018-10-03T07:00:00Z,3.200000000,3.240000000,3.240000000,3.200000000,35
2018-10-08T07:00:00Z,3.000000000,3.190000000,3.190000000,3.000000000,2
2018-10-11T07:00:00Z,3.180000000,3.180000000,3.180000000,3.180000000,1
2018-10-12T07:00:00Z,3.140000000,3.140000000,3.140000000,3.140000000,3
2018-10-18T07:00:00Z,3.120000000,3.120000000,3.120000000,3.120000000,1
2018-10-23T07:00:00Z,3.150000000,3.150000000,3.150000000,3.150000000,2
2018-10-31T07:00:00Z,3.140000000,3.150000000,3.150000000,3.140000000,44
2018-11-08T07:00:00Z,3.120000000,3.120000000,3.120000000,3.120000000,1
2018-11-09T07:00:00Z,3.120000000,3.000000000,3.120000000,2.840000000,20
2018-11-12T07:00:00Z,3.000000000,3.000000000,3.000000000,3.000000000,17
2018-11-13T07:00:00Z,3.040000000,3.040000000,3.040000000,3.040000000,1
2018-11-14T07:00:00Z,3.000000000,3.000000000,3.000000000,3.000000000,1
2018-11-15T07:00:00Z,3.020000000,3.040000000,3.040000000,3.020000000,15
2018-11-19T07:00:00Z,3.120000000,3.120000000,3.120000000,3.100000000,63
2018-11-20T07:00:00Z,3.060000000,3.060000000,3.060000000,3.060000000,3
2018-11-21T07:00:00Z,3.000000000,3.000000000,3.000000000,3.000000000,13
2018-11-26T07:00:00Z,3.140000000,3.000000000,3.140000000,3.000000000,35
2018-11-27T07:00:00Z,3.000000000,3.000000000,3.000000000,3.000000000,3
2018-11-28T07:00:00Z,3.060000000,3.060000000,3.060000000,3.060000000,1
2018-11-29T07:00:00Z,3.060000000,3.100000000,3.100000000,3.000000000,19
2018-11-30T07:00:00Z,3.100000000,3.120000000,3.120000000,3.100000000,31
2018-12-04T07:00:00Z,3.020000000,3.020000000,3.020000000,3.020000000,1
2018-12-06T07:00:00Z,3.000000000,3.000000000,3.000000000,3.000000000,1
2018-12-07T07:00:00Z,2.980000000,3.020000000,3.040000000,2.980000000,28
2018-12-10T07:00:00Z,3.100000000,3.100000000,3.100000000,3.100000000,23
2018-12-11T07:00:00Z,3.100000000,3.120000000,3.120000000,3.100000000,27
2018-12-12T07:00:00Z,3.060000000,3.060000000,3.060000000,3.060000000,1
2018-12-17T07:00:00Z,3.160000000,3.120000000,3.160000000,3.080000000,33
2018-12-18T07:00:00Z,3.020000000,2.960000000,3.020000000,2.820000000,52
2018-12-19T07:00:00Z,3.040000000,3.040000000,3.040000000,3.040000000,4
2018-12-20T07:00:00Z,3.080000000,3.080000000,3.080000000,3.080000000,6
2018-12-24T07:00:00Z,2.860000000,2.900000000,3.000000000,2.800000000,124
2018-12-25T07:00:00Z,2.960000000,2.960000000,2.960000000,2.960000000,1
2018-12-26T07:00:00Z,2.840000000,2.880000000,3.000000000,2.800000000,43
2018-12-28T07:00:00Z,3.000000000,3.020000000,3.020000000,3.000000000,7
2018-12-29T07:00:00Z,3.020000000,3.040000000,3.080000000,2.960000000,68
2019-01-08T07:00:00Z,3.060000000,3.060000000,3.060000000,3.060000000,15
2019-01-09T07:00:00Z,3.060000000,3.060000000,3.060000000,3.060000000,16
2019-01-10T07:00:00Z,3.040000000,3.040000000,3.040000000,3.040000000,40
2019-01-11T07:00:00Z,3.060000000,3.060000000,3.060000000,3.060000000,1
2019-01-14T07:00:00Z,3.060000000,3.060000000,3.060000000,3.060000000,1
2019-01-15T07:00:00Z,3.060000000,3.060000000,3.060000000,3.060000000,4
2019-01-16T07:00:00Z,2.980000000,3.140000000,3.140000000,2.920000000,31
2019-01-17T07:00:00Z,3.080000000,3.080000000,3.080000000,3.080000000,1
2019-01-22T07:00:00Z,3.040000000,3.020000000,3.060000000,3.020000000,20
2019-01-24T07:00:00Z,3.180000000,3.300000000,3.900000000,3.180000000,287
2019-01-25T07:00:00Z,3.360000000,3.300000000,3.400000000,3.260000000,21
2019-01-28T07:00:00Z,3.300000000,3.300000000,3.300000000,3.300000000,1
2019-01-29T07:00:00Z,3.220000000,3.200000000,3.220000000,3.200000000,7
2019-01-30T07:00:00Z,3.200000000,3.200000000,3.200000000,3.200000000,1
2019-01-31T07:00:00Z,3.200000000,3.200000000,3.200000000,3.200000000,1
2019-02-01T07:00:00Z,3.180000000,3.200000000,3.200000000,3.180000000,6
2019-02-05T07:00:00Z,3.240000000,3.240000000,3.240000000,3.200000000,8
2019-02-06T07:00:00Z,3.260000000,3.200000000,3.280000000,3.200000000,7
2019-02-07T07:00:00Z,3.300000000,3.220000000,3.300000000,3.200000000,15
2019-02-08T07:00:00Z,3.160000000,3.220000000,3.220000000,3.160000000,7
2019-02-11T07:00:00Z,3.240000000,3.220000000,3.240000000,3.220000000,6
2019-02-12T07:00:00Z,3.240000000,3.240000000,3.280000000,3.220000000,5
2019-02-13T07:00:00Z,3.280000000,3.260000000,3.280000000,3.260000000,2
2019-02-14T07:00:00Z,3.200000000,3.240000000,3.260000000,3.200000000,10
2019-02-15T07:00:00Z,3.240000000,3.240000000,3.240000000,3.240000000,5
2019-02-18T07:00:00Z,3.240000000,3.240000000,3.240000000,3.240000000,2
2019-02-19T07:00:00Z,3.260000000,3.220000000,3.400000000,3.220000000,36
2019-02-27T07:00:00Z,3.320000000,3.340000000,3.340000000,3.320000000,2
2019-03-01T07:00:00Z,3.360000000,3.360000000,3.360000000,3.360000000,2
2019-03-04T07:00:00Z,3.300000000,3.300000000,3.380000000,3.300000000,6
2019-03-07T07:00:00Z,3.380000000,3.680000000,3.780000000,3.380000000,251
2019-03-11T07:00:00Z,3.600000000,3.700000000,3.700000000,3.400000000,73
2019-03-12T07:00:00Z,3.620000000,3.620000000,3.620000000,3.600000000,5
2019-03-14T07:00:00Z,3.420000000,3.720000000,3.720000000,3.420000000,24
2019-03-15T07:00:00Z,3.660000000,3.780000000,3.800000000,3.520000000,56
2019-03-18T07:00:00Z,3.840000000,3.700000000,3.860000000,3.600000000,320
2019-03-19T07:00:00Z,3.600000000,3.700000000,3.700000000,3.600000000,4
2019-03-20T07:00:00Z,3.800000000,3.600000000,3.860000000,3.520000000,48
2019-03-21T07:00:00Z,3.800000000,3.800000000,4.260000000,3.660000000,194
2019-03-22T07:00:00Z,3.880000000,3.700000000,3.940000000,3.600000000,86
2019-03-25T07:00:00Z,3.700000000,3.680000000,3.700000000,3.620000000,7
2019-03-26T07:00:00Z,3.780000000,3.760000000,3.780000000,3.760000000,6
2019-03-27T07:00:00Z,3.580000000,3.640000000,3.640000000,3.580000000,5
2019-03-28T07:00:00Z,3.700000000,3.640000000,3.720000000,3.540000000,53
2019-03-29T07:00:00Z,3.720000000,3.720000000,3.720000000,3.620000000,8
2019-04-01T07:00:00Z,3.860000000,3.920000000,3.920000000,3.720000000,33
2019-04-02T07:00:00Z,3.920000000,3.860000000,3.920000000,3.820000000,40
2019-04-03T07:00:00Z,3.840000000,3.880000000,3.900000000,3.820000000,20
2019-04-05T07:00:00Z,3.880000000,3.960000000,3.960000000,3.880000000,35
2019-04-08T07:00:00Z,3.880000000,3.960000000,3.960000000,3.880000000,4
2019-04-09T07:00:00Z,3.900000000,4.000000000,4.000000000,3.900000000,40
2019-04-10T07:00:00Z,4.000000000,4.020000000,4.080000000,3.900000000,75
2019-04-11T07:00:00Z,4.020000000,4.040000000,4.040000000,3.940000000,52
2019-04-12T07:00:00Z,4.080000000,4.060000000,4.100000000,4.060000000,3
2019-04-15T07:00:00Z,3.980000000,3.940000000,4.000000000,3.920000000,14
2019-04-16T07:00:00Z,3.920000000,3.900000000,3.920000000,3.800000000,33
2019-04-17T07:00:00Z,3.800000000,3.980000000,3.980000000,3.800000000,20
2019-04-18T07:00:00Z,3.920000000,4.000000000,4.000000000,3.880000000,4
2019-04-19T07:00:00Z,3.920000000,4.100000000,4.100000000,3.900000000,39
2019-04-22T07:00:00Z,4.120000000,4.020000000,4.140000000,3.960000000,40
2019-04-23T07:00:00Z,3.980000000,3.980000000,4.020000000,3.760000000,53
2019-04-24T07:00:00Z,3.960000000,3.880000000,3.960000000,3.880000000,16
2019-04-25T07:00:00Z,3.780000000,4.000000000,4.060000000,3.740000000,37
2019-04-26T07:00:00Z,3.920000000,3.860000000,3.920000000,3.820000000,15
2019-04-29T07:00:00Z,3.920000000,3.940000000,3.940000000,3.920000000,3
2019-04-30T07:00:00Z,4.060000000,4.220000000,4.220000000,4.000000000,133
2019-05-02T07:00:00Z,3.970000000,3.970000000,3.970000000,3.970000000,2
2019-05-03T07:00:00Z,4.060000000,3.990000000,4.120000000,3.930000000,53
2019-05-06T07:00:00Z,4.010000000,4.010000000,4.010000000,3.980000000,11
2019-05-07T07:00:00Z,4.000000000,4.000000000,4.010000000,3.940000000,11
2019-05-08T07:00:00Z,4.070000000,4.000000000,4.140000000,3.980000000,8
2019-05-10T07:00:00Z,4.000000000,3.950000000,4.000000000,3.950000000,30
2019-05-13T07:00:00Z,3.970000000,3.970000000,3.970000000,3.970000000,1
2019-05-14T07:00:00Z,4.000000000,4.000000000,4.000000000,4.000000000,1
2019-05-15T07:00:00Z,4.010000000,3.990000000,4.010000000,3.990000000,2
2019-05-16T07:00:00Z,3.980000000,4.000000000,4.000000000,3.980000000,5
2019-05-17T07:00:00Z,3.950000000,4.000000000,4.000000000,3.950000000,4
2019-05-20T07:00:00Z,4.160000000,4.100000000,4.220000000,4.030000000,76
2019-05-21T07:00:00Z,4.070000000,4.180000000,4.220000000,4.050000000,57
2019-05-22T07:00:00Z,4.320000000,4.410000000,4.450000000,4.320000000,124
2019-05-23T07:00:00Z,4.480000000,4.340000000,4.600000000,4.340000000,160
2019-05-24T07:00:00Z,4.540000000,4.510000000,4.540000000,4.220000000,16
2019-05-27T07:00:00Z,4.350000000,4.250000000,4.350000000,4.250000000,3
2019-05-29T07:00:00Z,4.260000000,4.260000000,4.260000000,4.260000000,1
2019-05-30T07:00:00Z,4.270000000,4.270000000,4.270000000,4.260000000,5
2019-05-31T07:00:00Z,4.250000000,4.250000000,4.250000000,4.250000000,1
2019-06-03T07:00:00Z,4.320000000,4.370000000,4.380000000,4.320000000,7
2019-06-05T07:00:00Z,4.280000000,4.280000000,4.280000000,4.280000000,1
2019-06-06T07:00:00Z,4.280000000,4.280000000,4.280000000,4.280000000,3
2019-06-10T07:00:00Z,4.340000000,4.340000000,4.340000000,4.340000000,1
2019-06-13T07:00:00Z,4.400000000,4.440000000,4.440000000,4.400000000,2
2019-06-14T07:00:00Z,4.420000000,4.460000000,4.460000000,4.420000000,7
2019-06-17T07:00:00Z,4.490000000,4.490000000,4.490000000,4.490000000,2
2019-06-18T07:00:00Z,4.400000000,4.340000000,4.400000000,4.340000000,7
2019-06-19T07:00:00Z,4.330000000,4.340000000,4.450000000,4.330000000,6
2019-06-20T07:00:00Z,4.460000000,4.490000000,4.490000000,4.460000000,5
2019-06-21T07:00:00Z,4.430000000,4.430000000,4.430000000,4.430000000,1
2019-06-27T07:00:00Z,4.480000000,4.630000000,4.630000000,4.210000000,5
2019-06-28T07:00:00Z,4.620000000,4.450000000,4.780000000,4.450000000,135
2019-07-02T07:00:00Z,4.510000000,4.620000000,4.620000000,4.510000000,3
2019-07-03T07:00:00Z,4.520000000,4.510000000,4.520000000,4.510000000,3
2019-07-04T07:00:00Z,4.610000000,4.520000000,4.680000000,4.520000000,32
2019-07-05T07:00:00Z,4.210000000,4.170000000,4.290000000,4.100000000,80
2019-07-08T07:00:00Z,4.090000000,4.170000000,4.170000000,4.090000000,8
2019-07-09T07:00:00Z,4.180000000,4.090000000,4.300000000,4.030000000,22
2019-07-10T07:00:00Z,4.100000000,4.080000000,4.100000000,3.930000000,20
2019-07-11T07:00:00Z,4.020000000,4.040000000,4.150000000,4.020000000,35
2019-07-12T07:00:00Z,4.020000000,3.910000000,4.020000000,3.910000000,24
2019-07-15T07:00:00Z,3.910000000,3.980000000,3.980000000,3.910000000,3
2019-07-16T07:00:00Z,4.100000000,4.170000000,4.170000000,4.100000000,11
2019-07-18T07:00:00Z,4.230000000,4.230000000,4.240000000,4.230000000,30
2019-07-19T07:00:00Z,4.300000000,4.300000000,4.300000000,4.300000000,1
2019-07-22T07:00:00Z,4.130000000,4.340000000,4.340000000,4.130000000,36
2019-07-23T07:00:00Z,4.120000000,4.370000000,4.370000000,4.120000000,10
2019-07-25T07:00:00Z,4.130000000,4.250000000,4.250000000,4.100000000,6
2019-07-26T07:00:00Z,4.260000000,4.200000000,4.260000000,4.200000000,27
2019-07-31T07:00:00Z,4.200000000,4.100000000,4.200000000,4.100000000,4
2019-08-01T07:00:00Z,4.110000000,4.100000000,4.110000000,4.080000000,12
2019-08-05T07:00:00Z,4.100000000,4.150000000,4.170000000,4.100000000,60
2019-08-07T07:00:00Z,4.080000000,4.060000000,4.080000000,4.060000000,3
2019-08-08T07:00:00Z,4.060000000,4.060000000,4.060000000,4.060000000,1
2019-08-09T07:00:00Z,4.120000000,4.050000000,4.120000000,4.050000000,9
2019-08-13T07:00:00Z,4.070000000,4.050000000,4.070000000,4.050000000,7
2019-08-14T07:00:00Z,4.020000000,4.000000000,4.020000000,4.000000000,12
2019-08-15T07:00:00Z,4.010000000,3.990000000,4.010000000,3.990000000,10
2019-08-16T07:00:00Z,4.110000000,3.950000000,4.110000000,3.950000000,8
2019-08-19T07:00:00Z,3.840000000,3.950000000,3.950000000,3.840000000,19
2019-08-20T07:00:00Z,3.990000000,3.990000000,3.990000000,3.990000000,1
2019-08-21T07:00:00Z,3.970000000,3.950000000,3.970000000,3.910000000,34
2019-08-23T07:00:00Z,3.910000000,3.900000000,3.910000000,3.900000000,4
2019-08-26T07:00:00Z,3.930000000,3.930000000,3.930000000,3.930000000,2
2019-08-27T07:00:00Z,3.940000000,3.940000000,3.950000000,3.940000000,9
2019-08-29T07:00:00Z,3.950000000,3.950000000,3.950000000,3.950000000,1
2019-09-02T07:00:00Z,3.950000000,3.950000000,3.950000000,3.950000000,1
2019-09-03T07:00:00Z,4.020000000,4.020000000,4.020000000,4.020000000,1
2019-09-04T07:00:00Z,3.940000000,3.980000000,3.990000000,3.940000000,7
2019-09-05T07:00:00Z,4.010000000,3.990000000,4.010000000,3.980000000,4
2019-09-06T07:00:00Z,4.040000000,4.050000000,4.250000000,4.040000000,32
2019-09-09T07:00:00Z,4.060000000,4.020000000,4.060000000,4.020000000,7
2019-09-10T07:00:00Z,4.240000000,4.130000000,4.240000000,4.130000000,2
2019-09-11T07:00:00Z,4.120000000,4.100000000,4.120000000,4.100000000,9
2019-09-12T07:00:00Z,4.050000000,4.000000000,4.050000000,4.000000000,59
2019-09-13T07:00:00Z,4.020000000,4.050000000,4.050000000,4.020000000,4
2019-09-17T07:00:00Z,4.100000000,4.100000000,4.100000000,4.040000000,7
2019-09-18T07:00:00Z,4.150000000,4.150000000,4.150000000,4.150000000,3
2019-09-20T07:00:00Z,4.150000000,4.080000000,4.150000000,4.080000000,3
2019-09-25T07:00:00Z,4.040000000,4.140000000,4.140000000,4.040000000,18
2019-09-27T07:00:00Z,4.160000000,4.160000000,4.160000000,4.160000000,1
2019-09-30T07:00:00Z,4.160000000,4.200000000,4.220000000,4.160000000,4
2019-10-02T07:00:00Z,4.100000000,4.100000000,4.100000000,4.090000000,5
2019-10-03T07:00:00Z,4.180000000,4.190000000,4.190000000,4.180000000,6
2019-10-04T07:00:00Z,4.220000000,4.120000000,4.220000000,4.120000000,3
2019-10-07T07:00:00Z,4.070000000,4.100000000,4.150000000,4.070000000,5
2019-10-09T07:00:00Z,4.150000000,4.110000000,4.190000000,4.110000000,3
2019-10-11T07:00:00Z,4.220000000,4.220000000,4.230000000,4.190000000,32
2019-10-14T07:00:00Z,4.360000000,4.340000000,4.360000000,4.340000000,2
2019-10-15T07:00:00Z,4.280000000,4.280000000,4.280000000,4.280000000,1
2019-10-16T07:00:00Z,4.280000000,4.280000000,4.280000000,4.280000000,4
2019-10-17T07:00:00Z,4.150000000,4.290000000,4.290000000,4.150000000,101
2019-10-18T07:00:00Z,4.300000000,4.300000000,4.310000000,4.300000000,3
2019-10-21T07:00:00Z,4.310000000,4.300000000,4.330000000,4.300000000,4
2019-10-23T07:00:00Z,4.310000000,4.310000000,4.310000000,4.310000000,4
2019-10-24T07:00:00Z,4.100000000,4.100000000,4.100000000,4.100000000,3
2019-10-28T07:00:00Z,4.320000000,4.220000000,4.320000000,4.150000000,5
2019-10-29T07:00:00Z,4.160000000,3.980000000,4.200000000,3.950000000,326
2019-10-30T07:00:00Z,4.000000000,4.000000000,4.010000000,4.000000000,8
2019-10-31T07:00:00Z,4.000000000,3.960000000,4.000000000,3.960000000,29
2019-11-01T07:00:00Z,3.990000000,3.990000000,4.000000000,3.850000000,42
2019-11-05T07:00:00Z,3.900000000,3.980000000,3.980000000,3.900000000,57
2019-11-06T07:00:00Z,3.880000000,3.940000000,3.940000000,3.880000000,7
2019-11-07T07:00:00Z,3.990000000,3.930000000,3.990000000,3.880000000,3
2019-11-08T07:00:00Z,3.960000000,3.950000000,3.960000000,3.940000000,58
2019-11-11T07:00:00Z,3.950000000,3.920000000,3.950000000,3.920000000,2
2019-11-12T07:00:00Z,3.970000000,3.920000000,3.970000000,3.890000000,7
2019-11-13T07:00:00Z,3.940000000,3.930000000,3.980000000,3.910000000,71
2019-11-14T07:00:00Z,4.000000000,4.020000000,4.210000000,3.960000000,106
2019-11-15T07:00:00Z,4.010000000,4.140000000,4.160000000,3.880000000,22
2019-11-18T07:00:00Z,4.180000000,4.110000000,4.190000000,4.110000000,4
2019-11-19T07:00:00Z,4.010000000,4.180000000,4.180000000,4.010000000,5
2019-11-20T07:00:00Z,4.200000000,4.210000000,4.220000000,4.190000000,38
2019-11-22T07:00:00Z,4.370000000,4.060000000,4.370000000,4.050000000,7
2019-11-27T07:00:00Z,4.250000000,4.250000000,4.250000000,4.250000000,1
2019-11-28T07:00:00Z,4.200000000,4.190000000,4.200000000,4.170000000,2
2019-11-29T07:00:00Z,4.110000000,4.110000000,4.110000000,4.110000000,2
2019-12-04T07:00:00Z,4.170000000,4.180000000,4.180000000,4.170000000,4
2019-12-10T07:00:00Z,4.250000000,4.200000000,4.250000000,4.200000000,3
2019-12-11T07:00:00Z,4.270000000,4.340000000,4.350000000,4.270000000,25
2019-12-12T07:00:00Z,4.390000000,4.400000000,4.430000000,4.390000000,9
2019-12-13T07:00:00Z,4.160000000,4.200000000,4.440000000,4.160000000,8
2019-12-16T07:00:00Z,4.100000000,4.150000000,4.200000000,4.100000000,2
2019-12-18T07:00:00Z,4.160000000,4.160000000,4.160000000,4.160000000,3
2019-12-19T07:00:00Z,4.480000000,4.330000000,5.000000000,4.300000000,148
2019-12-20T07:00:00Z,4.260000000,4.440000000,4.500000000,4.260000000,73
2019-12-23T07:00:00Z,4.480000000,4.490000000,4.500000000,4.480000000,9
2019-12-24T07:00:00Z,4.500000000,4.540000000,4.940000000,4.390000000,106
2019-12-25T07:00:00Z,4.350000000,4.500000000,4.610000000,4.350000000,3
2019-12-26T07:00:00Z,4.500000000,4.500000000,4.500000000,4.500000000,1
2019-12-27T07:00:00Z,4.520000000,4.510000000,4.520000000,4.500000000,29
2019-12-30T07:00:00Z,4.310000000,4.690000000,4.790000000,4.310000000,10
2020-01-03T07:00:00Z,4.790000000,4.740000000,4.800000000,4.640000000,12
2020-01-06T07:00:00Z,4.570000000,4.660000000,4.660000000,4.570000000,4
2020-01-09T07:00:00Z,4.650000000,4.640000000,4.650000000,4.640000000,272
2020-01-10T07:00:00Z,4.640000000,4.650000000,4.650000000,4.610000000,8
2020-01-13T07:00:00Z,4.770000000,4.810000000,4.810000000,4.770000000,31
2020-01-14T07:00:00Z,4.750000000,4.720000000,4.750000000,4.720000000,12
2020-01-15T07:00:00Z,4.890000000,4.890000000,4.890000000,4.890000000,2
2020-01-16T07:00:00Z,4.950000000,5.000000000,5.000000000,4.770000000,80
2020-01-17T07:00:00Z,5.100000000,5.150000000,5.150000000,4.910000000,25
2020-01-20T07:00:00Z,5.170000000,5.200000000,5.200000000,5.060000000,191
2020-01-21T07:00:00Z,5.330000000,6.100000000,6.100000000,5.000000000,284
2020-01-22T07:00:00Z,6.200000000,5.830000000,6.970000000,5.600000000,611
2020-01-23T07:00:00Z,6.020000000,5.800000000,6.300000000,5.800000000,72
2020-01-24T07:00:00Z,5.810000000,5.780000000,5.810000000,5.720000000,34
2020-01-27T07:00:00Z,5.770000000,5.460000000,5.810000000,5.410000000,19
2020-01-28T07:00:00Z,5.470000000,5.800000000,5.880000000,5.470000000,20
2020-01-29T07:00:00Z,5.970000000,5.850000000,5.980000000,5.800000000,15
2020-01-30T07:00:00Z,5.910000000,5.780000000,5.910000000,5.780000000,60
2020-01-31T07:00:00Z,5.690000000,5.720000000,5.730000000,5.560000000,94
2020-02-03T07:00:00Z,5.760000000,5.860000000,5.900000000,5.760000000,19
2020-02-04T07:00:00Z,6.000000000,5.950000000,6.000000000,5.950000000,3
2020-02-05T07:00:00Z,5.980000000,6.000000000,6.010000000,5.980000000,9
2020-02-06T07:00:00Z,6.120000000,6.100000000,6.120000000,6.090000000,6
2020-02-07T07:00:00Z,5.980000000,5.940000000,6.120000000,5.880000000,20
2020-02-10T07:00:00Z,6.090000000,6.230000000,6.480000000,6.060000000,66
2020-02-11T07:00:00Z,6.230000000,6.590000000,6.720000000,6.230000000,54
2020-02-12T07:00:00Z,6.770000000,6.380000000,6.790000000,6.120000000,73
2020-02-13T07:00:00Z,6.580000000,6.280000000,6.680000000,6.230000000,40
2020-02-14T07:00:00Z,6.290000000,6.580000000,6.730000000,6.250000000,34
2020-02-17T07:00:00Z,6.300000000,6.370000000,6.720000000,6.300000000,39
2020-02-18T07:00:00Z,6.700000000,6.480000000,6.790000000,6.390000000,33
2020-02-19T07:00:00Z,6.640000000,6.200000000,6.640000000,6.200000000,26
2020-02-20T07:00:00Z,6.420000000,6.230000000,6.600000000,6.090000000,71
2020-02-21T07:00:00Z,6.370000000,6.300000000,6.500000000,6.250000000,36
2020-02-25T07:00:00Z,6.350000000,6.060000000,6.350000000,6.010000000,37
2020-02-26T07:00:00Z,6.010000000,6.230000000,6.310000000,5.810000000,98
2020-02-27T07:00:00Z,6.250000000,5.800000000,6.330000000,5.800000000,76
2020-02-28T07:00:00Z,5.730000000,5.770000000,6.270000000,4.880000000,75
2020-03-02T07:00:00Z,5.780000000,5.780000000,5.880000000,5.690000000,35
2020-03-03T07:00:00Z,5.810000000,5.970000000,6.010000000,5.600000000,46
2020-03-04T07:00:00Z,5.920000000,5.900000000,6.070000000,5.820000000,35
2020-03-05T07:00:00Z,5.970000000,6.040000000,6.110000000,5.640000000,137
2020-03-06T07:00:00Z,5.710000000,5.650000000,5.800000000,5.620000000,21
2020-03-10T07:00:00Z,5.530000000,5.600000000,5.600000000,5.530000000,29
2020-03-11T07:00:00Z,5.600000000,5.560000000,6.000000000,5.050000000,24
2020-03-12T07:00:00Z,5.450000000,5.010000000,5.460000000,5.000000000,39
2020-03-13T07:00:00Z,5.440000000,5.330000000,5.480000000,5.200000000,13
2020-03-16T07:00:00Z,4.160000000,4.880000000,5.720000000,4.160000000,32
2020-03-17T07:00:00Z,4.730000000,4.900000000,4.900000000,4.730000000,3
2020-03-18T07:00:00Z,4.810000000,4.580000000,5.000000000,4.580000000,18
2020-03-20T07:00:00Z,5.390000000,5.010000000,5.390000000,4.980000000,7
2020-03-23T07:00:00Z,4.980000000,5.500000000,5.500000000,4.980000000,6
2020-03-24T07:00:00Z,5.440000000,5.910000000,6.030000000,5.440000000,11
2020-03-25T07:00:00Z,5.710000000,5.790000000,5.940000000,5.710000000,4
2020-03-26T07:00:00Z,5.530000000,5.940000000,5.940000000,5.530000000,3
2020-03-27T07:00:00Z,5.950000000,5.630000000,5.950000000,5.590000000,9
2020-03-30T07:00:00Z,5.450000000,5.500000000,5.690000000,5.430000000,10
2020-03-31T07:00:00Z,5.510000000,5.510000000,5.510000000,5.500000000,2
2020-04-01T07:00:00Z,5.610000000,5.610000000,5.610000000,5.610000000,1
2020-04-02T07:00:00Z,5.530000000,5.530000000,5.530000000,5.520000000,3
2020-04-03T07:00:00Z,5.370000000,5.530000000,5.540000000,5.100000000,36
2020-04-06T07:00:00Z,5.440000000,5.540000000,5.540000000,5.440000000,3
2020-04-07T07:00:00Z,5.620000000,5.500000000,5.630000000,5.080000000,35
2020-04-08T07:00:00Z,5.500000000,5.500000000,5.500000000,5.500000000,1
2020-04-09T07:00:00Z,5.510000000,5.480000000,5.510000000,5.310000000,5
2020-04-10T07:00:00Z,5.520000000,5.590000000,5.630000000,5.520000000,11
2020-04-13T07:00:00Z,5.500000000,6.200000000,6.200000000,5.500000000,246
2020-04-14T07:00:00Z,6.350000000,6.240000000,6.390000000,6.100000000,262
2020-04-15T07:00:00Z,6.130000000,6.180000000,6.290000000,6.100000000,32
2020-04-16T07:00:00Z,6.300000000,6.360000000,6.400000000,6.200000000,37
2020-04-17T07:00:00Z,6.370000000,6.290000000,6.370000000,6.110000000,38
2020-04-20T07:00:00Z,6.290000000,6.240000000,6.290000000,6.230000000,24
2020-04-21T07:00:00Z,6.140000000,6.240000000,6.290000000,6.140000000,6
2020-04-22T07:00:00Z,6.470000000,6.370000000,6.470000000,6.130000000,44
2020-04-23T07:00:00Z,6.400000000,6.390000000,6.400000000,6.140000000,57
2020-04-24T07:00:00Z,6.390000000,6.390000000,6.390000000,6.260000000,15
2020-04-27T07:00:00Z,6.290000000,6.450000000,6.450000000,6.240000000,17
2020-04-28T07:00:00Z,6.460000000,6.590000000,6.600000000,6.400000000,78
2020-04-29T07:00:00Z,6.690000000,6.700000000,6.780000000,6.590000000,190
2020-04-30T07:00:00Z,6.760000000,6.850000000,6.900000000,6.600000000,70
2020-05-04T07:00:00Z,6.840000000,6.780000000,6.840000000,6.380000000,120
2020-05-05T07:00:00Z,6.840000000,7.340000000,7.940000000,6.820000000,307
2020-05-06T07:00:00Z,7.260000000,7.480000000,7.500000000,7.000000000,187
2020-05-07T07:00:00Z,7.500000000,7.940000000,8.340000000,7.240000000,397
2020-05-08T07:00:00Z,8.180000000,7.960000000,8.200000000,7.700000000,180
2020-05-12T07:00:00Z,7.800000000,8.000000000,8.240000000,7.800000000,96
2020-05-13T07:00:00Z,7.940000000,7.740000000,8.120000000,7.720000000,172
2020-05-14T07:00:00Z,7.900000000,7.820000000,7.900000000,7.740000000,43
2020-05-15T07:00:00Z,7.920000000,7.720000000,7.920000000,7.700000000,106
2020-05-18T07:00:00Z,7.960000000,7.800000000,7.960000000,7.700000000,168
2020-05-19T07:00:00Z,7.960000000,7.740000000,7.980000000,7.520000000,167
2020-05-20T07:00:00Z,7.700000000,7.940000000,7.960000000,7.640000000,168
2020-05-21T07:00:00Z,8.000000000,8.180000000,8.300000000,8.000000000,196
2020-05-22T07:00:00Z,8.340000000,8.860000000,9.980000000,8.240000000,942
2020-05-25T07:00:00Z,8.900000000,11.300000000,11.980000000,8.900000000,1490
2020-05-26T07:00:00Z,11.500000000,15.600000000,15.800000000,11.500000000,3421
2020-05-27T07:00:00Z,16.100000000,12.800000000,18.520000000,12.600000000,3282
2020-05-28T07:00:00Z,12.700000000,11.220000000,12.700000000,10.380000000,1686
2020-05-29T07:00:00Z,11.220000000,12.340000000,14.280000000,11.140000000,2451
2020-06-01T07:00:00Z,12.920000000,12.200000000,13.200000000,12.100000000,754
2020-06-02T07:00:00Z,12.480000000,11.800000000,12.480000000,10.640000000,1362
2020-06-03T07:00:00Z,11.200000000,10.680000000,11.240000000,10.020000000,611
2020-06-04T07:00:00Z,10.880000000,9.640000000,11.000000000,9.520000000,297
2020-06-05T07:00:00Z,9.520000000,9.280000000,9.780000000,9.100000000,399
2020-06-08T07:00:00Z,9.120000000,9.700000000,10.000000000,9.000000000,185
2020-06-09T07:00:00Z,9.640000000,9.960000000,10.780000000,9.420000000,206
2020-06-10T07:00:00Z,10.300000000,10.040000000,10.300000000,10.000000000,61
2020-06-11T07:00:00Z,9.740000000,10.000000000,10.100000000,9.740000000,24
2020-06-15T07:00:00Z,10.160000000,10.280000000,11.000000000,10.120000000,232
2020-06-16T07:00:00Z,10.420000000,10.600000000,10.680000000,10.140000000,133
2020-06-17T07:00:00Z,10.800000000,10.120000000,10.800000000,10.060000000,68
2020-06-18T07:00:00Z,10.080000000,9.980000000,10.240000000,9.960000000,30
2020-06-19T07:00:00Z,9.960000000,10.180000000,10.260000000,9.900000000,95
2020-06-22T07:00:00Z,9.920000000,9.960000000,10.180000000,9.920000000,59
2020-06-23T07:00:00Z,9.960000000,10.180000000,10.280000000,9.920000000,52
2020-06-25T07:00:00Z,10.000000000,10.000000000,10.140000000,9.960000000,43
2020-06-26T07:00:00Z,9.700000000,10.080000000,10.180000000,9.700000000,14
2020-06-29T07:00:00Z,9.600000000,9.960000000,10.000000000,9.600000000,47
2020-06-30T07:00:00Z,9.800000000,9.920000000,10.000000000,9.780000000,94
2020-07-02T07:00:00Z,9.980000000,9.820000000,9.980000000,9.620000000,78
2020-07-03T07:00:00Z,9.880000000,10.200000000,10.380000000,9.800000000,204
2020-07-06T07:00:00Z,9.880000000,9.960000000,10.140000000,9.880000000,48
2020-07-07T07:00:00Z,10.080000000,9.940000000,10.080000000,9.820000000,9
2020-07-08T07:00:00Z,9.880000000,9.860000000,9.980000000,9.780000000,62
2020-07-09T07:00:00Z,9.980000000,9.860000000,10.000000000,9.820000000,26
2020-07-10T07:00:00Z,10.120000000,9.860000000,10.120000000,9.840000000,11
2020-07-13T07:00:00Z,9.860000000,9.780000000,9.880000000,9.600000000,51
2020-07-14T07:00:00Z,9.740000000,9.320000000,9.740000000,9.240000000,45
2020-07-15T07:00:00Z,9.340000000,9.420000000,9.420000000,9.320000000,6
2020-07-16T07:00:00Z,9.240000000,9.060000000,9.360000000,8.920000000,71
2020-07-17T07:00:00Z,9.100000000,8.800000000,9.240000000,8.600000000,79
2020-07-20T07:00:00Z,8.880000000,9.360000000,9.420000000,8.880000000,39
2020-07-21T07:00:00Z,9.360000000,9.060000000,12.420000000,9.020000000,1422
2020-07-22T07:00:00Z,9.060000000,9.360000000,9.900000000,8.940000000,327
2020-07-23T07:00:00Z,9.140000000,9.440000000,9.860000000,9.140000000,245
2020-07-24T07:00:00Z,9.400000000,9.400000000,9.560000000,9.200000000,167
2020-07-27T07:00:00Z,9.580000000,9.280000000,9.580000000,9.260000000,156
2020-07-28T07:00:00Z,9.380000000,9.300000000,10.800000000,9.140000000,1138
2020-07-29T07:00:00Z,9.240000000,9.220000000,9.340000000,9.220000000,138
2020-07-30T07:00:00Z,9.300000000,9.280000000,9.420000000,9.240000000,117
2020-07-31T07:00:00Z,9.320000000,9.300000000,9.320000000,9.220000000,28
2020-08-03T07:00:00Z,9.260000000,9.240000000,9.320000000,9.220000000,70
2020-08-04T07:00:00Z,9.320000000,9.260000000,9.780000000,9.220000000,405
2020-08-05T07:00:00Z,9.300000000,9.280000000,9.600000000,9.240000000,114
2020-08-06T07:00:00Z,9.400000000,9.220000000,9.480000000,9.200000000,115
2020-08-07T07:00:00Z,9.160000000,9.380000000,9.400000000,9.160000000,76
2020-08-10T07:00:00Z,9.360000000,9.340000000,9.420000000,9.260000000,60
2020-08-11T07:00:00Z,9.440000000,9.560000000,9.960000000,9.440000000,313
2020-08-12T07:00:00Z,9.840000000,9.380000000,9.920000000,9.320000000,109
2020-08-13T07:00:00Z,9.500000000,9.640000000,9.640000000,9.460000000,51
2020-08-14T07:00:00Z,9.640000000,9.540000000,9.800000000,9.460000000,136
2020-08-17T07:00:00Z,9.560000000,9.640000000,10.000000000,9.380000000,263
2020-08-18T07:00:00Z,9.720000000,9.660000000,9.800000000,9.600000000,66
2020-08-19T07:00:00Z,9.680000000,9.660000000,9.840000000,9.600000000,35
2020-08-20T07:00:00Z,9.620000000,9.640000000,9.800000000,9.620000000,30
2020-08-21T07:00:00Z,9.760000000,9.500000000,9.760000000,9.500000000,13
2020-08-24T07:00:00Z,9.520000000,9.460000000,9.520000000,9.300000000,29
2020-08-25T07:00:00Z,9.320000000,9.380000000,9.440000000,9.300000000,34
2020-08-26T07:00:00Z,9.360000000,9.380000000,9.500000000,9.320000000,27
2020-08-27T07:00:00Z,9.360000000,9.420000000,9.420000000,9.300000000,37
2020-08-28T07:00:00Z,9.340000000,9.320000000,9.460000000,9.280000000,37
2020-08-31T07:00:00Z,9.400000000,9.340000000,9.500000000,9.340000000,12
2020-09-01T07:00:00Z,9.300000000,9.340000000,9.420000000,9.280000000,310
2020-09-02T07:00:00Z,9.400000000,9.360000000,9.440000000,9.340000000,229
2020-09-03T07:00:00Z,9.300000000,9.280000000,9.380000000,9.260000000,280
2020-09-04T07:00:00Z,9.280000000,9.260000000,9.380000000,9.240000000,96
2020-09-07T07:00:00Z,9.340000000,9.300000000,9.360000000,9.240000000,596
2020-09-08T07:00:00Z,9.260000000,9.280000000,9.280000000,9.240000000,35
2020-09-09T07:00:00Z,9.260000000,9.240000000,9.320000000,9.220000000,72
2020-09-10T07:00:00Z,9.300000000,9.260000000,9.340000000,9.240000000,97
2020-09-11T07:00:00Z,9.320000000,9.260000000,9.320000000,9.220000000,47
2020-09-14T07:00:00Z,9.340000000,9.280000000,9.340000000,9.280000000,15
2020-09-15T07:00:00Z,9.260000000,9.340000000,9.340000000,9.220000000,486
2020-09-16T07:00:00Z,9.340000000,9.300000000,9.360000000,9.220000000,60
2020-09-17T07:00:00Z,9.300000000,9.440000000,9.500000000,9.280000000,321
2020-09-18T07:00:00Z,9.460000000,9.260000000,9.460000000,9.260000000,269
2020-09-21T07:00:00Z,9.280000000,9.200000000,9.320000000,9.060000000,219
2020-09-22T07:00:00Z,9.160000000,9.280000000,9.280000000,9.140000000,42
2020-09-23T07:00:00Z,9.220000000,9.200000000,9.280000000,9.200000000,53
2020-09-24T07:00:00Z,9.220000000,9.160000000,9.220000000,9.120000000,70
2020-09-25T07:00:00Z,9.200000000,9.200000000,9.240000000,9.180000000,17
2020-09-28T07:00:00Z,9.180000000,9.040000000,9.200000000,9.040000000,126
2020-09-29T07:00:00Z,9.160000000,9.060000000,9.160000000,9.000000000,152
2020-09-30T07:00:00Z,9.060000000,9.120000000,9.140000000,9.060000000,148
2020-10-01T07:00:00Z,9.100000000,9.040000000,9.100000000,9.040000000,35
2020-10-02T07:00:00Z,9.020000000,9.000000000,9.080000000,8.900000000,290
2020-10-05T07:00:00Z,8.820000000,9.040000000,9.100000000,8.820000000,45
2020-10-06T07:00:00Z,8.960000000,9.020000000,9.120000000,8.960000000,98
2020-10-07T07:00:00Z,9.100000000,9.040000000,9.100000000,9.040000000,2
2020-10-08T07:00:00Z,9.020000000,9.120000000,9.140000000,9.020000000,58
2020-10-09T07:00:00Z,9.060000000,9.000000000,9.120000000,8.980000000,47
2020-10-12T07:00:00Z,9.080000000,9.080000000,9.100000000,9.020000000,36
2020-10-13T07:00:00Z,9.060000000,9.020000000,9.080000000,9.020000000,11
2020-10-14T07:00:00Z,9.020000000,9.000000000,9.020000000,9.000000000,19
2020-10-15T07:00:00Z,8.980000000,8.980000000,8.980000000,8.840000000,66
2020-10-16T07:00:00Z,8.880000000,8.880000000,8.940000000,8.840000000,136
2020-10-19T07:00:00Z,8.960000000,8.900000000,9.040000000,8.840000000,96
2020-10-20T07:00:00Z,8.900000000,9.000000000,9.020000000,8.740000000,73
2020-10-21T07:00:00Z,8.760000000,9.000000000,9.020000000,8.760000000,15
2020-10-22T07:00:00Z,8.840000000,8.900000000,8.900000000,8.800000000,87
2020-10-23T07:00:00Z,8.840000000,9.580000000,9.900000000,8.840000000,6065
2020-10-26T07:00:00Z,9.420000000,9.100000000,10.260000000,8.840000000,4943
2020-10-27T07:00:00Z,9.120000000,8.940000000,9.140000000,8.860000000,348
2020-10-28T07:00:00Z,9.000000000,8.900000000,9.000000000,8.800000000,455
2020-10-29T07:00:00Z,8.980000000,8.960000000,9.040000000,8.860000000,288
2020-10-30T07:00:00Z,8.900000000,9.000000000,9.080000000,8.640000000,424
2020-11-02T07:00:00Z,9.000000000,8.960000000,9.020000000,8.900000000,43
2020-11-03T07:00:00Z,9.000000000,9.100000000,9.120000000,9.000000000,149
2020-11-05T07:00:00Z,8.940000000,9.140000000,9.140000000,8.940000000,76
2020-11-06T07:00:00Z,9.140000000,9.020000000,9.160000000,8.940000000,375
2020-11-09T07:00:00Z,9.160000000,9.080000000,9.220000000,9.000000000,477
2020-11-10T07:00:00Z,9.160000000,9.280000000,9.440000000,9.060000000,541
2020-11-11T07:00:00Z,9.260000000,9.240000000,9.420000000,9.200000000,134
2020-11-12T07:00:00Z,9.280000000,9.440000000,9.560000000,9.280000000,600
2020-11-13T07:00:00Z,9.440000000,9.520000000,9.780000000,9.440000000,415
2020-11-16T07:00:00Z,9.680000000,9.640000000,9.900000000,9.540000000,712
2020-11-17T07:00:00Z,9.760000000,9.660000000,9.980000000,9.540000000,604
2020-11-18T07:00:00Z,9.640000000,9.680000000,9.980000000,9.520000000,172
2020-11-19T07:00:00Z,9.680000000,9.700000000,9.880000000,9.520000000,470
2020-11-20T07:00:00Z,9.900000000,9.620000000,9.900000000,9.500000000,295
2020-11-23T07:00:00Z,9.700000000,9.620000000,9.700000000,9.540000000,144
2020-11-24T07:00:00Z,9.740000000,9.620000000,9.740000000,9.540000000,130
2020-11-25T07:00:00Z,9.720000000,9.760000000,9.840000000,9.600000000,587
2020-11-26T07:00:00Z,9.800000000,9.660000000,9.980000000,9.620000000,151
2020-11-27T07:00:00Z,9.600000000,9.660000000,9.820000000,9.580000000,94
2020-11-30T07:00:00Z,9.540000000,9.620000000,9.660000000,9.520000000,117
2020-12-01T07:00:00Z,9.540000000,9.700000000,9.800000000,9.540000000,102
2020-12-02T07:00:00Z,9.620000000,9.600000000,9.660000000,9.540000000,314
2020-12-03T07:00:00Z,9.560000000,9.620000000,9.660000000,9.520000000,46
2020-12-04T07:00:00Z,9.520000000,9.620000000,9.660000000,9.480000000,199
2020-12-07T07:00:00Z,9.700000000,9.660000000,9.740000000,9.460000000,135
2020-12-08T07:00:00Z,9.600000000,9.580000000,9.620000000,9.500000000,252
2020-12-09T07:00:00Z,9.600000000,9.560000000,9.640000000,9.500000000,123
2020-12-10T07:00:00Z,9.720000000,9.640000000,9.720000000,9.580000000,61
2020-12-11T07:00:00Z,9.660000000,9.560000000,9.700000000,9.480000000,151
2020-12-14T07:00:00Z,9.560000000,9.500000000,9.560000000,9.500000000,438
2020-12-15T07:00:00Z,9.520000000,9.400000000,9.520000000,9.320000000,127
2020-12-16T07:00:00Z,9.420000000,9.420000000,9.460000000,9.420000000,57
2020-12-17T07:00:00Z,9.500000000,9.440000000,9.540000000,9.420000000,188
2020-12-18T07:00:00Z,9.520000000,9.480000000,9.640000000,9.400000000,420
2020-12-21T07:00:00Z,9.540000000,9.380000000,9.540000000,9.360000000,92
2020-12-22T07:00:00Z,9.380000000,9.420000000,9.460000000,9.380000000,262
2020-12-23T07:00:00Z,9.600000000,9.340000000,9.600000000,9.340000000,192
2020-12-24T07:00:00Z,9.660000000,9.400000000,9.660000000,9.400000000,76
2020-12-25T07:00:00Z,9.240000000,9.420000000,9.580000000,9.240000000,942
2020-12-28T07:00:00Z,9.600000000,9.700000000,9.980000000,9.240000000,662
2020-12-29T07:00:00Z,9.700000000,9.700000000,9.900000000,9.520000000,385
2020-12-30T07:00:00Z,9.780000000,9.780000000,9.860000000,9.680000000,245
2021-01-04T07:00:00Z,9.880000000,9.820000000,9.980000000,9.800000000,261
2021-01-05T07:00:00Z,9.880000000,9.780000000,9.880000000,9.720000000,75
2021-01-06T07:00:00Z,9.920000000,9.780000000,9.920000000,9.740000000,213
2021-01-08T07:00:00Z,9.940000000,9.700000000,9.940000000,9.700000000,364
2021-01-11T07:00:00Z,9.880000000,10.380000000,10.460000000,9.740000000,1093
2021-01-12T07:00:00Z,10.480000000,10.480000000,11.040000000,10.380000000,2343
2021-01-13T07:00:00Z,10.460000000,10.240000000,10.720000000,9.820000000,557
2021-01-14T07:00:00Z,10.080000000,10.660000000,10.740000000,10.000000000,574
2021-01-15T07:00:00Z,10.720000000,10.660000000,10.740000000,10.300000000,282
2021-01-18T07:00:00Z,10.740000000,10.960000000,11.300000000,10.560000000,1198
2021-01-19T07:00:00Z,11.180000000,10.820000000,11.180000000,10.680000000,124
2021-01-20T07:00:00Z,10.620000000,10.900000000,10.900000000,10.600000000,150
2021-01-21T07:00:00Z,10.940000000,10.720000000,10.960000000,10.500000000,231
2021-01-22T07:00:00Z,10.780000000,10.380000000,10.780000000,10.000000000,1229
2021-01-25T07:00:00Z,10.060000000,11.000000000,11.780000000,10.060000000,1737
2021-01-26T07:00:00Z,11.160000000,11.060000000,11.360000000,10.720000000,643
2021-01-27T07:00:00Z,11.180000000,11.000000000,11.300000000,10.700000000,555
2021-01-28T07:00:00Z,10.840000000,11.040000000,11.040000000,10.700000000,121
2021-01-29T07:00:00Z,10.860000000,10.920000000,11.180000000,10.760000000,722
2021-02-01T07:00:00Z,11.060000000,10.920000000,11.060000000,10.700000000,208
2021-02-02T07:00:00Z,11.020000000,11.580000000,11.780000000,10.980000000,3614
2021-02-03T07:00:00Z,11.560000000,11.500000000,11.600000000,11.200000000,504
2021-02-04T07:00:00Z,11.580000000,11.760000000,11.780000000,11.520000000,318
2021-02-05T07:00:00Z,11.880000000,11.760000000,11.880000000,11.600000000,451
2021-02-08T07:00:00Z,11.900000000,12.940000000,13.300000000,11.780000000,5597
2021-02-09T07:00:00Z,12.980000000,13.000000000,13.840000000,12.140000000,7072
2021-02-10T07:00:00Z,12.700000000,13.120000000,13.360000000,12.400000000,1151
2021-02-11T07:00:00Z,13.260000000,13.140000000,13.420000000,12.740000000,655
2021-02-12T07:00:00Z,13.160000000,13.060000000,13.300000000,12.600000000,1255
2021-02-15T07:00:00Z,13.100000000,12.980000000,13.460000000,12.820000000,973
2021-02-16T07:00:00Z,12.920000000,13.020000000,13.120000000,12.820000000,515
2021-02-17T07:00:00Z,13.260000000,13.080000000,13.260000000,12.940000000,292
2021-02-18T07:00:00Z,13.260000000,12.980000000,13.280000000,12.500000000,1161
2021-02-19T07:00:00Z,12.720000000,12.860000000,13.000000000,12.720000000,76
2021-02-20T07:00:00Z,13.000000000,13.000000000,13.360000000,12.800000000,477
2021-02-22T07:00:00Z,13.260000000,12.620000000,13.260000000,12.220000000,1124
2021-02-24T07:00:00Z,12.620000000,12.460000000,12.700000000,12.200000000,767
2021-02-25T07:00:00Z,12.600000000,12.940000000,13.000000000,12.300000000,296
2021-02-26T07:00:00Z,12.600000000,13.120000000,13.200000000,12.540000000,952
2021-03-01T07:00:00Z,13.220000000,13.140000000,13.400000000,12.900000000,865
2021-03-02T07:00:00Z,13.180000000,13.360000000,13.400000000,12.940000000,653
2021-03-03T07:00:00Z,13.380000000,13.300000000,13.500000000,13.100000000,663
2021-03-04T07:00:00Z,13.440000000,13.240000000,13.500000000,13.140000000,59
2021-03-05T07:00:00Z,13.340000000,13.060000000,13.340000000,12.940000000,67
2021-03-09T07:00:00Z,13.360000000,13.440000000,14.200000000,12.820000000,5360
2021-03-10T07:00:00Z,13.780000000,13.880000000,14.000000000,13.340000000,2623
2021-03-11T07:00:00Z,14.060000000,14.060000000,14.060000000,13.900000000,2619
2021-03-12T07:00:00Z,14.180000000,14.620000000,14.700000000,14.120000000,1046
2021-03-15T07:00:00Z,14.940000000,14.840000000,14.960000000,14.460000000,997
2021-03-16T07:00:00Z,14.980000000,14.880000000,15.000000000,14.760000000,432
2021-03-17T07:00:00Z,14.800000000,14.600000000,14.820000000,14.400000000,300
2021-03-18T07:00:00Z,14.860000000,14.680000000,14.960000000,14.240000000,453
2021-03-19T07:00:00Z,14.700000000,14.640000000,14.700000000,14.140000000,568
2021-03-22T07:00:00Z,14.760000000,14.660000000,14.920000000,14.300000000,333
2021-03-23T07:00:00Z,14.920000000,14.700000000,14.920000000,14.580000000,183
2021-03-24T07:00:00Z,14.640000000,14.600000000,14.800000000,14.400000000,157
2021-03-25T07:00:00Z,14.580000000,14.480000000,14.600000000,14.260000000,85
2021-03-26T07:00:00Z,14.780000000,14.560000000,14.780000000,14.440000000,150
2021-03-29T07:00:00Z,14.520000000,14.220000000,14.720000000,13.900000000,1732
2021-03-30T07:00:00Z,14.340000000,14.280000000,14.360000000,14.020000000,163
2021-03-31T07:00:00Z,14.420000000,14.600000000,14.700000000,14.100000000,1363
2021-04-01T07:00:00Z,14.620000000,14.920000000,14.920000000,14.620000000,462
2021-04-02T07:00:00Z,15.340000000,14.880000000,15.340000000,14.700000000,232
2021-04-05T07:00:00Z,14.720000000,14.680000000,14.920000000,14.640000000,1176
2021-04-06T07:00:00Z,14.640000000,14.480000000,14.640000000,14.480000000,1763
2021-04-07T07:00:00Z,14.620000000,14.800000000,15.500000000,14.620000000,1579
2021-04-08T07:00:00Z,15.260000000,14.640000000,15.260000000,14.560000000,474
2021-04-09T07:00:00Z,14.980000000,14.820000000,14.980000000,14.720000000,128
2021-04-12T07:00:00Z,15.080000000,14.780000000,15.080000000,14.580000000,171
2021-04-13T07:00:00Z,14.780000000,15.000000000,15.560000000,14.560000000,2552
2021-04-14T07:00:00Z,15.500000000,16.100000000,16.480000000,15.220000000,8202
2021-04-15T07:00:00Z,16.100000000,15.600000000,16.860000000,14.840000000,14869
2021-04-16T07:00:00Z,15.760000000,15.520000000,15.980000000,15.360000000,3477
2021-04-19T07:00:00Z,15.520000000,16.260000000,16.900000000,15.520000000,5584
2021-04-20T07:00:00Z,16.260000000,16.380000000,16.960000000,16.260000000,2450
2021-04-21T07:00:00Z,16.420000000,16.660000000,16.760000000,16.420000000,1471
2021-04-22T07:00:00Z,16.680000000,17.100000000,17.180000000,16.680000000,2834
2021-04-23T07:00:00Z,17.200000000,17.460000000,17.460000000,17.060000000,2834
2021-04-26T07:00:00Z,17.500000000,17.300000000,17.500000000,17.040000000,2779
2021-04-27T07:00:00Z,17.300000000,17.260000000,17.400000000,17.000000000,2374
2021-04-28T07:00:00Z,17.220000000,17.600000000,17.760000000,17.040000000,1664
2021-04-29T07:00:00Z,17.680000000,19.440000000,24.620000000,17.320000000,14446
2021-04-30T07:00:00Z,21.380000000,18.720000000,21.380000000,18.280000000,8804
2021-05-04T07:00:00Z,19.020000000,18.340000000,19.240000000,18.100000000,2296
2021-05-05T07:00:00Z,18.240000000,18.220000000,18.700000000,17.500000000,3051
2021-05-06T07:00:00Z,18.380000000,18.660000000,18.960000000,17.680000000,2177
2021-05-07T07:00:00Z,18.780000000,19.620000000,19.780000000,18.600000000,3518
2021-05-10T07:00:00Z,19.620000000,20.600000000,20.600000000,19.300000000,5219
2021-05-11T07:00:00Z,20.700000000,21.900000000,22.000000000,20.400000000,7274
2021-05-12T07:00:00Z,22.100000000,24.580000000,24.980000000,21.700000000,14545
2021-05-13T07:00:00Z,24.980000000,27.000000000,29.600000000,24.820000000,29755
2021-05-14T07:00:00Z,27.180000000,23.220000000,29.120000000,22.080000000,21212
2021-05-17T07:00:00Z,23.500000000,22.500000000,23.980000000,20.460000000,8069
2021-05-18T07:00:00Z,22.800000000,23.000000000,23.340000000,21.600000000,4607
2021-05-19T07:00:00Z,23.100000000,22.440000000,23.580000000,22.000000000,2936
2021-05-20T07:00:00Z,22.040000000,22.160000000,22.840000000,22.020000000,1326
2021-05-21T07:00:00Z,22.340000000,22.120000000,22.480000000,21.740000000,2251
2021-05-24T07:00:00Z,22.580000000,21.780000000,22.580000000,21.400000000,2332
2021-05-25T07:00:00Z,21.960000000,21.160000000,21.960000000,20.900000000,4096
2021-05-26T07:00:00Z,21.120000000,20.680000000,21.300000000,20.020000000,5748
2021-05-27T07:00:00Z,20.760000000,20.800000000,22.400000000,20.100000000,4244
2021-05-28T07:00:00Z,20.800000000,21.000000000,21.400000000,20.600000000,6668
2021-05-31T07:00:00Z,21.260000000,22.680000000,23.000000000,21.260000000,16438
2021-06-01T07:00:00Z,22.680000000,22.600000000,22.900000000,21.020000000,19129
2021-06-02T07:00:00Z,21.060000000,20.400000000,21.100000000,20.100000000,10820
2021-06-03T07:00:00Z,20.340000000,19.260000000,20.340000000,19.260000000,6147
2021-06-04T07:00:00Z,19.220000000,18.200000000,19.720000000,18.120000000,5760
2021-06-07T07:00:00Z,18.100000000,18.320000000,18.900000000,17.000000000,3228
2021-06-08T07:00:00Z,18.200000000,18.200000000,18.480000000,17.900000000,1150
2021-06-09T07:00:00Z,18.120000000,17.980000000,18.340000000,17.720000000,552
2021-06-10T07:00:00Z,17.740000000,17.760000000,17.940000000,17.660000000,1036
2021-06-11T07:00:00Z,17.860000000,17.700000000,17.860000000,17.000000000,836
2021-06-14T07:00:00Z,18.000000000,17.440000000,18.000000000,17.220000000,547
2021-06-15T07:00:00Z,17.240000000,17.400000000,17.480000000,17.000000000,526
2021-06-16T07:00:00Z,17.500000000,17.160000000,17.500000000,16.920000000,1007
2021-06-17T07:00:00Z,17.160000000,17.200000000,17.480000000,17.120000000,256
2021-06-18T07:00:00Z,17.400000000,17.000000000,17.400000000,16.900000000,641
2021-06-21T07:00:00Z,17.020000000,16.480000000,17.020000000,16.300000000,1347
2021-06-22T07:00:00Z,16.480000000,16.100000000,16.480000000,16.000000000,970
2021-06-23T07:00:00Z,15.940000000,15.980000000,16.160000000,15.600000000,898
2021-06-24T07:00:00Z,16.080000000,15.700000000,16.080000000,15.680000000,784
2021-06-25T07:00:00Z,15.700000000,15.600000000,15.700000000,15.500000000,727
2021-06-28T07:00:00Z,15.520000000,15.380000000,15.720000000,15.300000000,734
2021-06-29T07:00:00Z,15.320000000,15.780000000,16.000000000,15.020000000,1125
2021-06-30T07:00:00Z,15.980000000,15.800000000,16.160000000,15.400000000,375
2021-07-01T07:00:00Z,15.540000000,15.900000000,15.980000000,15.200000000,424
2021-07-02T07:00:00Z,15.720000000,16.720000000,17.300000000,15.720000000,2886
2021-07-05T07:00:00Z,16.780000000,16.440000000,17.320000000,16.440000000,1370
2021-07-06T07:00:00Z,16.500000000,16.500000000,16.800000000,16.460000000,637
2021-07-07T07:00:00Z,16.420000000,16.240000000,16.800000000,16.100000000,394
2021-07-08T07:00:00Z,16.600000000,16.280000000,16.600000000,15.800000000,416
2021-07-09T07:00:00Z,15.900000000,15.860000000,16.000000000,15.560000000,641
2021-07-12T07:00:00Z,15.620000000,15.640000000,15.780000000,15.560000000,568
2021-07-13T07:00:00Z,15.780000000,15.780000000,15.920000000,15.640000000,212
2021-07-14T07:00:00Z,15.920000000,16.280000000,16.320000000,15.580000000,432
2021-07-15T07:00:00Z,16.340000000,16.480000000,16.540000000,16.020000000,307
2021-07-16T07:00:00Z,16.580000000,17.960000000,19.220000000,16.560000000,5948
2021-07-19T07:00:00Z,17.800000000,19.500000000,21.380000000,17.400000000,9105
2021-07-20T07:00:00Z,19.560000000,18.300000000,19.900000000,18.080000000,2030
2021-07-21T07:00:00Z,18.160000000,18.660000000,19.360000000,18.160000000,1890
2021-07-22T07:00:00Z,18.640000000,18.840000000,19.080000000,18.460000000,405
2021-07-23T07:00:00Z,18.940000000,18.760000000,19.160000000,18.480000000,256
2021-07-26T07:00:00Z,19.000000000,17.100000000,19.000000000,17.000000000,3548
2021-07-27T07:00:00Z,17.100000000,17.700000000,18.460000000,17.000000000,1727
2021-07-28T07:00:00Z,17.940000000,18.020000000,18.600000000,17.420000000,1322
2021-07-29T07:00:00Z,18.000000000,17.900000000,18.040000000,17.500000000,330
2021-07-30T07:00:00Z,17.580000000,17.720000000,18.120000000,17.580000000,375
2021-08-02T07:00:00Z,17.860000000,17.100000000,17.860000000,16.660000000,1658
2021-08-03T07:00:00Z,17.160000000,17.240000000,17.460000000,17.040000000,328
2021-08-04T07:00:00Z,17.140000000,17.100000000,17.260000000,17.080000000,154
2021-08-05T07:00:00Z,17.060000000,17.100000000,17.400000000,17.060000000,488
2021-08-06T07:00:00Z,17.180000000,17.260000000,17.580000000,17.100000000,349
2021-08-09T07:00:00Z,17.180000000,17.480000000,18.000000000,17.100000000,532
2021-08-10T07:00:00Z,17.460000000,17.260000000,17.480000000,17.180000000,294
2021-08-11T07:00:00Z,17.320000000,17.180000000,17.320000000,17.100000000,258
2021-08-12T07:00:00Z,17.180000000,17.480000000,17.500000000,17.160000000,266
2021-08-13T07:00:00Z,17.460000000,17.640000000,18.000000000,17.300000000,365
2021-08-16T07:00:00Z,17.280000000,17.520000000,17.860000000,17.280000000,262
2021-08-17T07:00:00Z,17.460000000,17.560000000,18.080000000,17.440000000,246
2021-08-18T07:00:00Z,17.600000000,17.480000000,17.660000000,17.360000000,103
2021-08-19T07:00:00Z,17.320000000,17.200000000,17.340000000,17.100000000,133
2021-08-20T07:00:00Z,17.180000000,17.400000000,17.600000000,17.180000000,115
2021-08-23T07:00:00Z,17.340000000,17.260000000,17.380000000,17.200000000,90
2021-08-24T07:00:00Z,17.520000000,17.360000000,17.540000000,17.240000000,284
2021-08-25T07:00:00Z,17.280000000,17.300000000,17.540000000,17.180000000,168
2021-08-26T07:00:00Z,17.380000000,17.360000000,17.400000000,17.000000000,248
2021-08-27T07:00:00Z,17.380000000,17.200000000,17.520000000,17.200000000,296
2021-08-30T07:00:00Z,17.180000000,17.260000000,17.420000000,17.140000000,826
2021-08-31T07:00:00Z,17.340000000,17.300000000,17.420000000,17.200000000,176
2021-09-01T07:00:00Z,17.380000000,17.340000000,17.640000000,17.320000000,473
2021-09-02T07:00:00Z,17.260000000,17.400000000,17.520000000,17.260000000,104
2021-09-03T07:00:00Z,17.340000000,17.480000000,17.500000000,17.220000000,142
2021-09-06T07:00:00Z,17.500000000,17.420000000,17.520000000,17.220000000,349
2021-09-07T07:00:00Z,17.460000000,17.380000000,17.460000000,17.260000000,190
2021-09-08T07:00:00Z,17.380000000,17.380000000,17.600000000,17.280000000,265
2021-09-09T07:00:00Z,17.300000000,17.420000000,17.600000000,17.260000000,164
2021-09-10T07:00:00Z,17.540000000,17.580000000,17.620000000,17.360000000,294
2021-09-13T07:00:00Z,17.320000000,17.500000000,18.280000000,17.320000000,434
2021-09-14T07:00:00Z,17.480000000,17.480000000,17.620000000,17.460000000,117
2021-09-15T07:00:00Z,17.480000000,17.500000000,17.620000000,17.380000000,193
2021-09-16T07:00:00Z,17.340000000,17.280000000,17.600000000,17.280000000,228
2021-09-17T07:00:00Z,17.480000000,17.320000000,17.480000000,17.200000000,442
2021-09-20T07:00:00Z,17.380000000,17.320000000,17.460000000,17.120000000,831
2021-09-21T07:00:00Z,17.380000000,17.220000000,17.420000000,17.160000000,138
2021-09-22T07:00:00Z,17.220000000,17.540000000,19.080000000,17.220000000,3643
2021-09-23T07:00:00Z,17.540000000,17.400000000,17.540000000,17.120000000,452
2021-09-24T07:00:00Z,17.240000000,17.400000000,17.720000000,17.200000000,265
2021-09-27T07:00:00Z,17.500000000,17.640000000,18.180000000,17.340000000,574
2021-09-28T07:00:00Z,18.900000000,17.680000000,18.900000000,17.500000000,619
2021-09-29T07:00:00Z,17.820000000,17.480000000,17.900000000,17.260000000,271
2021-09-30T07:00:00Z,17.560000000,17.580000000,17.800000000,17.400000000,510
2021-10-01T07:00:00Z,17.600000000,17.700000000,17.780000000,17.540000000,87
2021-10-04T07:00:00Z,17.660000000,17.420000000,17.720000000,17.400000000,197
2021-10-05T07:00:00Z,17.500000000,17.320000000,17.580000000,17.300000000,338
2021-10-06T07:00:00Z,17.300000000,17.400000000,17.500000000,17.260000000,415
2021-10-07T07:00:00Z,17.360000000,17.960000000,18.780000000,17.360000000,1701
2021-10-08T07:00:00Z,18.480000000,18.060000000,18.480000000,17.660000000,1289
2021-10-11T07:00:00Z,18.360000000,18.000000000,18.360000000,17.700000000,367
2021-10-12T07:00:00Z,17.720000000,18.680000000,18.680000000,17.720000000,888
2021-10-13T07:00:00Z,19.000000000,21.220000000,22.300000000,18.900000000,28196
2021-10-14T07:00:00Z,21.680000000,19.040000000,21.760000000,18.480000000,8657
2021-10-15T07:00:00Z,18.620000000,18.720000000,19.120000000,18.160000000,1982
2021-10-18T07:00:00Z,18.920000000,18.600000000,18.920000000,18.240000000,1696
2021-10-19T07:00:00Z,18.640000000,19.160000000,19.700000000,18.500000000,1423
2021-10-20T07:00:00Z,19.040000000,18.920000000,19.620000000,18.660000000,1126
2021-10-21T07:00:00Z,18.820000000,18.740000000,19.260000000,18.640000000,658
2021-10-22T07:00:00Z,18.980000000,18.420000000,18.980000000,18.400000000,719
2021-10-25T07:00:00Z,18.420000000,18.780000000,18.920000000,18.220000000,559
2021-10-26T07:00:00Z,18.940000000,18.560000000,18.980000000,18.160000000,780
2021-10-27T07:00:00Z,18.360000000,18.440000000,18.580000000,18.360000000,508
2021-10-28T07:00:00Z,18.300000000,18.380000000,18.520000000,18.300000000,260
2021-10-29T07:00:00Z,18.320000000,18.160000000,18.440000000,18.020000000,552
2021-11-01T07:00:00Z,18.380000000,18.200000000,18.380000000,17.980000000,347
2021-11-02T07:00:00Z,18.300000000,18.340000000,18.500000000,18.240000000,163
2021-11-03T07:00:00Z,18.340000000,18.400000000,18.480000000,18.200000000,234
2021-11-05T07:00:00Z,18.500000000,18.320000000,18.500000000,18.000000000,339
2021-11-08T07:00:00Z,18.380000000,18.220000000,19.000000000,18.160000000,475
2021-11-09T07:00:00Z,18.500000000,18.500000000,18.520000000,18.260000000,292
2021-11-10T07:00:00Z,18.240000000,18.400000000,18.740000000,18.240000000,237
2021-11-11T07:00:00Z,18.300000000,18.280000000,18.380000000,18.100000000,530
2021-11-12T07:00:00Z,18.340000000,18.280000000,18.380000000,18.160000000,307
2021-11-15T07:00:00Z,18.600000000,18.480000000,18.880000000,18.360000000,387
2021-11-16T07:00:00Z,18.660000000,18.640000000,18.660000000,18.300000000,180
2021-11-17T07:00:00Z,18.740000000,18.600000000,18.880000000,18.520000000,198
2021-11-18T07:00:00Z,18.680000000,18.460000000,18.980000000,18.460000000,146
2021-11-19T07:00:00Z,18.320000000,18.400000000,18.760000000,18.120000000,370
2021-11-22T07:00:00Z,18.400000000,18.180000000,18.540000000,17.500000000,853
2021-11-23T07:00:00Z,18.280000000,18.160000000,18.280000000,18.000000000,324
2021-11-24T07:00:00Z,18.280000000,18.240000000,18.280000000,18.000000000,189
2021-11-25T07:00:00Z,17.880000000,18.220000000,18.280000000,17.880000000,167
2021-11-26T07:00:00Z,18.280000000,18.020000000,18.480000000,18.000000000,347
2021-11-29T07:00:00Z,17.940000000,18.240000000,18.500000000,17.940000000,332
2021-11-30T07:00:00Z,18.200000000,18.160000000,18.480000000,18.120000000,67
2021-12-01T07:00:00Z,18.260000000,18.220000000,18.280000000,18.120000000,77
2021-12-02T07:00:00Z,18.060000000,18.080000000,18.380000000,18.020000000,161
2021-12-03T07:00:00Z,18.000000000,18.140000000,18.300000000,18.000000000,143
2021-12-06T07:00:00Z,17.980000000,18.000000000,18.280000000,17.980000000,184
2021-12-07T07:00:00Z,18.000000000,18.040000000,18.140000000,17.920000000,161
2021-12-08T07:00:00Z,18.320000000,18.140000000,19.780000000,17.780000000,886
2021-12-09T07:00:00Z,18.160000000,18.040000000,18.320000000,17.880000000,198
2021-12-10T07:00:00Z,17.960000000,17.880000000,18.160000000,17.720000000,220
2021-12-13T07:00:00Z,18.480000000,17.800000000,18.480000000,17.740000000,261
2021-12-14T07:00:00Z,18.180000000,17.980000000,18.180000000,17.620000000,375
2021-12-15T07:00:00Z,18.000000000,17.860000000,18.000000000,17.500000000,156
2021-12-16T07:00:00Z,18.000000000,18.080000000,18.100000000,17.880000000,275
2021-12-17T07:00:00Z,18.100000000,18.020000000,18.100000000,17.880000000,202
2021-12-20T07:00:00Z,18.020000000,17.840000000,18.040000000,17.840000000,105
2021-12-21T07:00:00Z,18.040000000,17.660000000,18.040000000,17.520000000,353
2021-12-22T07:00:00Z,17.640000000,17.880000000,17.980000000,17.640000000,197
2021-12-23T07:00:00Z,17.880000000,17.800000000,18.100000000,17.320000000,365
2021-12-24T07:00:00Z,17.920000000,17.760000000,18.000000000,17.360000000,240
2021-12-27T07:00:00Z,17.860000000,17.800000000,17.900000000,17.660000000,89
2021-12-28T07:00:00Z,17.800000000,17.520000000,17.800000000,17.420000000,646
2021-12-29T07:00:00Z,17.760000000,17.560000000,17.760000000,17.480000000,284
2021-12-30T07:00:00Z,17.760000000,17.740000000,17.800000000,17.560000000,238
2022-01-03T07:00:00Z,17.780000000,17.960000000,17.980000000,17.780000000,156
2022-01-04T07:00:00Z,17.960000000,18.000000000,18.080000000,17.700000000,176
2022-01-05T07:00:00Z,18.100000000,18.300000000,19.200000000,18.000000000,1945
2022-01-06T07:00:00Z,18.300000000,18.160000000,18.380000000,18.000000000,223
2022-01-10T07:00:00Z,18.300000000,18.580000000,18.980000000,18.200000000,767
2022-01-11T07:00:00Z,18.500000000,19.000000000,19.040000000,18.280000000,569
2022-01-12T07:00:00Z,18.800000000,19.300000000,19.380000000,18.680000000,744
2022-01-13T07:00:00Z,18.740000000,19.500000000,20.400000000,18.740000000,2379
2022-01-14T07:00:00Z,19.580000000,19.720000000,20.500000000,19.440000000,3585
2022-01-17T07:00:00Z,19.720000000,19.600000000,20.220000000,19.580000000,705
2022-01-18T07:00:00Z,19.620000000,18.500000000,19.780000000,17.900000000,1544
2022-01-19T07:00:00Z,18.480000000,19.960000000,21.200000000,18.480000000,1745
2022-01-20T07:00:00Z,20.180000000,19.960000000,20.400000000,19.520000000,1051
2022-01-21T07:00:00Z,19.400000000,19.700000000,19.980000000,19.400000000,303
2022-01-24T07:00:00Z,19.700000000,18.900000000,20.060000000,18.640000000,672
2022-01-25T07:00:00Z,18.900000000,18.620000000,20.180000000,18.540000000,548
2022-01-26T07:00:00Z,19.140000000,18.960000000,19.140000000,18.680000000,95
2022-01-27T07:00:00Z,19.060000000,19.120000000,19.260000000,18.500000000,615
2022-01-28T07:00:00Z,18.900000000,18.940000000,19.140000000,18.900000000,97
2022-01-31T07:00:00Z,19.100000000,19.460000000,19.720000000,19.000000000,354
2022-02-01T07:00:00Z,19.740000000,19.200000000,19.760000000,19.000000000,371
2022-02-02T07:00:00Z,19.060000000,19.360000000,19.360000000,18.920000000,275
2022-02-03T07:00:00Z,19.300000000,19.000000000,19.700000000,19.000000000,209
2022-02-04T07:00:00Z,19.020000000,19.140000000,19.240000000,18.600000000,364
2022-02-07T07:00:00Z,19.280000000,19.180000000,19.340000000,18.880000000,127
2022-02-08T07:00:00Z,19.040000000,19.200000000,19.200000000,19.000000000,74
2022-02-09T07:00:00Z,19.240000000,19.180000000,19.440000000,18.500000000,776
2022-02-10T07:00:00Z,19.340000000,19.400000000,19.460000000,19.140000000,443
2022-02-11T07:00:00Z,19.400000000,19.220000000,19.400000000,19.060000000,166
2022-02-14T07:00:00Z,19.000000000,19.180000000,19.600000000,18.820000000,445
2022-02-15T07:00:00Z,19.360000000,19.140000000,19.360000000,19.000000000,460
2022-02-16T07:00:00Z,19.000000000,19.260000000,19.300000000,19.000000000,381
2022-02-17T07:00:00Z,19.040000000,19.120000000,19.300000000,19.040000000,150
2022-02-18T07:00:00Z,19.140000000,18.960000000,19.260000000,18.780000000,508
2022-02-21T07:00:00Z,19.000000000,17.760000000,19.180000000,17.580000000,1310
2022-02-22T07:00:00Z,17.400000000,18.460000000,18.800000000,16.220000000,642
2022-02-24T07:00:00Z,17.980000000,14.040000000,17.980000000,12.000000000,1607
2022-02-25T07:00:00Z,16.360000000,15.540000000,16.840000000,12.680000000,842
