2020-06-25T07:00:00Z,26.300000000,28.490000000,34.100000000,26.155000000,142780
2020-06-26T07:00:00Z,28.995000000,27.400000000,29.900000000,26.885000000,83785
2020-06-29T07:00:00Z,27.455000000,27.490000000,28.480000000,27.150000000,199989
2020-06-30T07:00:00Z,27.900000000,22.960000000,27.995000000,22.900000000,756993
2020-07-02T07:00:00Z,23.505000000,23.695000000,24.600000000,23.330000000,146729
2020-07-03T07:00:00Z,23.695000000,23.500000000,23.850000000,23.415000000,53247
2020-07-06T07:00:00Z,23.530000000,22.800000000,23.785000000,22.770000000,116418
2020-07-07T07:00:00Z,22.810000000,23.000000000,23.515000000,22.810000000,68989
2020-07-08T07:00:00Z,23.460000000,23.290000000,23.495000000,22.680000000,86063
2020-07-09T07:00:00Z,23.300000000,24.100000000,24.100000000,22.905000000,85985
2020-07-10T07:00:00Z,24.240000000,25.660000000,26.035000000,24.100000000,201911
2020-07-13T07:00:00Z,26.105000000,26.880000000,27.190000000,26.010000000,153295
2020-07-14T07:00:00Z,26.980000000,26.250000000,26.980000000,25.715000000,87452
2020-07-15T07:00:00Z,26.255000000,26.500000000,26.800000000,26.000000000,79130
2020-07-16T07:00:00Z,26.500000000,26.070000000,26.630000000,25.985000000,85217
2020-07-17T07:00:00Z,26.135000000,26.150000000,26.660000000,25.810000000,93887
2020-07-20T07:00:00Z,26.295000000,26.820000000,26.850000000,26.010000000,51264
2020-07-21T07:00:00Z,26.930000000,26.760000000,27.250000000,26.615000000,77207
2020-07-22T07:00:00Z,26.955000000,29.220000000,29.220000000,26.750000000,200703
2020-07-23T07:00:00Z,29.680000000,36.000000000,36.000000000,29.520000000,843755
2020-07-24T07:00:00Z,37.200000000,38.000000000,40.000000000,34.765000000,1173255
2020-07-27T07:00:00Z,39.400000000,37.000000000,39.900000000,37.000000000,574211
2020-07-28T07:00:00Z,37.000000000,39.000000000,39.105000000,35.025000000,426608
2020-07-29T07:00:00Z,38.745000000,40.110000000,40.400000000,38.000000000,321256
2020-07-30T07:00:00Z,40.140000000,38.805000000,41.175000000,38.735000000,212877
2020-07-31T07:00:00Z,39.995000000,38.700000000,40.495000000,37.755000000,143312
2020-08-03T07:00:00Z,39.000000000,37.280000000,39.500000000,37.000000000,97073
2020-08-04T07:00:00Z,37.285000000,36.585000000,37.890000000,35.000000000,180073
2020-08-05T07:00:00Z,37.800000000,35.920000000,38.695000000,35.920000000,225095
2020-08-06T07:00:00Z,35.920000000,34.650000000,36.200000000,34.040000000,174247
2020-08-07T07:00:00Z,34.650000000,34.265000000,35.000000000,33.505000000,134920
2020-08-10T07:00:00Z,34.500000000,32.805000000,35.310000000,30.600000000,398899
2020-08-11T07:00:00Z,32.600000000,30.205000000,32.790000000,29.750000000,369138
2020-08-12T07:00:00Z,29.850000000,31.700000000,32.000000000,29.000000000,483407
2020-08-13T07:00:00Z,32.000000000,31.285000000,32.000000000,31.005000000,199484
2020-08-14T07:00:00Z,31.110000000,31.000000000,31.310000000,30.375000000,134120
2020-08-17T07:00:00Z,31.200000000,33.540000000,33.550000000,31.005000000,513840
2020-08-18T07:00:00Z,34.205000000,32.900000000,34.720000000,32.505000000,311010
2020-08-19T07:00:00Z,32.510000000,32.155000000,33.045000000,32.055000000,200615
2020-08-20T07:00:00Z,32.000000000,32.190000000,32.200000000,31.500000000,124025
2020-08-21T07:00:00Z,32.220000000,31.100000000,32.400000000,30.215000000,175010
2020-08-24T07:00:00Z,31.205000000,31.285000000,32.660000000,30.400000000,326881
2020-08-25T07:00:00Z,31.495000000,31.910000000,32.400000000,31.185000000,129085
2020-08-26T07:00:00Z,32.200000000,34.180000000,34.575000000,31.900000000,320637
2020-08-27T07:00:00Z,34.250000000,34.000000000,35.205000000,33.710000000,265100
2020-08-28T07:00:00Z,34.200000000,36.950000000,37.000000000,34.050000000,413900
2020-08-31T07:00:00Z,37.055000000,36.255000000,37.980000000,35.695000000,229391
2020-09-01T07:00:00Z,36.950000000,36.800000000,37.890000000,36.675000000,142307
2020-09-02T07:00:00Z,36.805000000,35.415000000,36.895000000,35.010000000,261614
2020-09-03T07:00:00Z,35.380000000,35.100000000,36.425000000,34.250000000,239097
2020-09-04T07:00:00Z,35.100000000,35.000000000,35.940000000,34.590000000,133125
2020-09-07T07:00:00Z,35.000000000,35.945000000,35.985000000,34.985000000,93088
2020-09-08T07:00:00Z,36.000000000,35.105000000,36.000000000,34.500000000,125131
2020-09-09T07:00:00Z,35.100000000,35.285000000,35.490000000,34.250000000,63823
2020-09-10T07:00:00Z,35.320000000,35.525000000,36.090000000,34.920000000,140582
2020-09-11T07:00:00Z,35.135000000,35.570000000,35.850000000,34.965000000,63947
2020-09-14T07:00:00Z,35.555000000,36.800000000,37.495000000,35.555000000,235490
2020-09-15T07:00:00Z,37.010000000,37.345000000,37.900000000,37.000000000,147866
2020-09-16T07:00:00Z,37.700000000,37.620000000,37.980000000,37.270000000,101967
2020-09-17T07:00:00Z,37.055000000,37.900000000,37.900000000,36.650000000,160751
2020-09-18T07:00:00Z,37.680000000,36.020000000,37.680000000,36.020000000,142975
2020-09-21T07:00:00Z,36.270000000,33.510000000,36.365000000,33.195000000,217050
2020-09-22T07:00:00Z,34.000000000,33.655000000,34.495000000,33.470000000,103346
2020-09-23T07:00:00Z,33.500000000,33.160000000,34.000000000,32.860000000,97643
2020-09-24T07:00:00Z,33.045000000,33.415000000,34.230000000,32.510000000,149423
2020-09-25T07:00:00Z,34.000000000,33.185000000,34.045000000,33.080000000,56821
2020-09-28T07:00:00Z,33.205000000,34.320000000,34.965000000,33.205000000,165208
2020-09-29T07:00:00Z,34.800000000,34.150000000,34.870000000,33.500000000,129901
2020-09-30T07:00:00Z,34.155000000,33.655000000,34.155000000,33.170000000,131164
2020-10-01T07:00:00Z,33.800000000,34.120000000,34.365000000,33.200000000,139781
2020-10-02T07:00:00Z,33.980000000,33.925000000,34.225000000,33.635000000,55266
2020-10-05T07:00:00Z,33.695000000,33.690000000,33.960000000,33.340000000,62976
2020-10-06T07:00:00Z,33.900000000,33.455000000,33.900000000,33.010000000,49201
2020-10-07T07:00:00Z,33.455000000,33.040000000,33.455000000,32.900000000,44884
2020-10-08T07:00:00Z,33.060000000,33.000000000,33.275000000,32.720000000,52821
2020-10-09T07:00:00Z,32.550000000,31.925000000,32.575000000,31.210000000,227600
2020-10-12T07:00:00Z,31.760000000,30.980000000,31.995000000,30.905000000,128636
2020-10-13T07:00:00Z,30.905000000,30.200000000,31.030000000,30.000000000,131009
2020-10-14T07:00:00Z,30.465000000,31.200000000,31.400000000,29.875000000,129628
2020-10-15T07:00:00Z,31.125000000,30.015000000,31.295000000,29.800000000,120868
2020-10-16T07:00:00Z,29.950000000,29.925000000,30.450000000,29.200000000,54491
2020-10-19T07:00:00Z,30.010000000,29.930000000,30.370000000,29.650000000,43679
2020-10-20T07:00:00Z,30.000000000,30.295000000,30.495000000,29.800000000,45847
2020-10-21T07:00:00Z,30.495000000,29.795000000,30.615000000,29.500000000,78098
2020-10-22T07:00:00Z,29.650000000,28.205000000,29.675000000,27.700000000,275410
2020-10-23T07:00:00Z,28.300000000,27.935000000,28.690000000,27.795000000,82213
2020-10-26T07:00:00Z,27.800000000,27.000000000,28.425000000,26.655000000,122614
2020-10-27T07:00:00Z,27.150000000,27.315000000,27.800000000,25.900000000,161802
2020-10-28T07:00:00Z,27.370000000,26.790000000,27.550000000,26.350000000,81818
2020-10-29T07:00:00Z,27.210000000,28.220000000,28.560000000,26.755000000,116947
2020-10-30T07:00:00Z,28.250000000,27.575000000,28.685000000,27.060000000,139691
2020-11-02T07:00:00Z,27.105000000,27.165000000,27.610000000,26.860000000,57315
2020-11-03T07:00:00Z,27.450000000,27.400000000,27.895000000,27.295000000,40557
2020-11-05T07:00:00Z,27.700000000,28.445000000,28.515000000,27.610000000,71941
2020-11-06T07:00:00Z,28.445000000,29.200000000,29.375000000,28.270000000,89159
2020-11-09T07:00:00Z,29.850000000,28.115000000,29.850000000,27.750000000,193541
2020-11-10T07:00:00Z,28.580000000,28.155000000,28.920000000,27.905000000,77584
2020-11-11T07:00:00Z,28.400000000,28.290000000,28.830000000,28.000000000,71215
2020-11-12T07:00:00Z,28.430000000,28.590000000,28.990000000,28.200000000,85865
2020-11-13T07:00:00Z,28.595000000,28.395000000,28.745000000,27.800000000,64931
2020-11-16T07:00:00Z,28.630000000,28.760000000,28.980000000,28.020000000,88751
2020-11-17T07:00:00Z,28.700000000,28.330000000,28.795000000,28.050000000,42932
2020-11-18T07:00:00Z,28.350000000,28.545000000,28.570000000,28.205000000,27636
2020-11-19T07:00:00Z,28.205000000,28.035000000,28.600000000,27.610000000,62558
2020-11-20T07:00:00Z,28.040000000,27.690000000,28.200000000,27.495000000,51527
2020-11-23T07:00:00Z,27.690000000,27.040000000,27.700000000,26.730000000,136816
2020-11-24T07:00:00Z,27.040000000,26.540000000,27.125000000,26.500000000,78473
2020-11-25T07:00:00Z,26.890000000,26.835000000,27.150000000,26.565000000,50409
2020-11-26T07:00:00Z,27.000000000,27.865000000,28.145000000,26.865000000,93874
2020-11-27T07:00:00Z,27.865000000,27.445000000,28.070000000,27.150000000,49733
2020-11-30T07:00:00Z,27.345000000,27.585000000,28.050000000,26.780000000,103856
2020-12-01T07:00:00Z,27.605000000,30.140000000,31.455000000,27.605000000,337755
2020-12-02T07:00:00Z,30.100000000,30.850000000,31.300000000,29.205000000,154959
2020-12-03T07:00:00Z,30.805000000,31.220000000,31.290000000,30.595000000,68105
2020-12-04T07:00:00Z,31.075000000,30.680000000,31.175000000,30.360000000,78469
2020-12-07T07:00:00Z,30.900000000,30.500000000,31.010000000,29.880000000,75970
2020-12-08T07:00:00Z,30.500000000,30.480000000,30.700000000,30.040000000,38628
2020-12-09T07:00:00Z,30.180000000,30.175000000,30.665000000,29.780000000,61462
2020-12-10T07:00:00Z,30.245000000,29.885000000,30.245000000,29.350000000,29249
2020-12-11T07:00:00Z,29.885000000,29.500000000,29.885000000,29.035000000,49018
2020-12-14T07:00:00Z,29.390000000,29.910000000,30.495000000,28.720000000,115687
2020-12-15T07:00:00Z,29.795000000,30.950000000,31.110000000,29.755000000,73465
2020-12-16T07:00:00Z,31.180000000,31.000000000,31.390000000,30.515000000,53236
2020-12-17T07:00:00Z,31.170000000,32.500000000,32.500000000,30.885000000,131064
2020-12-18T07:00:00Z,32.450000000,32.185000000,32.450000000,31.500000000,61454
2020-12-21T07:00:00Z,32.500000000,31.255000000,32.990000000,30.940000000,135476
2020-12-22T07:00:00Z,31.380000000,31.350000000,31.750000000,30.890000000,42526
2020-12-23T07:00:00Z,31.350000000,31.255000000,31.570000000,31.010000000,31294
2020-12-24T07:00:00Z,31.390000000,31.450000000,31.500000000,31.140000000,20270
2020-12-25T07:00:00Z,30.760000000,30.750000000,31.065000000,30.155000000,49454
2020-12-28T07:00:00Z,31.005000000,30.800000000,31.385000000,30.555000000,66975
2020-12-29T07:00:00Z,30.700000000,31.330000000,31.495000000,30.635000000,43536
2020-12-30T07:00:00Z,31.330000000,31.150000000,31.500000000,30.800000000,38079
2021-01-04T07:00:00Z,31.765000000,32.335000000,32.610000000,31.765000000,49183
2021-01-05T07:00:00Z,32.460000000,33.275000000,33.630000000,32.030000000,96402
2021-01-06T07:00:00Z,33.490000000,33.665000000,34.150000000,33.060000000,103185
2021-01-08T07:00:00Z,33.550000000,32.515000000,33.750000000,32.005000000,88459
2021-01-11T07:00:00Z,32.500000000,31.840000000,32.960000000,31.570000000,119123
2021-01-12T07:00:00Z,32.140000000,31.750000000,32.265000000,31.410000000,71336
2021-01-13T07:00:00Z,31.750000000,31.795000000,31.960000000,31.230000000,33817
2021-01-14T07:00:00Z,31.645000000,31.995000000,32.240000000,31.385000000,32455
2021-01-15T07:00:00Z,31.515000000,31.700000000,31.930000000,31.350000000,29427
2021-01-18T07:00:00Z,31.545000000,31.415000000,31.750000000,31.315000000,27235
2021-01-19T07:00:00Z,31.510000000,31.795000000,31.890000000,31.365000000,38133
2021-01-20T07:00:00Z,31.700000000,32.195000000,32.730000000,31.550000000,104413
2021-01-21T07:00:00Z,32.450000000,32.220000000,32.530000000,31.600000000,65931
2021-01-22T07:00:00Z,32.220000000,31.910000000,32.315000000,31.720000000,34410
2021-01-25T07:00:00Z,31.960000000,32.000000000,32.250000000,31.705000000,43390
2021-01-26T07:00:00Z,32.020000000,31.560000000,32.330000000,31.300000000,61188
2021-01-27T07:00:00Z,31.560000000,31.070000000,31.695000000,30.920000000,72612
2021-01-28T07:00:00Z,30.990000000,30.740000000,30.990000000,30.250000000,56149
2021-01-29T07:00:00Z,30.495000000,30.050000000,30.495000000,29.600000000,80474
2021-02-01T07:00:00Z,30.100000000,30.520000000,30.900000000,30.005000000,73764
2021-02-02T07:00:00Z,30.550000000,29.950000000,30.700000000,29.750000000,79621
2021-02-03T07:00:00Z,30.000000000,29.610000000,30.150000000,29.505000000,45917
2021-02-04T07:00:00Z,29.655000000,28.950000000,29.685000000,28.915000000,83417
2021-02-05T07:00:00Z,29.200000000,28.945000000,29.200000000,28.840000000,70191
2021-02-08T07:00:00Z,29.010000000,28.880000000,29.265000000,28.695000000,108527
2021-02-09T07:00:00Z,28.920000000,28.620000000,29.090000000,28.550000000,75367
2021-02-10T07:00:00Z,28.700000000,29.350000000,29.820000000,28.640000000,113420
2021-02-11T07:00:00Z,29.595000000,29.355000000,29.775000000,28.805000000,58478
2021-02-12T07:00:00Z,29.005000000,28.605000000,29.140000000,28.530000000,72889
2021-02-15T07:00:00Z,28.800000000,28.860000000,29.150000000,28.705000000,36281
2021-02-16T07:00:00Z,29.100000000,28.860000000,29.340000000,28.700000000,51325
2021-02-17T07:00:00Z,28.860000000,28.225000000,28.995000000,27.950000000,91408
2021-02-18T07:00:00Z,28.300000000,27.750000000,28.345000000,27.615000000,59316
2021-02-19T07:00:00Z,27.935000000,28.530000000,28.650000000,27.795000000,57536
2021-02-20T07:00:00Z,28.700000000,28.615000000,28.700000000,27.915000000,15392
2021-02-22T07:00:00Z,28.705000000,28.590000000,28.900000000,28.330000000,29179
2021-02-24T07:00:00Z,28.650000000,28.990000000,29.250000000,28.495000000,82088
2021-02-25T07:00:00Z,29.050000000,28.840000000,29.085000000,28.500000000,58469
2021-02-26T07:00:00Z,28.600000000,28.930000000,29.090000000,28.205000000,69173
2021-03-01T07:00:00Z,28.875000000,27.915000000,28.900000000,27.555000000,80833
2021-03-02T07:00:00Z,28.000000000,27.720000000,28.200000000,27.535000000,66732
2021-03-03T07:00:00Z,28.100000000,27.735000000,28.265000000,27.605000000,58751
2021-03-04T07:00:00Z,27.900000000,28.090000000,28.225000000,27.415000000,42457
2021-03-05T07:00:00Z,27.750000000,27.800000000,28.175000000,27.665000000,36870
2021-03-09T07:00:00Z,27.920000000,27.665000000,28.180000000,27.130000000,76476
2021-03-10T07:00:00Z,27.800000000,27.545000000,28.020000000,27.420000000,51829
2021-03-11T07:00:00Z,27.550000000,27.400000000,28.230000000,27.360000000,75234
2021-03-12T07:00:00Z,27.555000000,27.120000000,27.575000000,27.120000000,58964
2021-03-15T07:00:00Z,27.255000000,27.125000000,27.365000000,27.115000000,68659
2021-03-16T07:00:00Z,27.300000000,27.190000000,27.320000000,27.055000000,43542
2021-03-17T07:00:00Z,27.210000000,27.140000000,27.500000000,27.080000000,55615
2021-03-18T07:00:00Z,27.335000000,26.875000000,27.580000000,26.810000000,88834
2021-03-19T07:00:00Z,27.130000000,27.135000000,27.235000000,26.905000000,27276
2021-03-22T07:00:00Z,27.080000000,26.980000000,27.290000000,26.810000000,38092
2021-03-23T07:00:00Z,26.985000000,26.670000000,27.020000000,26.450000000,50894
2021-03-24T07:00:00Z,26.605000000,26.330000000,26.760000000,26.210000000,56212
2021-03-25T07:00:00Z,26.405000000,25.780000000,26.450000000,25.640000000,61177
2021-03-26T07:00:00Z,25.985000000,26.130000000,26.415000000,25.410000000,84225
2021-03-29T07:00:00Z,26.165000000,26.190000000,26.700000000,25.975000000,68540
2021-03-30T07:00:00Z,26.365000000,25.705000000,26.365000000,25.560000000,68258
2021-03-31T07:00:00Z,25.800000000,25.500000000,26.230000000,25.200000000,157750
2021-04-01T07:00:00Z,26.100000000,26.050000000,26.280000000,25.900000000,88712
2021-04-02T07:00:00Z,26.245000000,26.630000000,26.830000000,26.050000000,47761
2021-04-05T07:00:00Z,26.685000000,26.110000000,26.690000000,26.020000000,33019
2021-04-06T07:00:00Z,26.240000000,26.885000000,26.970000000,26.160000000,65155
2021-04-07T07:00:00Z,26.800000000,26.865000000,27.250000000,26.705000000,51618
2021-04-08T07:00:00Z,26.875000000,27.015000000,27.295000000,26.860000000,42934
2021-04-09T07:00:00Z,27.025000000,26.875000000,27.100000000,26.615000000,26241
2021-04-12T07:00:00Z,26.800000000,27.195000000,27.195000000,26.555000000,30897
2021-04-13T07:00:00Z,27.155000000,27.040000000,27.290000000,26.640000000,37435
2021-04-14T07:00:00Z,27.100000000,26.720000000,27.240000000,25.910000000,47704
2021-04-15T07:00:00Z,26.900000000,27.100000000,27.100000000,26.325000000,90539
2021-04-16T07:00:00Z,27.100000000,27.850000000,28.050000000,26.800000000,89403
2021-04-19T07:00:00Z,27.870000000,28.870000000,29.000000000,27.475000000,157871
2021-04-20T07:00:00Z,28.620000000,29.200000000,29.600000000,28.370000000,131318
2021-04-21T07:00:00Z,29.300000000,29.430000000,29.650000000,29.230000000,76711
2021-04-22T07:00:00Z,29.450000000,29.340000000,29.605000000,28.510000000,81692
2021-04-23T07:00:00Z,28.815000000,29.450000000,29.650000000,28.650000000,113790
2021-04-26T07:00:00Z,29.585000000,28.780000000,29.585000000,28.605000000,57627
2021-04-27T07:00:00Z,28.780000000,28.315000000,28.940000000,27.850000000,53497
2021-04-28T07:00:00Z,28.170000000,27.830000000,28.170000000,27.520000000,45756
2021-04-29T07:00:00Z,28.030000000,27.310000000,28.355000000,27.120000000,49103
2021-04-30T07:00:00Z,27.460000000,27.150000000,27.620000000,27.055000000,30753
2021-05-04T07:00:00Z,27.750000000,27.740000000,28.215000000,27.500000000,70039
2021-05-05T07:00:00Z,27.995000000,27.795000000,28.180000000,27.505000000,54026
2021-05-06T07:00:00Z,27.900000000,27.760000000,28.075000000,27.425000000,72942
2021-05-07T07:00:00Z,27.985000000,28.010000000,28.300000000,27.705000000,97705
2021-05-10T07:00:00Z,28.185000000,28.365000000,28.865000000,28.115000000,55799
2021-05-11T07:00:00Z,28.225000000,27.410000000,28.250000000,27.190000000,131135
2021-05-12T07:00:00Z,27.420000000,27.105000000,27.610000000,26.920000000,88178
2021-05-13T07:00:00Z,27.000000000,27.010000000,27.150000000,26.450000000,64376
2021-05-14T07:00:00Z,27.240000000,26.925000000,27.295000000,26.730000000,39931
2021-05-17T07:00:00Z,27.300000000,27.605000000,27.710000000,26.850000000,96086
2021-05-18T07:00:00Z,27.790000000,27.890000000,28.185000000,27.360000000,127184
2021-05-19T07:00:00Z,27.710000000,27.080000000,27.970000000,26.615000000,146765
2021-05-20T07:00:00Z,26.925000000,26.950000000,27.100000000,26.540000000,56504
2021-05-21T07:00:00Z,27.000000000,26.490000000,27.000000000,26.400000000,88779
2021-05-24T07:00:00Z,26.700000000,26.470000000,26.870000000,26.300000000,70236
2021-05-25T07:00:00Z,26.590000000,26.740000000,27.220000000,26.120000000,176447
2021-05-26T07:00:00Z,27.250000000,27.400000000,27.820000000,27.000000000,115186
2021-05-27T07:00:00Z,27.350000000,27.005000000,27.350000000,26.610000000,87701
2021-05-28T07:00:00Z,26.990000000,26.575000000,26.995000000,26.250000000,76535
2021-05-31T07:00:00Z,26.745000000,26.950000000,27.410000000,26.700000000,48332
2021-06-01T07:00:00Z,27.210000000,27.210000000,27.530000000,26.930000000,79313
2021-06-02T07:00:00Z,27.300000000,27.405000000,27.500000000,26.965000000,43645
2021-06-03T07:00:00Z,27.440000000,26.850000000,28.090000000,26.740000000,164050
2021-06-04T07:00:00Z,27.000000000,27.035000000,27.215000000,26.500000000,67509
2021-06-07T07:00:00Z,26.900000000,26.870000000,26.995000000,26.575000000,63360
2021-06-08T07:00:00Z,26.900000000,26.760000000,27.000000000,26.700000000,44683
2021-06-09T07:00:00Z,26.805000000,26.850000000,26.890000000,26.570000000,40576
2021-06-10T07:00:00Z,26.855000000,26.300000000,26.860000000,26.205000000,122147
2021-06-11T07:00:00Z,26.600000000,26.425000000,26.690000000,26.375000000,58187
2021-06-14T07:00:00Z,26.490000000,26.975000000,27.365000000,26.265000000,73441
2021-06-15T07:00:00Z,27.030000000,26.820000000,27.030000000,26.610000000,31018
2021-06-16T07:00:00Z,26.700000000,26.780000000,26.815000000,26.370000000,50589
2021-06-17T07:00:00Z,26.420000000,26.210000000,26.540000000,25.965000000,74645
2021-06-18T07:00:00Z,26.290000000,26.110000000,26.365000000,25.955000000,51190
2021-06-21T07:00:00Z,26.235000000,26.485000000,26.485000000,26.150000000,32879
2021-06-22T07:00:00Z,26.535000000,26.335000000,26.720000000,26.300000000,40114
2021-06-23T07:00:00Z,26.450000000,26.130000000,26.490000000,26.025000000,68075
2021-06-24T07:00:00Z,26.095000000,25.580000000,26.145000000,25.400000000,158142
2021-06-25T07:00:00Z,25.745000000,25.525000000,25.745000000,25.180000000,92770
2021-06-28T07:00:00Z,25.600000000,25.470000000,25.645000000,25.310000000,39066
2021-06-29T07:00:00Z,25.470000000,24.800000000,25.480000000,24.650000000,105997
2021-06-30T07:00:00Z,24.560000000,25.055000000,25.190000000,24.315000000,83930
2021-07-01T07:00:00Z,25.050000000,24.785000000,25.250000000,24.600000000,56879
2021-07-02T07:00:00Z,24.750000000,24.800000000,25.020000000,24.500000000,45187
2021-07-05T07:00:00Z,24.850000000,24.835000000,24.995000000,24.580000000,39089
2021-07-06T07:00:00Z,24.900000000,24.650000000,25.045000000,24.405000000,69300
2021-07-07T07:00:00Z,24.750000000,24.645000000,24.795000000,24.420000000,30892
2021-07-08T07:00:00Z,24.600000000,24.230000000,24.695000000,24.100000000,89468
2021-07-09T07:00:00Z,24.230000000,24.125000000,24.295000000,23.960000000,53791
2021-07-12T07:00:00Z,24.125000000,24.220000000,24.320000000,23.910000000,52781
2021-07-13T07:00:00Z,24.230000000,23.925000000,24.230000000,23.800000000,61501
2021-07-14T07:00:00Z,23.900000000,23.935000000,24.200000000,23.715000000,70653
2021-07-15T07:00:00Z,24.000000000,23.960000000,24.130000000,23.850000000,29365
2021-07-16T07:00:00Z,23.985000000,23.390000000,23.985000000,23.270000000,62975
2021-07-19T07:00:00Z,23.390000000,22.755000000,23.390000000,22.400000000,125865
2021-07-20T07:00:00Z,22.800000000,22.110000000,22.850000000,21.900000000,128881
2021-07-21T07:00:00Z,22.570000000,22.545000000,22.570000000,21.765000000,79764
2021-07-22T07:00:00Z,22.510000000,23.250000000,23.350000000,22.190000000,80156
2021-07-23T07:00:00Z,23.300000000,22.605000000,23.345000000,22.600000000,40807
2021-07-26T07:00:00Z,22.700000000,22.650000000,23.000000000,22.270000000,37530
2021-07-27T07:00:00Z,22.605000000,22.160000000,22.800000000,22.035000000,68876
2021-07-28T07:00:00Z,22.195000000,22.385000000,22.400000000,22.060000000,48809
2021-07-29T07:00:00Z,22.835000000,22.560000000,22.835000000,22.265000000,113568
2021-07-30T07:00:00Z,22.500000000,22.300000000,22.600000000,22.085000000,59958
2021-08-02T07:00:00Z,22.340000000,22.090000000,22.450000000,21.860000000,74203
2021-08-03T07:00:00Z,22.090000000,22.010000000,22.245000000,21.780000000,56125
2021-08-04T07:00:00Z,21.910000000,22.380000000,22.775000000,21.910000000,98586
2021-08-05T07:00:00Z,22.340000000,22.180000000,22.480000000,21.925000000,63436
2021-08-06T07:00:00Z,22.180000000,21.535000000,22.180000000,21.325000000,136830
2021-08-09T07:00:00Z,21.500000000,20.715000000,21.500000000,20.520000000,172189
2021-08-10T07:00:00Z,20.785000000,21.000000000,21.110000000,20.180000000,143911
2021-08-11T07:00:00Z,21.000000000,20.585000000,21.000000000,20.370000000,103178
2021-08-12T07:00:00Z,20.575000000,20.155000000,20.575000000,20.020000000,90980
2021-08-13T07:00:00Z,20.200000000,19.795000000,20.200000000,19.730000000,114830
2021-08-16T07:00:00Z,19.825000000,20.310000000,20.355000000,19.375000000,105522
2021-08-17T07:00:00Z,20.400000000,20.060000000,20.400000000,19.800000000,62781
2021-08-18T07:00:00Z,20.020000000,20.245000000,20.380000000,20.010000000,39302
2021-08-19T07:00:00Z,20.195000000,19.575000000,20.235000000,19.465000000,112526
2021-08-20T07:00:00Z,19.590000000,19.650000000,19.920000000,19.540000000,49432
2021-08-23T07:00:00Z,19.660000000,20.185000000,20.240000000,19.500000000,52496
2021-08-24T07:00:00Z,20.120000000,21.390000000,21.400000000,20.020000000,150318
2021-08-25T07:00:00Z,21.450000000,21.030000000,21.505000000,20.755000000,82460
2021-08-26T07:00:00Z,20.900000000,20.960000000,21.175000000,20.415000000,68867
2021-08-27T07:00:00Z,21.005000000,21.210000000,21.340000000,20.810000000,47465
2021-08-30T07:00:00Z,21.380000000,21.205000000,21.455000000,20.535000000,49711
2021-08-31T07:00:00Z,21.220000000,21.435000000,21.875000000,21.105000000,106419
2021-09-01T07:00:00Z,21.700000000,23.400000000,23.405000000,21.605000000,380702
2021-09-02T07:00:00Z,23.440000000,22.770000000,23.600000000,22.250000000,210482
2021-09-03T07:00:00Z,22.700000000,22.630000000,22.980000000,22.050000000,90530
2021-09-06T07:00:00Z,22.700000000,22.055000000,22.850000000,21.965000000,82583
2021-09-07T07:00:00Z,22.100000000,21.430000000,22.180000000,21.255000000,100537
2021-09-08T07:00:00Z,21.355000000,20.845000000,21.550000000,20.705000000,120337
2021-09-09T07:00:00Z,20.845000000,20.995000000,21.170000000,20.450000000,98333
2021-09-10T07:00:00Z,21.000000000,21.000000000,21.100000000,20.650000000,60303
2021-09-13T07:00:00Z,21.190000000,20.480000000,21.190000000,20.000000000,222303
2021-09-14T07:00:00Z,20.455000000,20.815000000,20.975000000,20.125000000,90914
2021-09-15T07:00:00Z,20.885000000,20.580000000,20.900000000,20.200000000,67390
2021-09-16T07:00:00Z,20.545000000,20.575000000,20.745000000,20.025000000,93549
2021-09-17T07:00:00Z,20.685000000,21.000000000,21.550000000,20.475000000,170027
2021-09-20T07:00:00Z,20.940000000,22.205000000,22.325000000,20.785000000,266703
2021-09-21T07:00:00Z,22.210000000,21.520000000,22.210000000,21.285000000,116571
2021-09-22T07:00:00Z,21.400000000,21.375000000,21.765000000,21.040000000,78452
2021-09-23T07:00:00Z,21.255000000,21.255000000,21.615000000,21.130000000,58035
2021-09-24T07:00:00Z,21.370000000,21.110000000,21.640000000,20.900000000,70147
2021-09-27T07:00:00Z,21.300000000,21.200000000,22.280000000,20.600000000,166251
2021-09-28T07:00:00Z,21.200000000,20.925000000,21.200000000,20.640000000,69191
2021-09-29T07:00:00Z,20.925000000,20.375000000,21.020000000,20.270000000,77190
2021-09-30T07:00:00Z,20.400000000,20.715000000,20.760000000,20.115000000,106354
2021-10-01T07:00:00Z,20.600000000,20.360000000,20.715000000,20.170000000,49460
2021-10-04T07:00:00Z,20.350000000,20.130000000,20.350000000,19.910000000,96230
2021-10-05T07:00:00Z,20.145000000,20.130000000,20.340000000,20.000000000,69497
2021-10-06T07:00:00Z,20.130000000,20.265000000,20.285000000,19.920000000,72568
2021-10-07T07:00:00Z,20.290000000,20.580000000,20.690000000,20.150000000,49768
2021-10-08T07:00:00Z,20.500000000,21.590000000,22.050000000,20.400000000,231162
2021-10-11T07:00:00Z,21.620000000,21.445000000,21.825000000,21.020000000,87602
2021-10-12T07:00:00Z,21.600000000,22.735000000,22.980000000,21.525000000,269475
2021-10-13T07:00:00Z,22.830000000,23.475000000,23.700000000,22.635000000,333799
2021-10-14T07:00:00Z,23.300000000,24.150000000,24.210000000,23.110000000,224090
2021-10-15T07:00:00Z,24.155000000,23.610000000,24.175000000,23.330000000,153492
2021-10-18T07:00:00Z,23.600000000,23.940000000,24.350000000,23.145000000,121844
2021-10-19T07:00:00Z,24.400000000,24.380000000,24.590000000,24.125000000,119531
2021-10-20T07:00:00Z,24.455000000,23.870000000,24.935000000,23.410000000,170153
2021-10-21T07:00:00Z,23.990000000,23.860000000,24.305000000,23.545000000,91421
2021-10-22T07:00:00Z,24.000000000,24.150000000,24.495000000,23.850000000,81680
2021-10-25T07:00:00Z,24.500000000,24.040000000,24.680000000,23.320000000,140785
2021-10-26T07:00:00Z,24.100000000,23.420000000,24.100000000,23.380000000,66743
2021-10-27T07:00:00Z,23.380000000,23.625000000,24.020000000,23.130000000,131287
2021-10-28T07:00:00Z,23.750000000,23.545000000,23.855000000,23.400000000,77363
2021-10-29T07:00:00Z,23.700000000,22.625000000,23.700000000,22.190000000,89395
2021-11-01T07:00:00Z,22.805000000,22.650000000,22.805000000,22.310000000,63470
2021-11-02T07:00:00Z,22.730000000,22.050000000,22.895000000,21.870000000,80749
2021-11-03T07:00:00Z,22.050000000,21.730000000,22.085000000,21.330000000,104637
2021-11-05T07:00:00Z,21.905000000,21.810000000,22.200000000,21.360000000,108248
2021-11-08T07:00:00Z,21.700000000,22.130000000,22.775000000,21.700000000,169130
2021-11-09T07:00:00Z,22.200000000,21.510000000,22.200000000,21.345000000,150078
2021-11-10T07:00:00Z,21.500000000,22.055000000,22.635000000,21.060000000,353487
2021-11-11T07:00:00Z,22.100000000,23.350000000,23.585000000,22.100000000,312902
2021-11-12T07:00:00Z,23.350000000,23.180000000,23.610000000,22.450000000,176743
2021-11-15T07:00:00Z,23.150000000,23.280000000,23.810000000,22.650000000,108108
2021-11-16T07:00:00Z,23.500000000,23.045000000,23.855000000,22.750000000,166009
2021-11-17T07:00:00Z,23.195000000,22.905000000,23.200000000,22.805000000,61983
2021-11-18T07:00:00Z,22.875000000,22.120000000,22.915000000,21.800000000,88714
2021-11-19T07:00:00Z,22.160000000,21.875000000,22.395000000,21.610000000,95545
2021-11-22T07:00:00Z,21.805000000,21.500000000,22.120000000,21.075000000,152726
2021-11-23T07:00:00Z,21.500000000,21.070000000,21.500000000,20.675000000,156805
2021-11-24T07:00:00Z,21.070000000,20.660000000,21.305000000,20.410000000,94184
2021-11-25T07:00:00Z,20.950000000,21.015000000,21.380000000,20.760000000,71994
2021-11-26T07:00:00Z,21.030000000,20.700000000,21.355000000,20.525000000,135762
2021-11-29T07:00:00Z,20.985000000,20.795000000,21.085000000,20.465000000,81361
2021-11-30T07:00:00Z,20.800000000,20.800000000,21.550000000,20.520000000,109267
2021-12-01T07:00:00Z,20.990000000,20.885000000,21.200000000,20.690000000,63770
2021-12-02T07:00:00Z,20.985000000,20.890000000,21.050000000,20.700000000,44179
2021-12-03T07:00:00Z,21.000000000,21.140000000,21.400000000,20.605000000,61370
2021-12-06T07:00:00Z,21.340000000,20.830000000,21.350000000,20.715000000,72404
2021-12-07T07:00:00Z,20.905000000,21.055000000,21.265000000,20.750000000,64997
2021-12-08T07:00:00Z,21.150000000,20.835000000,21.450000000,20.715000000,76428
2021-12-09T07:00:00Z,20.900000000,21.100000000,21.300000000,20.790000000,183372
2021-12-10T07:00:00Z,20.975000000,20.915000000,21.200000000,20.800000000,176786
2021-12-13T07:00:00Z,21.080000000,19.905000000,21.100000000,19.620000000,302560
2021-12-14T07:00:00Z,19.710000000,20.065000000,20.245000000,17.500000000,203035
2021-12-15T07:00:00Z,20.240000000,20.115000000,20.340000000,19.595000000,150918
2021-12-16T07:00:00Z,20.285000000,20.650000000,20.800000000,20.010000000,158999
2021-12-17T07:00:00Z,20.710000000,21.355000000,22.265000000,20.700000000,134819
2021-12-20T07:00:00Z,21.215000000,20.590000000,21.800000000,20.520000000,96726
2021-12-21T07:00:00Z,20.695000000,20.360000000,20.945000000,20.330000000,77698
2021-12-22T07:00:00Z,20.465000000,20.500000000,20.655000000,20.250000000,108564
2021-12-23T07:00:00Z,20.450000000,20.580000000,20.940000000,20.450000000,99119
2021-12-24T07:00:00Z,20.650000000,20.215000000,20.700000000,20.125000000,79353
2021-12-27T07:00:00Z,20.190000000,19.755000000,20.285000000,19.460000000,248583
2021-12-28T07:00:00Z,19.830000000,19.290000000,19.940000000,19.100000000,279641
2021-12-29T07:00:00Z,19.295000000,19.160000000,19.420000000,18.700000000,134992
2021-12-30T07:00:00Z,19.005000000,19.295000000,19.415000000,18.980000000,62439
2022-01-03T07:00:00Z,19.400000000,19.550000000,19.750000000,19.160000000,45017
2022-01-04T07:00:00Z,19.510000000,19.575000000,19.715000000,19.210000000,65620
2022-01-05T07:00:00Z,19.600000000,18.870000000,19.600000000,18.740000000,113621
2022-01-06T07:00:00Z,18.825000000,19.075000000,19.170000000,18.455000000,56195
2022-01-10T07:00:00Z,19.100000000,19.035000000,19.155000000,18.715000000,42762
2022-01-11T07:00:00Z,19.100000000,18.910000000,19.100000000,18.540000000,136381
2022-01-12T07:00:00Z,18.840000000,19.105000000,19.160000000,18.720000000,86697
2022-01-13T07:00:00Z,19.080000000,18.670000000,19.145000000,18.440000000,81973
2022-01-14T07:00:00Z,18.795000000,18.080000000,18.940000000,17.750000000,154097
2022-01-17T07:00:00Z,18.100000000,17.715000000,18.180000000,17.500000000,89959
2022-01-18T07:00:00Z,17.740000000,16.470000000,17.950000000,15.200000000,387885
2022-01-19T07:00:00Z,16.500000000,16.765000000,17.190000000,15.300000000,279494
2022-01-20T07:00:00Z,16.885000000,16.690000000,17.600000000,16.505000000,185583
2022-01-21T07:00:00Z,16.660000000,16.290000000,16.795000000,16.150000000,123442
2022-01-24T07:00:00Z,16.400000000,16.005000000,16.795000000,15.015000000,221541
2022-01-25T07:00:00Z,16.150000000,16.620000000,16.660000000,15.505000000,139567
2022-01-26T07:00:00Z,16.500000000,16.225000000,17.300000000,16.100000000,136035
2022-01-27T07:00:00Z,16.280000000,16.115000000,16.510000000,15.700000000,134518
2022-01-28T07:00:00Z,16.110000000,15.485000000,16.205000000,15.095000000,280274
2022-01-31T07:00:00Z,15.560000000,15.950000000,15.950000000,15.525000000,91223
2022-02-01T07:00:00Z,15.950000000,16.115000000,16.540000000,15.765000000,104593
2022-02-02T07:00:00Z,16.200000000,15.925000000,16.345000000,15.650000000,88390
2022-02-03T07:00:00Z,15.805000000,15.695000000,15.990000000,15.505000000,52700
2022-02-04T07:00:00Z,15.565000000,15.880000000,16.205000000,15.505000000,74616
2022-02-07T07:00:00Z,15.845000000,15.815000000,16.050000000,15.310000000,95880
2022-02-08T07:00:00Z,15.725000000,15.755000000,16.000000000,15.460000000,75554
2022-02-09T07:00:00Z,15.775000000,16.145000000,16.205000000,15.500000000,125488
2022-02-10T07:00:00Z,16.090000000,16.085000000,16.740000000,15.950000000,214074
2022-02-11T07:00:00Z,16.140000000,15.600000000,16.145000000,15.500000000,141630
2022-02-14T07:00:00Z,15.600000000,15.940000000,16.220000000,15.325000000,142247
2022-02-15T07:00:00Z,15.950000000,16.060000000,16.495000000,15.835000000,125958
2022-02-16T07:00:00Z,16.015000000,16.820000000,16.955000000,15.940000000,141496
2022-02-17T07:00:00Z,16.790000000,16.425000000,16.910000000,15.900000000,280395
2022-02-18T07:00:00Z,16.500000000,16.050000000,16.580000000,15.950000000,174851
2022-02-21T07:00:00Z,16.000000000,13.435000000,16.535000000,12.560000000,368967
2022-02-22T07:00:00Z,13.255000000,14.180000000,14.220000000,11.350000000,326938
2022-02-24T07:00:00Z,12.800000000,9.995000000,13.000000000,7.000000000,365917
2022-02-25T07:00:00Z,9.990000000,9.405000000,11.805000000,9.305000000,206682
