2019-08-05T07:00:00Z,19.400000000,18.640000000,19.720000000,18.510000000,1705344
2019-08-06T07:00:00Z,19.190000000,19.360000000,19.360000000,19.140000000,1057103
2019-08-07T07:00:00Z,19.710000000,18.550000000,19.710000000,18.550000000,976473
2019-08-08T07:00:00Z,19.210000000,19.450000000,19.510000000,18.700000000,860296
2019-08-09T07:00:00Z,19.550000000,19.430000000,19.720000000,18.700000000,1104066
2019-08-12T07:00:00Z,19.510000000,18.780000000,19.510000000,18.360000000,895844
2019-08-13T07:00:00Z,18.760000000,18.700000000,19.200000000,18.700000000,667237
2019-08-14T07:00:00Z,18.350000000,18.220000000,18.470000000,17.990000000,1257229
2019-08-15T07:00:00Z,18.190000000,18.680000000,18.680000000,18.190000000,787567
2019-08-16T07:00:00Z,18.600000000,18.440000000,18.600000000,17.940000000,1212986
2019-08-19T07:00:00Z,18.830000000,19.380000000,19.390000000,18.830000000,1502860
2019-08-20T07:00:00Z,19.780000000,19.180000000,19.780000000,18.760000000,778859
2019-08-21T07:00:00Z,19.010000000,19.340000000,20.020000000,19.010000000,1034923
2019-08-22T07:00:00Z,19.580000000,19.670000000,20.200000000,19.580000000,912191
2019-08-23T07:00:00Z,19.880000000,20.140000000,20.360000000,19.690000000,1417155
2019-08-26T07:00:00Z,20.090000000,19.620000000,20.090000000,19.330000000,1312206
2019-08-27T07:00:00Z,19.320000000,19.120000000,19.320000000,18.850000000,887158
2019-08-28T07:00:00Z,19.500000000,19.600000000,23.490000000,19.120000000,2026777
2019-08-29T07:00:00Z,23.170000000,24.010000000,26.000000000,22.830000000,6388812
2019-08-30T07:00:00Z,24.270000000,24.230000000,24.780000000,23.880000000,2601208
2019-09-03T07:00:00Z,24.250000000,22.880000000,24.250000000,22.700000000,1599920
2019-09-04T07:00:00Z,23.620000000,23.330000000,23.800000000,22.930000000,1002588
2019-09-05T07:00:00Z,23.490000000,24.310000000,24.780000000,23.240000000,1068015
2019-09-06T07:00:00Z,24.480000000,23.960000000,24.480000000,23.960000000,750604
2019-09-09T07:00:00Z,24.210000000,25.300000000,25.950000000,24.090000000,1923685
2019-09-10T07:00:00Z,25.320000000,25.300000000,25.320000000,25.300000000,1369946
2019-09-11T07:00:00Z,27.010000000,27.250000000,27.250000000,27.010000000,1762934
2019-09-12T07:00:00Z,27.730000000,26.740000000,27.730000000,26.740000000,1105005
2019-09-13T07:00:00Z,26.800000000,27.040000000,27.040000000,26.800000000,819960
2019-09-16T07:00:00Z,26.930000000,27.210000000,27.210000000,26.930000000,1006487
2019-09-17T07:00:00Z,27.380000000,26.840000000,27.380000000,26.290000000,1143469
2019-09-18T07:00:00Z,26.640000000,26.310000000,27.150000000,25.870000000,873529
2019-09-19T07:00:00Z,26.400000000,26.450000000,26.510000000,26.010000000,683308
2019-09-20T07:00:00Z,26.810000000,26.160000000,26.810000000,26.160000000,1035459
2019-09-23T07:00:00Z,26.100000000,26.490000000,26.630000000,26.000000000,876942
2019-09-24T07:00:00Z,26.770000000,25.600000000,26.880000000,25.520000000,894585
2019-09-25T07:00:00Z,25.710000000,26.200000000,26.200000000,25.660000000,739552
2019-09-26T07:00:00Z,26.090000000,26.040000000,26.130000000,26.000000000,661460
2019-09-27T07:00:00Z,26.210000000,26.210000000,26.500000000,25.820000000,905095
2019-09-30T07:00:00Z,26.480000000,26.250000000,26.500000000,25.850000000,1029684
2019-10-01T07:00:00Z,26.560000000,25.350000000,26.560000000,25.350000000,833216
2019-10-02T07:00:00Z,25.110000000,25.160000000,25.340000000,24.700000000,740677
2019-10-03T07:00:00Z,25.070000000,25.280000000,25.420000000,25.000000000,616861
2019-10-04T07:00:00Z,25.130000000,25.280000000,25.400000000,24.960000000,667591
2019-10-07T07:00:00Z,25.260000000,25.630000000,26.010000000,25.010000000,664632
2019-10-08T07:00:00Z,24.250000000,23.750000000,24.290000000,23.720000000,1235492
2019-10-09T07:00:00Z,24.020000000,23.960000000,24.250000000,23.850000000,438503
2019-10-10T07:00:00Z,23.910000000,23.690000000,23.980000000,23.670000000,535987
2019-10-11T07:00:00Z,24.000000000,24.820000000,25.170000000,24.000000000,1505101
2019-10-14T07:00:00Z,24.980000000,25.350000000,25.350000000,24.640000000,672649
2019-10-15T07:00:00Z,25.330000000,25.580000000,25.820000000,25.260000000,533839
2019-10-16T07:00:00Z,25.380000000,26.240000000,26.240000000,25.180000000,727283
2019-10-17T07:00:00Z,26.290000000,26.760000000,27.540000000,26.290000000,1011891
2019-10-18T07:00:00Z,26.830000000,26.150000000,26.830000000,26.080000000,675138
2019-10-21T07:00:00Z,26.330000000,27.350000000,27.490000000,26.030000000,801617
2019-10-22T07:00:00Z,27.300000000,27.260000000,27.450000000,26.760000000,854209
2019-10-23T07:00:00Z,26.910000000,27.920000000,28.040000000,26.870000000,1124947
2019-10-24T07:00:00Z,27.930000000,28.330000000,28.640000000,27.690000000,869473
2019-10-25T07:00:00Z,28.530000000,29.130000000,29.520000000,28.220000000,928933
2019-10-28T07:00:00Z,29.360000000,29.120000000,29.400000000,28.850000000,601406
2019-10-29T07:00:00Z,29.170000000,29.110000000,29.250000000,28.390000000,479716
2019-10-30T07:00:00Z,28.940000000,29.520000000,29.670000000,28.920000000,540364
2019-10-31T07:00:00Z,28.760000000,29.220000000,29.220000000,28.760000000,474176
2019-11-01T07:00:00Z,29.450000000,28.920000000,29.940000000,28.780000000,857585
2019-11-04T07:00:00Z,29.320000000,27.930000000,29.320000000,27.600000000,765832
2019-11-05T07:00:00Z,28.030000000,27.960000000,28.030000000,27.870000000,493574
2019-11-06T07:00:00Z,27.880000000,27.270000000,27.880000000,27.230000000,560850
2019-11-07T07:00:00Z,27.260000000,27.420000000,28.000000000,27.260000000,407664
2019-11-08T07:00:00Z,27.250000000,27.960000000,27.980000000,26.970000000,435456
2019-11-11T07:00:00Z,27.990000000,27.780000000,28.010000000,27.540000000,416621
2019-11-12T07:00:00Z,27.880000000,27.820000000,28.210000000,27.740000000,794116
2019-11-13T07:00:00Z,27.460000000,27.580000000,27.940000000,27.400000000,328432
2019-11-14T07:00:00Z,27.460000000,26.620000000,27.460000000,26.620000000,583558
2019-11-15T07:00:00Z,27.000000000,29.400000000,29.580000000,27.000000000,1296604
2019-11-18T07:00:00Z,29.190000000,28.680000000,29.410000000,28.670000000,773525
2019-11-19T07:00:00Z,28.940000000,28.690000000,28.980000000,28.500000000,592260
2019-11-20T07:00:00Z,28.790000000,29.900000000,30.440000000,28.460000000,1008224
2019-11-21T07:00:00Z,30.080000000,29.690000000,30.410000000,29.540000000,731932
2019-11-22T07:00:00Z,28.960000000,29.300000000,29.300000000,28.740000000,792898
2019-11-25T07:00:00Z,29.590000000,28.750000000,35.070000000,27.070000000,1740449
2019-11-26T07:00:00Z,34.260000000,33.470000000,35.210000000,32.400000000,3908960
2019-11-27T07:00:00Z,33.720000000,34.970000000,35.170000000,33.390000000,1951810
2019-11-29T07:00:00Z,34.700000000,37.350000000,37.370000000,34.290000000,1351728
2019-12-02T07:00:00Z,37.070000000,35.890000000,37.720000000,35.340000000,1337449
2019-12-03T07:00:00Z,35.450000000,36.150000000,36.470000000,34.860000000,1018783
2019-12-04T07:00:00Z,36.270000000,35.550000000,36.700000000,35.540000000,661155
2019-12-05T07:00:00Z,35.810000000,35.570000000,36.220000000,35.500000000,641313
2019-12-06T07:00:00Z,35.570000000,34.600000000,35.900000000,34.600000000,986521
2019-12-09T07:00:00Z,34.330000000,33.880000000,34.760000000,33.410000000,1217818
2019-12-10T07:00:00Z,33.500000000,32.980000000,34.070000000,32.900000000,856227
2019-12-11T07:00:00Z,33.200000000,31.910000000,33.250000000,31.670000000,1110571
2019-12-12T07:00:00Z,32.030000000,32.610000000,32.670000000,31.640000000,741320
2019-12-13T07:00:00Z,32.960000000,32.750000000,33.240000000,32.620000000,677909
2019-12-16T07:00:00Z,32.960000000,32.660000000,33.300000000,32.570000000,1041527
2019-12-17T07:00:00Z,32.840000000,31.840000000,32.840000000,31.300000000,1358198
2019-12-18T07:00:00Z,31.850000000,32.020000000,32.480000000,31.830000000,925496
2019-12-19T07:00:00Z,31.890000000,31.740000000,32.140000000,31.740000000,876490
2019-12-20T07:00:00Z,31.610000000,31.660000000,32.030000000,31.490000000,2687771
2019-12-23T07:00:00Z,31.850000000,31.940000000,32.140000000,31.850000000,554024
2019-12-24T07:00:00Z,32.020000000,32.260000000,32.490000000,32.010000000,317421
2019-12-26T07:00:00Z,32.300000000,32.680000000,32.740000000,32.300000000,380412
2019-12-27T07:00:00Z,32.930000000,31.740000000,32.930000000,31.740000000,655093
2019-12-30T07:00:00Z,31.770000000,30.630000000,32.090000000,30.600000000,854580
2019-12-31T07:00:00Z,31.210000000,31.260000000,31.260000000,30.630000000,553055
2020-01-02T07:00:00Z,31.120000000,31.880000000,32.450000000,31.110000000,757243
2020-01-03T07:00:00Z,31.850000000,32.450000000,32.680000000,31.250000000,636857
2020-01-06T07:00:00Z,32.430000000,33.140000000,33.190000000,32.000000000,852526
2020-01-07T07:00:00Z,33.250000000,32.900000000,33.330000000,32.690000000,754732
2020-01-08T07:00:00Z,32.640000000,33.150000000,33.360000000,32.540000000,755473
2020-01-09T07:00:00Z,33.500000000,34.150000000,34.150000000,33.150000000,733749
2020-01-10T07:00:00Z,34.550000000,34.900000000,35.000000000,34.120000000,1019833
2020-01-13T07:00:00Z,34.940000000,35.010000000,35.540000000,34.550000000,572259
2020-01-14T07:00:00Z,35.070000000,34.960000000,35.450000000,34.920000000,510215
2020-01-15T07:00:00Z,34.750000000,34.700000000,35.600000000,34.600000000,482120
2020-01-16T07:00:00Z,35.000000000,35.880000000,36.060000000,34.610000000,856348
2020-01-17T07:00:00Z,36.290000000,35.140000000,36.290000000,35.000000000,583682
2020-01-21T07:00:00Z,35.340000000,34.620000000,35.350000000,34.600000000,371783
2020-01-22T07:00:00Z,34.570000000,36.330000000,36.880000000,34.570000000,1016691
2020-01-23T07:00:00Z,35.880000000,35.580000000,36.500000000,35.460000000,603004
2020-01-24T07:00:00Z,35.250000000,35.230000000,36.040000000,34.950000000,637428
2020-01-27T07:00:00Z,35.220000000,33.740000000,35.220000000,33.380000000,514650
2020-01-28T07:00:00Z,34.030000000,33.490000000,34.230000000,33.300000000,397479
2020-01-29T07:00:00Z,33.830000000,32.250000000,33.890000000,32.250000000,457257
2020-01-30T07:00:00Z,32.250000000,33.280000000,33.280000000,31.640000000,609285
2020-01-31T07:00:00Z,32.770000000,32.470000000,33.410000000,31.990000000,711190
2020-02-03T07:00:00Z,32.590000000,33.420000000,33.700000000,32.580000000,508277
2020-02-04T07:00:00Z,33.470000000,34.770000000,34.770000000,32.640000000,955877
2020-02-05T07:00:00Z,34.570000000,35.480000000,35.480000000,34.540000000,664736
2020-02-06T07:00:00Z,35.750000000,35.500000000,35.760000000,34.960000000,541652
2020-02-07T07:00:00Z,35.270000000,35.010000000,35.710000000,34.860000000,418568
2020-02-10T07:00:00Z,35.500000000,35.080000000,35.500000000,34.480000000,364434
2020-02-11T07:00:00Z,34.940000000,34.910000000,35.710000000,34.900000000,521676
2020-02-12T07:00:00Z,35.190000000,36.040000000,36.130000000,34.790000000,630333
2020-02-13T07:00:00Z,35.730000000,35.720000000,36.160000000,35.380000000,523980
2020-02-14T07:00:00Z,36.010000000,36.650000000,36.650000000,35.540000000,424296
2020-02-18T07:00:00Z,36.310000000,37.070000000,37.400000000,36.000000000,734778
2020-02-19T07:00:00Z,37.540000000,37.420000000,37.700000000,36.900000000,612643
2020-02-20T07:00:00Z,37.600000000,37.300000000,37.800000000,36.500000000,819721
2020-02-21T07:00:00Z,37.300000000,36.970000000,37.400000000,35.730000000,706331
2020-02-24T07:00:00Z,35.840000000,36.010000000,36.750000000,34.390000000,825475
2020-02-25T07:00:00Z,36.540000000,34.830000000,37.290000000,34.610000000,1250875
2020-02-26T07:00:00Z,35.090000000,32.630000000,35.090000000,24.740000000,1671076
2020-02-27T07:00:00Z,27.500000000,23.300000000,27.860000000,22.990000000,5591679
2020-02-28T07:00:00Z,21.910000000,23.840000000,24.210000000,21.210000000,2266748
2020-03-02T07:00:00Z,24.780000000,24.090000000,24.990000000,23.000000000,1449843
2020-03-03T07:00:00Z,23.730000000,22.100000000,24.440000000,22.050000000,1422246
2020-03-04T07:00:00Z,22.620000000,22.820000000,23.120000000,21.950000000,873205
2020-03-05T07:00:00Z,22.510000000,21.640000000,22.640000000,21.220000000,985319
2020-03-06T07:00:00Z,21.500000000,20.250000000,21.500000000,19.990000000,1412939
2020-03-09T07:00:00Z,19.270000000,17.500000000,19.970000000,17.290000000,1920931
2020-03-10T07:00:00Z,18.410000000,17.460000000,19.710000000,16.920000000,1644691
2020-03-11T07:00:00Z,17.280000000,15.850000000,17.340000000,15.550000000,1958237
2020-03-12T07:00:00Z,15.400000000,13.340000000,15.400000000,13.300000000,1877515
2020-03-13T07:00:00Z,13.870000000,14.630000000,14.900000000,12.810000000,1803787
2020-03-16T07:00:00Z,13.610000000,12.490000000,14.160000000,12.490000000,1624871
2020-03-17T07:00:00Z,13.320000000,13.100000000,13.650000000,11.450000000,1625253
2020-03-18T07:00:00Z,12.740000000,12.800000000,13.820000000,11.840000000,1908786
2020-03-19T07:00:00Z,13.010000000,14.060000000,14.150000000,12.470000000,1574640
2020-03-20T07:00:00Z,14.650000000,14.600000000,16.300000000,14.170000000,2044427
2020-03-23T07:00:00Z,14.010000000,15.810000000,15.990000000,14.010000000,1579150
2020-03-24T07:00:00Z,17.000000000,18.370000000,18.390000000,16.500000000,1887310
2020-03-25T07:00:00Z,18.840000000,18.080000000,19.500000000,17.270000000,1518806
2020-03-26T07:00:00Z,18.100000000,17.620000000,18.850000000,16.970000000,1483693
2020-03-27T07:00:00Z,17.690000000,16.930000000,17.690000000,16.420000000,855091
2020-03-30T07:00:00Z,16.790000000,16.030000000,17.200000000,15.950000000,1101055
2020-03-31T07:00:00Z,16.520000000,15.800000000,16.800000000,15.720000000,999858
2020-04-01T07:00:00Z,15.420000000,14.780000000,15.740000000,14.650000000,819604
2020-04-02T07:00:00Z,15.360000000,14.530000000,15.500000000,14.100000000,877346
2020-04-03T07:00:00Z,14.310000000,14.330000000,14.750000000,13.790000000,878097
2020-04-06T07:00:00Z,14.990000000,16.030000000,16.250000000,14.590000000,1239035
2020-04-07T07:00:00Z,15.990000000,15.970000000,17.450000000,15.880000000,825537
2020-04-08T07:00:00Z,15.920000000,16.500000000,16.900000000,15.700000000,834993
2020-04-09T07:00:00Z,16.610000000,17.100000000,17.130000000,16.200000000,1006784
2020-04-13T07:00:00Z,16.820000000,17.170000000,17.510000000,16.130000000,1368649
2020-04-14T07:00:00Z,17.010000000,17.910000000,18.200000000,17.010000000,943113
2020-04-15T07:00:00Z,17.890000000,17.160000000,17.970000000,16.750000000,786487
2020-04-16T07:00:00Z,17.170000000,17.400000000,18.000000000,16.600000000,525291
2020-04-17T07:00:00Z,17.420000000,16.850000000,18.000000000,16.300000000,1198075
2020-04-20T07:00:00Z,16.610000000,16.600000000,17.190000000,16.410000000,1348274
2020-04-21T07:00:00Z,16.840000000,16.250000000,16.840000000,15.660000000,693278
2020-04-22T07:00:00Z,16.770000000,17.230000000,17.300000000,16.450000000,660305
2020-04-23T07:00:00Z,17.390000000,17.020000000,17.520000000,16.910000000,711720
2020-04-24T07:00:00Z,17.000000000,17.790000000,17.990000000,17.000000000,757730
2020-04-27T07:00:00Z,18.000000000,18.810000000,19.470000000,17.910000000,802266
2020-04-28T07:00:00Z,18.840000000,18.960000000,19.800000000,18.590000000,860301
2020-04-29T07:00:00Z,19.330000000,20.580000000,20.850000000,19.100000000,1754264
2020-04-30T07:00:00Z,21.510000000,20.490000000,21.510000000,20.110000000,990375
2020-05-01T07:00:00Z,19.740000000,18.260000000,19.900000000,18.190000000,1149423
2020-05-04T07:00:00Z,18.420000000,17.640000000,18.420000000,17.300000000,1172790
2020-05-05T07:00:00Z,17.810000000,17.770000000,19.360000000,17.500000000,999326
2020-05-06T07:00:00Z,19.930000000,20.680000000,21.200000000,19.390000000,2008898
2020-05-07T07:00:00Z,20.320000000,21.660000000,22.410000000,20.320000000,1559293
2020-05-08T07:00:00Z,22.310000000,22.200000000,22.500000000,21.480000000,907089
2020-05-11T07:00:00Z,21.950000000,22.060000000,22.670000000,21.950000000,826680
2020-05-12T07:00:00Z,22.440000000,21.210000000,22.650000000,21.160000000,608052
2020-05-13T07:00:00Z,21.300000000,20.100000000,21.700000000,19.380000000,966258
2020-05-14T07:00:00Z,20.010000000,19.640000000,20.350000000,19.110000000,1128715
2020-05-15T07:00:00Z,20.030000000,20.290000000,20.600000000,19.360000000,732097
2020-05-18T07:00:00Z,20.930000000,21.230000000,21.670000000,20.520000000,588862
2020-05-19T07:00:00Z,21.260000000,20.920000000,21.520000000,20.380000000,875956
2020-05-20T07:00:00Z,21.220000000,23.450000000,23.980000000,21.000000000,1696225
2020-05-21T07:00:00Z,23.520000000,24.010000000,24.500000000,23.300000000,1374467
2020-05-22T07:00:00Z,23.120000000,24.610000000,24.850000000,22.740000000,1020701
2020-05-26T07:00:00Z,25.470000000,24.410000000,26.180000000,24.030000000,1140556
2020-05-27T07:00:00Z,24.750000000,24.910000000,26.450000000,23.200000000,1342855
2020-05-28T07:00:00Z,23.730000000,22.830000000,24.300000000,22.650000000,1853421
2020-05-29T07:00:00Z,23.290000000,24.060000000,24.290000000,22.800000000,1349343
2020-06-01T07:00:00Z,23.950000000,24.030000000,24.680000000,23.460000000,1081621
2020-06-02T07:00:00Z,24.100000000,24.380000000,24.680000000,23.930000000,1022568
2020-06-03T07:00:00Z,24.320000000,24.170000000,24.800000000,23.630000000,1033315
2020-06-04T07:00:00Z,23.700000000,24.280000000,24.650000000,23.700000000,827863
2020-06-05T07:00:00Z,24.630000000,23.680000000,24.860000000,23.660000000,901659
2020-06-08T07:00:00Z,24.070000000,25.350000000,25.440000000,23.560000000,1404262
2020-06-09T07:00:00Z,25.350000000,24.090000000,25.400000000,23.650000000,1021653
2020-06-10T07:00:00Z,24.130000000,24.050000000,24.720000000,23.820000000,1027926
2020-06-11T07:00:00Z,23.450000000,21.210000000,23.630000000,21.060000000,1261205
2020-06-12T07:00:00Z,21.900000000,22.520000000,22.540000000,21.550000000,960856
2020-06-15T07:00:00Z,21.500000000,22.890000000,23.300000000,21.500000000,816283
2020-06-16T07:00:00Z,23.660000000,23.390000000,24.250000000,23.010000000,743809
2020-06-17T07:00:00Z,23.540000000,23.130000000,23.800000000,23.000000000,708394
2020-06-18T07:00:00Z,23.250000000,22.930000000,23.660000000,22.550000000,795074
2020-06-19T07:00:00Z,23.130000000,23.000000000,23.780000000,22.750000000,1697638
2020-06-22T07:00:00Z,23.160000000,23.120000000,23.330000000,22.800000000,736673
2020-06-23T07:00:00Z,23.310000000,23.640000000,24.070000000,23.210000000,802310
2020-06-24T07:00:00Z,23.810000000,22.690000000,23.810000000,22.500000000,895262
2020-06-25T07:00:00Z,22.850000000,21.670000000,22.920000000,20.580000000,1698687
2020-06-26T07:00:00Z,21.330000000,22.300000000,22.720000000,21.170000000,2005599
2020-06-29T07:00:00Z,22.620000000,22.980000000,22.980000000,21.990000000,583040
2020-06-30T07:00:00Z,22.570000000,23.700000000,23.750000000,22.570000000,859138
2020-07-01T07:00:00Z,23.800000000,23.700000000,24.100000000,23.420000000,885384
2020-07-02T07:00:00Z,23.880000000,23.870000000,24.500000000,23.700000000,914826
2020-07-06T07:00:00Z,23.800000000,23.620000000,24.390000000,23.540000000,766665
2020-07-07T07:00:00Z,23.650000000,23.230000000,23.860000000,23.130000000,445130
2020-07-08T07:00:00Z,23.500000000,23.950000000,24.010000000,23.350000000,567668
2020-07-09T07:00:00Z,24.080000000,23.620000000,24.100000000,23.030000000,668814
2020-07-10T07:00:00Z,23.280000000,23.340000000,24.000000000,23.200000000,757571
2020-07-13T07:00:00Z,23.500000000,21.000000000,23.880000000,20.950000000,1252232
2020-07-14T07:00:00Z,21.500000000,21.500000000,22.050000000,19.850000000,1041055
2020-07-15T07:00:00Z,21.000000000,21.000000000,21.370000000,20.300000000,1009674
2020-07-16T07:00:00Z,20.500000000,20.350000000,20.760000000,20.220000000,656264
2020-07-17T07:00:00Z,20.300000000,22.060000000,23.170000000,20.080000000,3957313
2020-07-20T07:00:00Z,22.470000000,21.880000000,22.600000000,21.280000000,1096090
2020-07-21T07:00:00Z,22.790000000,22.450000000,23.370000000,22.090000000,1008201
2020-07-22T07:00:00Z,22.670000000,22.380000000,23.310000000,22.250000000,626070
2020-07-23T07:00:00Z,22.560000000,22.380000000,23.240000000,22.160000000,897571
2020-07-24T07:00:00Z,21.690000000,21.120000000,22.520000000,21.020000000,896674
2020-07-27T07:00:00Z,20.950000000,21.650000000,21.750000000,20.950000000,670415
2020-07-28T07:00:00Z,21.870000000,21.790000000,22.320000000,21.450000000,752641
2020-07-29T07:00:00Z,22.060000000,22.080000000,22.220000000,21.910000000,657155
2020-07-30T07:00:00Z,21.950000000,22.180000000,22.500000000,21.150000000,569388
2020-07-31T07:00:00Z,22.670000000,22.190000000,23.100000000,21.600000000,1044531
2020-08-03T07:00:00Z,22.620000000,22.840000000,22.940000000,21.950000000,686426
2020-08-04T07:00:00Z,22.950000000,23.290000000,23.420000000,22.640000000,869012
2020-08-05T07:00:00Z,23.290000000,23.750000000,23.760000000,23.070000000,676779
2020-08-06T07:00:00Z,23.800000000,23.300000000,23.850000000,23.060000000,514781
2020-08-07T07:00:00Z,23.080000000,22.220000000,23.430000000,21.780000000,786022
2020-08-10T07:00:00Z,22.510000000,22.520000000,22.690000000,21.830000000,774392
2020-08-11T07:00:00Z,22.510000000,22.590000000,23.350000000,22.320000000,713743
2020-08-12T07:00:00Z,22.640000000,22.320000000,23.170000000,22.250000000,547451
2020-08-13T07:00:00Z,22.210000000,21.720000000,22.470000000,21.720000000,650572
2020-08-14T07:00:00Z,21.890000000,21.200000000,22.070000000,20.910000000,818578
2020-08-17T07:00:00Z,21.410000000,21.160000000,21.620000000,21.000000000,447316
2020-08-18T07:00:00Z,21.080000000,21.170000000,21.500000000,21.080000000,594151
2020-08-19T07:00:00Z,21.340000000,20.840000000,21.370000000,20.800000000,728989
2020-08-20T07:00:00Z,20.820000000,21.480000000,21.550000000,20.550000000,620075
2020-08-21T07:00:00Z,21.040000000,20.980000000,21.590000000,20.900000000,736081
2020-08-24T07:00:00Z,21.500000000,21.220000000,21.500000000,21.000000000,640174
2020-08-25T07:00:00Z,21.250000000,20.890000000,21.490000000,20.850000000,654200
2020-08-26T07:00:00Z,20.810000000,21.640000000,21.950000000,20.810000000,1113759
2020-08-27T07:00:00Z,21.620000000,21.700000000,25.740000000,21.150000000,918471
2020-08-28T07:00:00Z,24.700000000,28.030000000,28.520000000,22.740000000,12120356
2020-08-31T07:00:00Z,28.320000000,28.710000000,29.300000000,27.660000000,2813416
2020-09-01T07:00:00Z,28.150000000,28.150000000,29.000000000,27.910000000,1545787
2020-09-02T07:00:00Z,28.250000000,27.460000000,28.740000000,26.970000000,1397650
2020-09-03T07:00:00Z,27.220000000,26.110000000,27.220000000,25.450000000,1398683
2020-09-04T07:00:00Z,25.010000000,25.070000000,26.090000000,24.450000000,1309222
2020-09-08T07:00:00Z,25.270000000,25.050000000,26.000000000,24.060000000,1947435
2020-09-09T07:00:00Z,25.370000000,25.560000000,25.950000000,24.560000000,955794
2020-09-10T07:00:00Z,25.900000000,24.720000000,26.050000000,24.660000000,1526534
2020-09-11T07:00:00Z,25.460000000,23.940000000,25.460000000,23.540000000,1120168
2020-09-14T07:00:00Z,24.290000000,24.640000000,24.920000000,24.100000000,859712
2020-09-15T07:00:00Z,24.810000000,24.250000000,25.160000000,24.080000000,633212
2020-09-16T07:00:00Z,24.300000000,23.820000000,24.800000000,23.760000000,1083232
2020-09-17T07:00:00Z,23.730000000,22.670000000,23.900000000,22.420000000,1202233
2020-09-18T07:00:00Z,22.960000000,22.050000000,23.160000000,21.530000000,2376516
2020-09-21T07:00:00Z,22.200000000,21.640000000,22.200000000,20.990000000,1266555
2020-09-22T07:00:00Z,22.200000000,22.690000000,22.740000000,21.870000000,1193511
2020-09-23T07:00:00Z,22.310000000,21.390000000,23.060000000,21.390000000,919517
2020-09-24T07:00:00Z,21.210000000,21.260000000,21.670000000,20.760000000,710435
2020-09-25T07:00:00Z,21.130000000,21.780000000,21.880000000,21.130000000,605703
2020-09-28T07:00:00Z,22.320000000,22.010000000,22.430000000,21.810000000,565498
2020-09-29T07:00:00Z,22.140000000,22.130000000,22.360000000,21.800000000,524310
2020-09-30T07:00:00Z,22.120000000,22.180000000,22.570000000,21.950000000,826371
2020-10-01T07:00:00Z,22.330000000,22.990000000,23.090000000,22.080000000,920603
2020-10-02T07:00:00Z,22.920000000,22.250000000,23.260000000,22.150000000,674793
2020-10-05T07:00:00Z,22.350000000,22.030000000,22.650000000,21.900000000,599550
2020-10-06T07:00:00Z,22.250000000,21.460000000,22.490000000,21.380000000,820498
2020-10-07T07:00:00Z,21.900000000,21.370000000,21.910000000,21.360000000,551032
2020-10-08T07:00:00Z,21.700000000,22.810000000,23.080000000,21.420000000,926618
2020-10-09T07:00:00Z,23.160000000,23.120000000,23.370000000,22.820000000,603339
2020-10-12T07:00:00Z,23.210000000,23.410000000,23.560000000,22.800000000,678592
2020-10-13T07:00:00Z,23.250000000,23.790000000,23.990000000,23.240000000,643203
2020-10-14T07:00:00Z,24.100000000,24.510000000,24.600000000,23.800000000,751338
2020-10-15T07:00:00Z,24.130000000,24.390000000,24.500000000,22.900000000,606223
2020-10-16T07:00:00Z,24.330000000,24.120000000,24.750000000,24.010000000,557263
2020-10-19T07:00:00Z,24.570000000,24.290000000,24.950000000,24.240000000,680051
2020-10-20T07:00:00Z,24.890000000,23.900000000,24.890000000,23.770000000,459675
2020-10-21T07:00:00Z,23.880000000,24.400000000,24.570000000,23.710000000,635858
2020-10-22T07:00:00Z,24.480000000,25.050000000,25.230000000,24.300000000,811857
2020-10-23T07:00:00Z,25.010000000,25.320000000,25.640000000,24.590000000,577001
2020-10-26T07:00:00Z,25.240000000,24.260000000,25.280000000,24.000000000,524337
2020-10-27T07:00:00Z,24.690000000,24.540000000,24.870000000,24.250000000,421697
2020-10-28T07:00:00Z,24.450000000,24.560000000,24.760000000,23.800000000,753264
2020-10-29T07:00:00Z,24.910000000,25.360000000,25.500000000,24.410000000,497590
2020-10-30T07:00:00Z,24.770000000,24.340000000,25.270000000,24.060000000,668433
2020-11-02T07:00:00Z,23.870000000,23.360000000,24.710000000,23.080000000,522653
2020-11-03T07:00:00Z,23.500000000,24.730000000,24.890000000,23.440000000,630402
2020-11-04T07:00:00Z,25.290000000,25.110000000,25.680000000,24.920000000,640436
2020-11-05T07:00:00Z,25.260000000,25.380000000,25.810000000,25.200000000,462081
2020-11-06T07:00:00Z,25.110000000,25.900000000,26.000000000,24.730000000,469411
2020-11-09T07:00:00Z,25.950000000,26.090000000,27.260000000,25.940000000,720455
2020-11-10T07:00:00Z,26.150000000,24.850000000,26.670000000,24.760000000,590597
2020-11-11T07:00:00Z,25.260000000,25.660000000,26.080000000,24.860000000,547795
2020-11-12T07:00:00Z,25.270000000,25.620000000,26.140000000,25.270000000,365240
2020-11-13T07:00:00Z,26.070000000,26.370000000,26.500000000,25.930000000,483596
2020-11-16T07:00:00Z,26.640000000,26.710000000,26.950000000,26.080000000,409323
2020-11-17T07:00:00Z,26.990000000,26.980000000,27.090000000,26.250000000,491665
2020-11-18T07:00:00Z,26.700000000,26.860000000,27.420000000,26.450000000,575445
2020-11-19T07:00:00Z,26.710000000,27.590000000,27.900000000,26.280000000,546810
2020-11-20T07:00:00Z,27.580000000,28.470000000,28.730000000,27.500000000,925901
2020-11-23T07:00:00Z,28.920000000,28.470000000,31.750000000,28.030000000,1217975
2020-11-24T07:00:00Z,30.910000000,28.210000000,31.690000000,27.910000000,1628565
2020-11-25T07:00:00Z,27.990000000,27.070000000,28.650000000,26.870000000,822042
2020-11-27T07:00:00Z,28.190000000,28.070000000,28.500000000,27.270000000,532912
2020-11-30T07:00:00Z,28.290000000,27.390000000,28.500000000,27.070000000,784714
2020-12-01T07:00:00Z,27.600000000,27.800000000,28.250000000,27.370000000,613655
2020-12-02T07:00:00Z,27.800000000,28.400000000,28.480000000,27.300000000,536872
2020-12-03T07:00:00Z,28.500000000,27.960000000,28.840000000,27.900000000,492467
2020-12-04T07:00:00Z,28.670000000,28.880000000,28.890000000,28.110000000,576077
2020-12-07T07:00:00Z,28.970000000,28.580000000,29.060000000,28.420000000,441830
2020-12-08T07:00:00Z,28.610000000,29.530000000,29.960000000,28.410000000,497226
2020-12-09T07:00:00Z,29.410000000,29.730000000,31.350000000,29.220000000,1729537
2020-12-10T07:00:00Z,29.820000000,31.000000000,31.010000000,29.250000000,639336
2020-12-11T07:00:00Z,30.730000000,31.110000000,31.790000000,29.990000000,651722
2020-12-14T07:00:00Z,31.380000000,31.420000000,32.250000000,30.860000000,1315017
2020-12-15T07:00:00Z,31.160000000,31.750000000,32.080000000,31.130000000,513893
2020-12-16T07:00:00Z,31.650000000,30.980000000,32.200000000,30.800000000,926548
2020-12-17T07:00:00Z,31.300000000,32.040000000,32.140000000,30.670000000,897695
2020-12-18T07:00:00Z,31.820000000,33.670000000,33.710000000,31.740000000,6194513
2020-12-21T07:00:00Z,33.330000000,32.850000000,33.770000000,31.320000000,804437
2020-12-22T07:00:00Z,33.020000000,33.860000000,33.970000000,32.720000000,645642
2020-12-23T07:00:00Z,33.920000000,33.210000000,34.400000000,33.200000000,490012
2020-12-24T07:00:00Z,34.570000000,33.220000000,35.670000000,33.010000000,154188
2020-12-28T07:00:00Z,33.460000000,32.380000000,33.850000000,32.280000000,1402264
2020-12-29T07:00:00Z,32.600000000,31.850000000,32.820000000,31.700000000,843186
2020-12-30T07:00:00Z,32.170000000,32.300000000,32.580000000,31.950000000,679489
2020-12-31T07:00:00Z,32.300000000,31.870000000,33.010000000,31.870000000,480592
2021-01-04T07:00:00Z,32.010000000,31.210000000,32.470000000,31.070000000,659347
2021-01-05T07:00:00Z,31.340000000,31.100000000,32.000000000,30.570000000,686029
2021-01-06T07:00:00Z,30.590000000,30.040000000,31.100000000,29.940000000,1609000
2021-01-07T07:00:00Z,30.090000000,30.930000000,31.050000000,30.090000000,498495
2021-01-08T07:00:00Z,30.920000000,31.050000000,31.690000000,30.620000000,464469
2021-01-11T07:00:00Z,30.780000000,30.720000000,31.250000000,30.350000000,326462
2021-01-12T07:00:00Z,30.970000000,31.110000000,31.420000000,30.610000000,398285
2021-01-13T07:00:00Z,30.750000000,30.960000000,32.520000000,30.560000000,427536
2021-01-14T07:00:00Z,30.800000000,31.410000000,32.120000000,30.800000000,368809
2021-01-15T07:00:00Z,31.480000000,30.780000000,32.010000000,30.780000000,403125
2021-01-19T07:00:00Z,31.480000000,31.110000000,31.480000000,30.700000000,372126
2021-01-20T07:00:00Z,31.500000000,33.240000000,33.400000000,31.400000000,684523
2021-01-21T07:00:00Z,33.140000000,33.320000000,33.770000000,32.820000000,450133
2021-01-22T07:00:00Z,33.340000000,33.520000000,33.520000000,32.640000000,353510
2021-01-25T07:00:00Z,33.680000000,33.330000000,34.140000000,32.640000000,500847
2021-01-26T07:00:00Z,32.940000000,32.470000000,33.520000000,32.260000000,383956
2021-01-27T07:00:00Z,32.510000000,30.770000000,32.850000000,30.720000000,737208
2021-01-28T07:00:00Z,30.800000000,31.180000000,31.990000000,30.460000000,483250
2021-01-29T07:00:00Z,30.790000000,30.520000000,31.220000000,30.120000000,628436
2021-02-01T07:00:00Z,30.500000000,31.370000000,31.840000000,30.470000000,493386
2021-02-02T07:00:00Z,31.740000000,32.560000000,32.600000000,31.410000000,408638
2021-02-03T07:00:00Z,33.000000000,33.210000000,33.400000000,32.510000000,298951
2021-02-04T07:00:00Z,33.410000000,33.140000000,33.600000000,33.000000000,313722
2021-02-05T07:00:00Z,33.240000000,33.580000000,33.650000000,33.110000000,302216
2021-02-08T07:00:00Z,33.580000000,34.630000000,35.250000000,33.550000000,573939
2021-02-09T07:00:00Z,34.810000000,34.810000000,35.130000000,34.000000000,372584
2021-02-10T07:00:00Z,35.190000000,34.510000000,35.450000000,34.070000000,314000
2021-02-11T07:00:00Z,34.770000000,35.070000000,35.550000000,34.530000000,478579
2021-02-12T07:00:00Z,35.230000000,34.420000000,35.230000000,33.510000000,812695
2021-02-16T07:00:00Z,34.490000000,34.620000000,34.850000000,33.880000000,331681
2021-02-17T07:00:00Z,34.480000000,33.820000000,34.510000000,32.870000000,586844
2021-02-18T07:00:00Z,34.440000000,33.330000000,34.480000000,32.300000000,754561
2021-02-19T07:00:00Z,33.110000000,33.690000000,33.960000000,33.110000000,787286
2021-02-22T07:00:00Z,33.180000000,33.160000000,33.970000000,32.800000000,405611
2021-02-23T07:00:00Z,33.250000000,31.970000000,33.580000000,30.390000000,714413
2021-02-24T07:00:00Z,31.990000000,32.820000000,34.790000000,30.810000000,700702
2021-02-25T07:00:00Z,34.020000000,29.790000000,34.150000000,29.520000000,1414093
2021-02-26T07:00:00Z,30.140000000,30.290000000,32.250000000,29.200000000,1066886
2021-03-01T04:00:00Z,30.750000000,30.710000000,31.270000000,30.240000000,714239
2021-03-02T04:00:00Z,30.210000000,29.940000000,31.280000000,29.640000000,532522
2021-03-03T04:00:00Z,30.440000000,28.530000000,30.440000000,28.520000000,608654
2021-03-04T04:00:00Z,28.760000000,26.620000000,29.050000000,26.500000000,1205891
2021-03-05T04:00:00Z,26.620000000,27.270000000,27.740000000,25.300000000,1079027
2021-03-08T04:00:00Z,27.140000000,25.720000000,27.390000000,25.710000000,872859
2021-03-09T04:00:00Z,25.900000000,27.120000000,27.500000000,25.900000000,930275
2021-03-10T04:00:00Z,26.950000000,27.010000000,27.930000000,26.650000000,578741
2021-03-11T04:00:00Z,27.530000000,27.650000000,29.900000000,27.400000000,563259
2021-03-12T04:00:00Z,27.690000000,27.360000000,27.750000000,26.800000000,830561
2021-03-15T04:00:00Z,27.730000000,27.880000000,28.630000000,27.080000000,579687
2021-03-16T04:00:00Z,28.700000000,27.270000000,28.700000000,26.970000000,705260
2021-03-17T04:00:00Z,27.200000000,27.320000000,27.510000000,26.090000000,825633
2021-03-18T04:00:00Z,27.440000000,25.650000000,27.450000000,25.590000000,1022905
2021-03-19T04:00:00Z,25.750000000,26.220000000,26.370000000,25.580000000,1095061
2021-03-22T04:00:00Z,26.730000000,26.430000000,26.730000000,25.980000000,676673
2021-03-23T04:00:00Z,26.460000000,27.470000000,27.530000000,26.250000000,1263884
2021-03-24T04:00:00Z,27.780000000,27.200000000,27.780000000,26.920000000,1203921
2021-03-25T04:00:00Z,27.130000000,26.800000000,27.320000000,25.680000000,836225
2021-03-26T04:00:00Z,27.320000000,26.950000000,27.500000000,26.340000000,523170
2021-03-29T04:00:00Z,27.120000000,26.010000000,27.120000000,25.900000000,567151
2021-03-30T04:00:00Z,26.100000000,25.860000000,26.220000000,25.170000000,502301
2021-03-31T04:00:00Z,26.010000000,26.560000000,26.780000000,25.770000000,555519
2021-04-01T04:00:00Z,26.990000000,27.220000000,27.450000000,26.710000000,543703
2021-04-05T04:00:00Z,27.500000000,27.700000000,28.100000000,26.730000000,632518
2021-04-06T04:00:00Z,27.570000000,28.060000000,28.500000000,27.450000000,1109934
2021-04-07T04:00:00Z,28.320000000,27.260000000,28.500000000,27.100000000,468921
2021-04-08T04:00:00Z,27.340000000,27.960000000,28.570000000,27.330000000,644406
2021-04-09T04:00:00Z,27.770000000,27.390000000,28.490000000,26.750000000,680024
2021-04-12T04:00:00Z,27.570000000,27.150000000,28.440000000,27.000000000,842385
2021-04-13T04:00:00Z,27.020000000,27.270000000,28.400000000,26.910000000,568396
2021-04-14T04:00:00Z,27.440000000,27.840000000,28.130000000,27.110000000,668880
2021-04-15T04:00:00Z,27.900000000,28.480000000,29.000000000,27.860000000,674843
2021-04-16T04:00:00Z,28.570000000,27.340000000,28.640000000,27.250000000,663836
2021-04-19T04:00:00Z,27.700000000,27.010000000,27.700000000,26.880000000,453585
2021-04-20T04:00:00Z,27.170000000,26.470000000,27.210000000,26.250000000,449832
2021-04-21T04:00:00Z,26.560000000,26.840000000,26.870000000,26.100000000,319225
2021-04-22T04:00:00Z,26.740000000,26.620000000,27.280000000,26.570000000,345700
2021-04-23T04:00:00Z,26.590000000,26.660000000,26.910000000,26.450000000,515273
2021-04-26T04:00:00Z,26.540000000,27.450000000,27.520000000,26.470000000,438188
2021-04-27T04:00:00Z,27.510000000,27.180000000,27.700000000,27.030000000,269149
2021-04-28T04:00:00Z,27.370000000,27.320000000,28.500000000,26.880000000,249333
2021-04-29T04:00:00Z,28.130000000,27.740000000,28.810000000,27.320000000,679294
2021-04-30T04:00:00Z,27.570000000,27.040000000,27.780000000,26.790000000,531804
2021-05-03T04:00:00Z,27.340000000,26.540000000,27.420000000,26.330000000,648493
2021-05-04T04:00:00Z,26.960000000,27.160000000,27.970000000,26.600000000,969272
2021-05-05T04:00:00Z,27.320000000,26.710000000,28.990000000,26.560000000,689039
2021-05-06T04:00:00Z,26.720000000,28.150000000,28.900000000,26.300000000,1135574
2021-05-07T04:00:00Z,28.020000000,28.620000000,28.900000000,27.790000000,858538
2021-05-10T04:00:00Z,28.880000000,28.390000000,29.800000000,27.920000000,898544
2021-05-11T04:00:00Z,27.980000000,28.260000000,28.460000000,27.100000000,1100601
2021-05-12T04:00:00Z,28.070000000,26.760000000,28.300000000,26.700000000,997001
2021-05-13T04:00:00Z,26.830000000,28.710000000,28.790000000,26.700000000,1255516
2021-05-14T04:00:00Z,28.910000000,29.990000000,30.410000000,28.830000000,1063061
2021-05-17T04:00:00Z,30.230000000,29.650000000,30.230000000,29.270000000,510252
2021-05-18T04:00:00Z,30.310000000,29.640000000,30.440000000,29.570000000,604023
2021-05-19T04:00:00Z,29.650000000,29.570000000,30.000000000,28.470000000,660890
2021-05-20T04:00:00Z,29.530000000,30.290000000,30.480000000,29.360000000,504987
2021-05-21T04:00:00Z,30.210000000,30.110000000,30.510000000,29.990000000,584552
2021-05-24T04:00:00Z,30.550000000,30.980000000,31.050000000,30.030000000,572171
2021-05-25T04:00:00Z,31.010000000,30.970000000,31.300000000,30.640000000,567697
2021-05-26T04:00:00Z,31.020000000,31.620000000,31.930000000,28.980000000,847861
2021-05-27T04:00:00Z,30.410000000,31.900000000,33.110000000,29.340000000,1574857
2021-05-28T04:00:00Z,31.790000000,31.510000000,32.100000000,31.100000000,970545
2021-06-01T04:00:00Z,31.630000000,32.200000000,32.780000000,31.170000000,725634
2021-06-02T04:00:00Z,32.550000000,32.600000000,33.670000000,32.100000000,825353
2021-06-03T04:00:00Z,32.940000000,33.490000000,33.710000000,32.400000000,711983
2021-06-04T04:00:00Z,32.950000000,33.500000000,33.590000000,32.940000000,486592
2021-06-07T04:00:00Z,33.500000000,34.160000000,34.250000000,33.000000000,600281
2021-06-08T04:00:00Z,34.190000000,34.620000000,34.970000000,33.770000000,656754
2021-06-09T04:00:00Z,35.110000000,34.320000000,35.120000000,34.320000000,934273
2021-06-10T04:00:00Z,34.780000000,34.360000000,35.030000000,34.010000000,23286
2021-06-11T04:00:00Z,34.300000000,35.000000000,35.000000000,34.260000000,477838
2021-06-14T04:00:00Z,34.980000000,37.510000000,37.600000000,34.720000000,1890697
2021-06-15T04:00:00Z,37.550000000,37.540000000,37.970000000,36.950000000,1063918
2021-06-16T04:00:00Z,37.370000000,37.620000000,38.100000000,37.000000000,899015
2021-06-17T04:00:00Z,37.280000000,37.210000000,38.500000000,36.860000000,983669
2021-06-18T04:00:00Z,37.170000000,36.900000000,37.780000000,36.650000000,5488639
2021-06-21T04:00:00Z,36.670000000,36.340000000,37.340000000,36.160000000,962238
2021-06-22T04:00:00Z,36.500000000,38.930000000,39.400000000,35.860000000,2100591
2021-06-23T04:00:00Z,38.800000000,39.140000000,40.660000000,38.800000000,1523724
2021-06-24T04:00:00Z,39.100000000,39.600000000,39.600000000,38.760000000,826095
2021-06-25T04:00:00Z,39.860000000,39.950000000,39.950000000,39.200000000,1671020
2021-06-28T04:00:00Z,39.830000000,39.270000000,40.100000000,38.760000000,687290
2021-06-29T04:00:00Z,39.300000000,39.410000000,39.460000000,38.800000000,549623
2021-06-30T04:00:00Z,39.800000000,38.220000000,39.800000000,38.220000000,1062335
2021-07-01T04:00:00Z,38.350000000,38.280000000,38.610000000,37.960000000,535032
2021-07-02T04:00:00Z,38.210000000,38.420000000,38.970000000,38.210000000,405285
2021-07-06T04:00:00Z,39.010000000,38.480000000,39.160000000,38.300000000,1030419
2021-07-07T04:00:00Z,38.520000000,37.430000000,38.770000000,37.300000000,724144
2021-07-08T04:00:00Z,37.400000000,37.540000000,37.720000000,36.430000000,791004
2021-07-09T04:00:00Z,37.550000000,38.110000000,38.110000000,37.230000000,604351
2021-07-12T04:00:00Z,37.880000000,37.050000000,38.320000000,37.010000000,407257
2021-07-13T04:00:00Z,37.260000000,36.500000000,37.260000000,36.360000000,495800
2021-07-14T04:00:00Z,36.310000000,35.120000000,36.880000000,35.050000000,752365
2021-07-15T04:00:00Z,35.390000000,34.590000000,35.400000000,34.300000000,717867
2021-07-16T04:00:00Z,34.800000000,33.940000000,35.390000000,33.880000000,553734
2021-07-19T04:00:00Z,34.240000000,33.670000000,34.240000000,33.040000000,456393
2021-07-20T04:00:00Z,34.050000000,35.230000000,35.690000000,33.760000000,784551
2021-07-21T04:00:00Z,35.150000000,36.420000000,36.420000000,35.000000000,823197
2021-07-22T04:00:00Z,36.460000000,36.280000000,36.790000000,36.180000000,505967
2021-07-23T04:00:00Z,36.580000000,36.390000000,36.710000000,36.240000000,482411
2021-07-26T04:00:00Z,36.010000000,36.820000000,36.970000000,36.000000000,393755
2021-07-27T04:00:00Z,36.970000000,36.190000000,36.980000000,35.880000000,463152
2021-07-28T04:00:00Z,36.030000000,36.490000000,36.940000000,36.000000000,322259
2021-07-29T04:00:00Z,36.760000000,36.430000000,36.810000000,36.280000000,305284
2021-07-30T04:00:00Z,36.040000000,36.020000000,36.520000000,35.880000000,305899
2021-08-02T04:00:00Z,36.130000000,35.990000000,36.600000000,35.920000000,303972
2021-08-03T04:00:00Z,35.880000000,36.230000000,36.480000000,35.620000000,411720
2021-08-04T04:00:00Z,36.230000000,36.250000000,36.650000000,35.080000000,361135
2021-08-05T04:00:00Z,36.120000000,36.780000000,37.000000000,36.090000000,280234
2021-08-06T04:00:00Z,36.950000000,36.610000000,37.360000000,36.460000000,272105
2021-08-09T04:00:00Z,37.060000000,36.260000000,37.060000000,35.960000000,423955
2021-08-10T04:00:00Z,36.070000000,35.680000000,36.440000000,35.510000000,369505
2021-08-11T04:00:00Z,35.370000000,35.900000000,35.940000000,35.300000000,294790
2021-08-12T04:00:00Z,35.770000000,36.910000000,37.020000000,35.260000000,547341
2021-08-13T04:00:00Z,36.730000000,37.830000000,37.980000000,36.560000000,442766
2021-08-16T04:00:00Z,37.990000000,36.620000000,38.000000000,36.370000000,438309
2021-08-17T04:00:00Z,36.640000000,35.680000000,36.650000000,35.540000000,419335
2021-08-18T04:00:00Z,35.870000000,35.810000000,36.380000000,35.810000000,293569
2021-08-19T04:00:00Z,35.410000000,33.100000000,35.460000000,32.630000000,1554763
2021-08-20T04:00:00Z,33.180000000,34.110000000,34.310000000,32.990000000,656771
2021-08-23T04:00:00Z,34.020000000,35.070000000,35.130000000,34.010000000,526848
2021-08-24T04:00:00Z,35.140000000,35.620000000,35.800000000,34.840000000,429020
2021-08-25T04:00:00Z,35.910000000,35.710000000,36.090000000,35.230000000,296252
2021-08-26T04:00:00Z,36.010000000,35.590000000,36.240000000,35.100000000,576032
2021-08-27T04:00:00Z,35.920000000,36.770000000,36.790000000,35.540000000,499645
2021-08-30T04:00:00Z,36.610000000,36.690000000,37.100000000,36.360000000,491082
2021-08-31T04:00:00Z,37.000000000,36.910000000,37.160000000,36.400000000,435115
2021-09-01T04:00:00Z,37.160000000,36.950000000,38.920000000,35.000000000,679493
2021-09-02T04:00:00Z,38.650000000,40.400000000,41.880000000,37.480000000,2085882
2021-09-03T04:00:00Z,40.320000000,43.240000000,43.900000000,39.410000000,1697161
2021-09-07T04:00:00Z,43.880000000,43.950000000,44.490000000,43.340000000,870386
2021-09-08T04:00:00Z,43.540000000,42.960000000,43.960000000,42.800000000,1009946
2021-09-09T04:00:00Z,42.510000000,43.240000000,43.520000000,42.180000000,931869
2021-09-10T04:00:00Z,43.500000000,42.670000000,44.130000000,42.560000000,698772
2021-09-13T04:00:00Z,42.600000000,41.820000000,43.080000000,41.480000000,763553
2021-09-14T04:00:00Z,41.270000000,41.720000000,42.370000000,41.260000000,341201
2021-09-15T04:00:00Z,41.650000000,42.770000000,42.830000000,41.540000000,498531
2021-09-16T04:00:00Z,42.570000000,42.050000000,43.320000000,41.680000000,1067860
2021-09-17T04:00:00Z,42.260000000,41.180000000,42.320000000,40.790000000,1908715
2021-09-20T04:00:00Z,41.080000000,40.570000000,41.080000000,39.760000000,808959
2021-09-21T04:00:00Z,40.700000000,40.040000000,41.010000000,39.650000000,994386
2021-09-22T04:00:00Z,40.170000000,40.200000000,40.740000000,39.890000000,865464
2021-09-23T04:00:00Z,40.100000000,42.500000000,42.670000000,39.900000000,1626344
2021-09-24T04:00:00Z,42.390000000,41.810000000,42.580000000,41.580000000,640101
2021-09-27T04:00:00Z,42.110000000,40.070000000,42.130000000,39.860000000,674904
2021-09-28T04:00:00Z,39.730000000,38.380000000,39.950000000,38.340000000,997694
2021-09-29T04:00:00Z,38.720000000,37.750000000,39.060000000,37.570000000,629020
2021-09-30T04:00:00Z,38.180000000,37.700000000,38.440000000,37.490000000,521299
2021-10-01T04:00:00Z,37.760000000,39.040000000,39.440000000,37.550000000,537959
2021-10-04T04:00:00Z,38.680000000,37.420000000,38.940000000,36.960000000,634459
2021-10-05T04:00:00Z,37.250000000,37.870000000,38.010000000,37.110000000,575847
2021-10-06T04:00:00Z,37.630000000,38.120000000,38.170000000,36.980000000,506346
2021-10-07T04:00:00Z,38.320000000,36.610000000,38.770000000,36.550000000,1463402
2021-10-08T04:00:00Z,36.600000000,35.380000000,36.950000000,35.380000000,654747
2021-10-11T04:00:00Z,35.500000000,34.680000000,37.990000000,34.600000000,742776
2021-10-12T04:00:00Z,34.750000000,35.020000000,35.470000000,34.500000000,639348
2021-10-13T04:00:00Z,34.790000000,35.270000000,35.980000000,34.790000000,545764
2021-10-14T04:00:00Z,35.320000000,35.660000000,36.300000000,35.310000000,565346
2021-10-15T04:00:00Z,36.020000000,35.050000000,36.030000000,34.950000000,661024
2021-10-18T04:00:00Z,35.220000000,35.400000000,35.590000000,34.910000000,533605
2021-10-19T04:00:00Z,35.370000000,36.270000000,36.660000000,35.340000000,435958
2021-10-20T04:00:00Z,36.450000000,36.210000000,36.660000000,35.780000000,371569
2021-10-21T04:00:00Z,35.860000000,36.210000000,36.990000000,35.860000000,665416
2021-10-22T04:00:00Z,36.440000000,35.890000000,37.140000000,35.810000000,447778
2021-10-25T04:00:00Z,35.870000000,35.360000000,36.570000000,35.360000000,499484
2021-10-26T04:00:00Z,35.900000000,34.440000000,35.900000000,34.150000000,758844
2021-10-27T04:00:00Z,34.780000000,34.230000000,34.870000000,33.900000000,415121
2021-10-28T04:00:00Z,34.460000000,34.320000000,34.700000000,33.940000000,430206
2021-10-29T04:00:00Z,33.820000000,34.310000000,34.630000000,33.820000000,502973
2021-11-01T04:00:00Z,34.750000000,35.090000000,35.490000000,34.190000000,561416
2021-11-02T04:00:00Z,34.960000000,35.190000000,35.430000000,34.770000000,548634
2021-11-03T04:00:00Z,35.390000000,36.280000000,36.490000000,35.120000000,659994
2021-11-04T04:00:00Z,36.420000000,35.850000000,36.830000000,35.480000000,493902
2021-11-05T04:00:00Z,36.260000000,35.650000000,36.370000000,35.400000000,484174
2021-11-08T04:00:00Z,35.470000000,35.750000000,36.400000000,35.330000000,555665
2021-11-09T04:00:00Z,35.700000000,35.750000000,36.280000000,35.540000000,410126
2021-11-10T04:00:00Z,35.880000000,34.530000000,35.900000000,33.840000000,658663
2021-11-11T04:00:00Z,34.870000000,34.830000000,35.020000000,34.150000000,416819
2021-11-12T04:00:00Z,34.910000000,34.830000000,35.330000000,34.350000000,358441
2021-11-15T04:00:00Z,34.640000000,34.770000000,35.350000000,34.410000000,342443
2021-11-16T04:00:00Z,34.990000000,35.100000000,35.250000000,34.500000000,352350
2021-11-17T04:00:00Z,35.320000000,35.150000000,36.500000000,35.000000000,705393
2021-11-18T04:00:00Z,35.320000000,34.870000000,36.000000000,34.690000000,874407
2021-11-19T04:00:00Z,35.060000000,34.270000000,35.320000000,33.900000000,704923
2021-11-22T04:00:00Z,34.630000000,33.080000000,34.670000000,31.400000000,1074243
2021-11-23T04:00:00Z,33.280000000,32.580000000,34.300000000,31.750000000,1194023
2021-11-24T04:00:00Z,33.960000000,35.200000000,35.340000000,32.330000000,1302052
2021-11-26T04:00:00Z,34.760000000,34.580000000,35.190000000,33.780000000,967616
2021-11-29T04:00:00Z,34.570000000,34.720000000,35.290000000,34.060000000,775173
2021-11-30T04:00:00Z,34.700000000,33.220000000,35.530000000,32.830000000,1156781
2021-12-01T04:00:00Z,33.690000000,32.040000000,34.250000000,31.550000000,837281
2021-12-02T04:00:00Z,32.000000000,32.880000000,33.050000000,31.590000000,555079
2021-12-03T04:00:00Z,32.910000000,32.260000000,32.960000000,31.470000000,642820
2021-12-06T04:00:00Z,32.630000000,32.600000000,33.000000000,31.500000000,911830
2021-12-07T04:00:00Z,32.930000000,33.870000000,34.530000000,32.920000000,971418
2021-12-08T04:00:00Z,34.460000000,34.250000000,34.640000000,33.490000000,728336
2021-12-09T04:00:00Z,34.590000000,33.200000000,34.590000000,32.970000000,494209
2021-12-10T04:00:00Z,33.460000000,32.830000000,33.890000000,32.830000000,469906
2021-12-13T04:00:00Z,35.990000000,32.420000000,35.990000000,32.350000000,451115
2021-12-14T04:00:00Z,32.350000000,31.700000000,32.360000000,31.060000000,650522
2021-12-15T04:00:00Z,31.500000000,32.500000000,32.590000000,30.880000000,675269
2021-12-16T04:00:00Z,32.620000000,30.500000000,33.180000000,30.350000000,884248
2021-12-17T04:00:00Z,30.580000000,30.630000000,30.990000000,29.200000000,2269479
2021-12-20T04:00:00Z,29.910000000,29.960000000,30.600000000,29.220000000,695963
2021-12-21T04:00:00Z,30.650000000,32.190000000,32.190000000,29.200000000,989394
2021-12-22T04:00:00Z,31.890000000,32.370000000,32.520000000,31.790000000,459478
2021-12-23T04:00:00Z,32.600000000,32.460000000,32.830000000,32.200000000,414151
2021-12-27T04:00:00Z,32.610000000,32.950000000,33.230000000,32.220000000,498718
2021-12-28T04:00:00Z,32.930000000,32.530000000,33.090000000,32.100000000,337828
2021-12-29T04:00:00Z,32.720000000,32.390000000,32.720000000,32.050000000,234385
2021-12-30T04:00:00Z,32.650000000,32.300000000,32.760000000,32.090000000,353907
2021-12-31T04:00:00Z,33.990000000,31.860000000,33.990000000,31.490000000,323248
2022-01-03T04:00:00Z,32.180000000,31.640000000,32.180000000,31.180000000,450004
2022-01-04T04:00:00Z,31.610000000,31.410000000,31.990000000,30.210000000,664075
2022-01-05T04:00:00Z,31.190000000,30.680000000,32.030000000,30.440000000,1468923
2022-01-06T04:00:00Z,30.350000000,31.140000000,31.690000000,30.350000000,644327
2022-01-07T04:00:00Z,31.340000000,30.500000000,31.560000000,30.020000000,588811
2022-01-10T04:00:00Z,31.010000000,30.490000000,31.010000000,29.140000000,632915
2022-01-11T04:00:00Z,30.470000000,31.020000000,31.370000000,29.910000000,539416
2022-01-12T04:00:00Z,31.290000000,31.190000000,31.630000000,30.450000000,387930
2022-01-13T04:00:00Z,30.510000000,29.130000000,30.960000000,29.020000000,606289
2022-01-14T04:00:00Z,29.320000000,29.200000000,29.480000000,28.170000000,560592
2022-01-18T04:00:00Z,28.790000000,28.370000000,29.050000000,28.000000000,523030
2022-01-19T04:00:00Z,28.230000000,27.990000000,29.320000000,27.680000000,482983
2022-01-20T04:00:00Z,28.220000000,27.790000000,28.970000000,27.000000000,409114
2022-01-21T04:00:00Z,27.460000000,26.530000000,27.770000000,26.530000000,543647
2022-01-24T04:00:00Z,26.650000000,27.400000000,27.550000000,24.340000000,1059945
2022-01-25T04:00:00Z,26.920000000,25.280000000,27.190000000,25.110000000,555746
2022-01-26T04:00:00Z,25.780000000,25.500000000,27.030000000,24.920000000,923272
2022-01-27T04:00:00Z,25.100000000,24.820000000,26.130000000,24.490000000,731990
2022-01-28T04:00:00Z,24.850000000,25.870000000,26.230000000,24.160000000,938598
2022-01-31T04:00:00Z,25.890000000,27.110000000,27.490000000,25.870000000,531831
2022-02-01T04:00:00Z,27.530000000,28.030000000,28.390000000,27.000000000,628812
2022-02-02T04:00:00Z,28.370000000,27.200000000,28.510000000,26.980000000,586605
2022-02-03T04:00:00Z,26.690000000,27.400000000,27.650000000,26.190000000,664689
2022-02-04T04:00:00Z,27.610000000,27.100000000,27.610000000,26.160000000,416969
2022-02-07T04:00:00Z,27.390000000,26.860000000,27.920000000,26.650000000,337066
2022-02-08T04:00:00Z,26.930000000,27.000000000,27.510000000,26.550000000,478487
2022-02-09T04:00:00Z,27.380000000,28.040000000,28.110000000,27.370000000,382189
2022-02-10T04:00:00Z,28.260000000,27.220000000,28.470000000,27.050000000,402278
2022-02-11T04:00:00Z,27.270000000,26.120000000,27.940000000,26.120000000,510481
2022-02-14T04:00:00Z,26.150000000,25.970000000,26.840000000,25.650000000,421698
2022-02-15T04:00:00Z,26.120000000,27.220000000,27.990000000,26.120000000,458561
2022-02-16T04:00:00Z,27.420000000,26.890000000,27.770000000,26.460000000,431856
2022-02-17T04:00:00Z,26.730000000,25.400000000,26.990000000,25.270000000,649471
2022-02-18T04:00:00Z,25.710000000,25.480000000,26.020000000,24.780000000,680556
2022-02-22T04:00:00Z,24.760000000,25.270000000,25.490000000,23.510000000,663757
2022-02-23T04:00:00Z,25.200000000,24.760000000,25.690000000,24.490000000,865320
2022-02-24T04:00:00Z,23.050000000,25.180000000,26.960000000,22.190000000,994854
2022-02-25T04:00:00Z,26.610000000,26.230000000,26.770000000,25.860000000,574198
2022-02-28T04:00:00Z,26.010000000,26.510000000,27.220000000,24.090000000,1018679
2022-03-01T04:00:00Z,27.040000000,26.260000000,27.150000000,26.200000000,572314
2022-03-03T04:00:00Z,27.800000000,26.110000000,28.250000000,25.480000000,1138890
2022-03-09T04:00:00Z,23.500000000,23.800000000,24.480000000,23.480000000,547188
2022-03-10T04:00:00Z,23.440000000,23.850000000,23.920000000,23.230000000,620512
2022-03-11T04:00:00Z,24.490000000,22.860000000,24.490000000,22.620000000,391437
